leading_indicators,n_indicators,scaler,model,seq_length,filter_applied,data_type,mse,rmse,mae,r2,mape
"('USM2',)",1,MinMax,LSTM,50,NONE,RAW,0.08293475797505494,0.2879839543708207,0.20937769379498086,-4.0515754838312406,63.30832455724399
"('USM2',)",1,MinMax,GRU,50,NONE,RAW,0.0963806385475404,0.31045231283973457,0.22471264159111662,-4.870567210785097,67.89074979839039
"('USM2',)",1,MinMax,CNN,50,NONE,RAW,0.01181192063953652,0.1086826602523904,0.07614333424844424,0.28053315429472825,29.921016988188658
"('USM2',)",1,MinMax,RNN,50,NONE,RAW,0.01761040835176003,0.1327042137679133,0.09241957319686087,-0.07265408692414943,33.885973204342434
"('USM2',)",1,MinMax,ANN,50,NONE,RAW,0.02570280990609534,0.1603209590356025,0.10123412371474662,-0.5655641561799587,30.913225960785784
"('USM2',)",1,MinMax,RANDOM_FOREST,N/A,NONE,RAW,0.016524860210889423,0.12854905760405022,0.0903241286063955,-0.006533096053350507,34.049139071062925
"('USM2',)",1,MinMax,XGBOOST,N/A,NONE,RAW,0.01673643726138311,0.1293693830138457,0.08807370099285136,-0.019420303628450597,32.22081686507095
"('USM2',)",1,Standard,LSTM,50,NONE,RAW,1.0645227619895596,1.0317571235467966,0.6700430276503649,-0.8711147935750196,800.0146928206476
"('USM2',)",1,Standard,GRU,50,NONE,RAW,2.2988907574821362,1.5162093382782393,1.0516596211686424,-3.0407670542416216,1389.4573876237052
"('USM2',)",1,Standard,CNN,50,NONE,RAW,1.6556137820181742,1.2867065640689699,0.8498960697585353,-1.910077220134891,1177.5570959555519
"('USM2',)",1,Standard,RNN,50,NONE,RAW,0.37181312511659836,0.6097648113138363,0.4172822510349772,0.3464629750605087,107.36494591668126
"('USM2',)",1,Standard,ANN,50,NONE,RAW,1.3342657572129573,1.1551042191997039,0.6831099555071916,-1.3452428506232588,708.1646483994301
"('USM2',)",1,Standard,RANDOM_FOREST,N/A,NONE,RAW,0.5720727051003017,0.7563548803969614,0.5330360604221029,-0.005533878404896386,329.8695824660364
"('USM2',)",1,Standard,XGBOOST,N/A,NONE,RAW,0.5810273994052944,0.762251532897963,0.5172718661232298,-0.02127357095472826,361.91454414155174
"('USPPIYY',)",1,MinMax,LSTM,50,NONE,RAW,0.009196676960548305,0.0958993063611427,0.08299117722849836,0.4398282577662438,37.2879970734568
"('USPPIYY',)",1,MinMax,GRU,50,NONE,RAW,0.007146726345815817,0.08453831288721,0.07334991099598827,0.564691228627775,36.77129259264863
"('USPPIYY',)",1,MinMax,CNN,50,NONE,RAW,0.0026944538492470584,0.0519081289322497,0.04143291870507884,0.8358801865526015,20.881299431919967
"('USPPIYY',)",1,MinMax,RNN,50,NONE,RAW,0.0025756602064638326,0.050750962616130074,0.04081129196570799,0.8431159350876036,18.58472103070337
"('USPPIYY',)",1,MinMax,ANN,50,NONE,RAW,0.0046051560200614005,0.06786129987011301,0.05606921940390747,0.7194988709419381,24.66898424081255
"('USPPIYY',)",1,MinMax,RANDOM_FOREST,N/A,NONE,RAW,0.005289179708855252,0.07272674686011503,0.06268337304603473,0.6778348282529831,30.151346834872932
"('USPPIYY',)",1,MinMax,XGBOOST,N/A,NONE,RAW,0.0049783819864375215,0.07055765009152105,0.059691369766118926,0.696765590135332,28.336474826395648
"('USPPIYY',)",1,Standard,LSTM,50,NONE,RAW,0.21925371096905347,0.4682453533875734,0.40720517914904736,0.6146171065673831,82.29418281761474
"('USPPIYY',)",1,Standard,GRU,50,NONE,RAW,0.1739447946559612,0.4170668947015109,0.3606268904567655,0.6942567221974254,95.16596270096453
"('USPPIYY',)",1,Standard,CNN,50,NONE,RAW,0.22495592296981046,0.4742951854803193,0.4042385080094899,0.604594311741675,133.59276018404316
"('USPPIYY',)",1,Standard,RNN,50,NONE,RAW,0.12012373161058978,0.3465887066979964,0.2898316762551234,0.7888581632055189,136.74762250409856
"('USPPIYY',)",1,Standard,ANN,50,NONE,RAW,0.24491399696643953,0.49488786302195725,0.38866454360436986,0.569513946304901,383.4151464150422
"('USPPIYY',)",1,Standard,RANDOM_FOREST,N/A,NONE,RAW,0.18063175126751424,0.42500794259344643,0.3684549512665156,0.6825030388694272,385.9888046363678
"('USPPIYY',)",1,Standard,XGBOOST,N/A,NONE,RAW,0.17236482371105163,0.41516842812411886,0.3517410363917534,0.6970338417800199,287.18513070402093
"('INDPRO',)",1,MinMax,LSTM,50,NONE,RAW,0.01739201255697141,0.1318787797826906,0.08717481742541167,-0.05935154804102094,30.157182278657103
"('INDPRO',)",1,MinMax,GRU,50,NONE,RAW,0.017254698905770572,0.13135714257614836,0.08988283244236782,-0.05098774146657914,32.5728681739855
"('INDPRO',)",1,MinMax,CNN,50,NONE,RAW,0.017922898217679815,0.13387642890994597,0.09950721873221952,-0.09168791766253426,39.7617377788728
"('INDPRO',)",1,MinMax,RNN,50,NONE,RAW,0.020120153227817565,0.14184552593514385,0.09510093956653809,-0.22552323366207894,33.39786706635151
"('INDPRO',)",1,MinMax,ANN,50,NONE,RAW,0.018121240619045735,0.13461515746395625,0.11232320319582897,-0.10376899966732744,48.52133609490592
"('INDPRO',)",1,MinMax,RANDOM_FOREST,N/A,NONE,RAW,0.02959100454919409,0.17202036085648142,0.14382687884606354,-0.8023950002676614,58.99986912393682
"('INDPRO',)",1,MinMax,XGBOOST,N/A,NONE,RAW,0.027503396317603193,0.16584147948448602,0.12989524271775488,-0.675238295165552,52.353432608913195
"('INDPRO',)",1,Standard,LSTM,50,NONE,RAW,0.5745600066845501,0.7579973658823295,0.5284369993013888,-0.009905815724180478,344.27273114409894
"('INDPRO',)",1,Standard,GRU,50,NONE,RAW,0.5943238506825932,0.770924023936596,0.5333657984145119,-0.044644782520467885,393.7949202517759
"('INDPRO',)",1,Standard,CNN,50,NONE,RAW,0.6317068534139832,0.794799882620766,0.5274826221981239,-0.1103529965075778,436.6288190424855
"('INDPRO',)",1,Standard,RNN,50,NONE,RAW,0.6005181872749235,0.7749310855004614,0.649092390996338,-0.055532586190001565,134.7950714545423
"('INDPRO',)",1,Standard,ANN,50,NONE,RAW,0.6331306948163601,0.7956951016666874,0.5204857745438458,-0.11285568673348956,427.97759052774467
"('INDPRO',)",1,Standard,RANDOM_FOREST,N/A,NONE,RAW,1.026711372237152,1.013267670577302,0.8465038244884451,-0.8046536024595452,566.013147993091
"('INDPRO',)",1,Standard,XGBOOST,N/A,NONE,RAW,0.9535429903384536,0.976495258738338,0.7655315756513,-0.6760453221286227,194.25401505470475
"('UNRATE',)",1,MinMax,LSTM,50,NONE,RAW,0.02658618043423641,0.1630526922017432,0.14469713192938705,-0.6193704614258084,66.37522526908057
"('UNRATE',)",1,MinMax,GRU,50,NONE,RAW,0.02900788316111352,0.1703170078445295,0.14847241924826107,-0.7668769402883768,68.23238997175814
"('UNRATE',)",1,MinMax,CNN,50,NONE,RAW,0.04139930497077702,0.20346819154545268,0.17126905860754868,-1.5216413376516091,75.36162810494308
"('UNRATE',)",1,MinMax,RNN,50,NONE,RAW,0.06825182227421457,0.2612504971750572,0.20959817734507108,-3.1572344400032106,82.58706224175769
"('UNRATE',)",1,MinMax,ANN,50,NONE,RAW,0.07436484325990285,0.2726991808933478,0.2270994496596517,-3.529579976391428,102.66955787789156
"('UNRATE',)",1,MinMax,RANDOM_FOREST,N/A,NONE,RAW,0.04364259935445823,0.2089081122275012,0.1713142258398086,-1.6582809226496003,81.34969144612698
"('UNRATE',)",1,MinMax,XGBOOST,N/A,NONE,RAW,0.05990551126893415,0.2447560239686332,0.19580239673219557,-2.6488586867709296,93.30549936030982
"('UNRATE',)",1,Standard,LSTM,50,NONE,RAW,1.0396437346707181,1.0196292143081809,0.933339813167401,-0.8273848539924802,218.2068277313291
"('UNRATE',)",1,Standard,GRU,50,NONE,RAW,1.1730695924959837,1.0830833728277725,0.9748708935146186,-1.0619078772068398,168.74897930419127
"('UNRATE',)",1,Standard,CNN,50,NONE,RAW,1.1064361829015108,1.0518727028027255,0.8668211713822356,-0.9447861369393598,632.8776933551038
"('UNRATE',)",1,Standard,RNN,50,NONE,RAW,1.3211013682897705,1.1493917383946044,1.019106658097367,-1.3221037654462418,302.9395788434532
"('UNRATE',)",1,Standard,ANN,50,NONE,RAW,1.2315462048788597,1.1097505147008762,0.9267588673904059,-1.1646923909952114,237.31910173449342
"('UNRATE',)",1,Standard,RANDOM_FOREST,N/A,NONE,RAW,1.4425338140983561,1.2010552918572717,0.989680014029653,-1.5355459330404657,1228.6821423597617
"('UNRATE',)",1,Standard,XGBOOST,N/A,NONE,RAW,2.0339541460202484,1.4261676430280728,1.1473065389573183,-2.575087192084914,1432.5927965817177
"('USOIL',)",1,MinMax,LSTM,50,NONE,RAW,0.03612387519062539,0.1900628190641857,0.14388328297999012,-1.2003136772742469,58.884863865583405
"('USOIL',)",1,MinMax,GRU,50,NONE,RAW,0.08636388313669886,0.2938773266801964,0.27015985885274835,-4.260444298553766,128.43223021181734
"('USOIL',)",1,MinMax,CNN,50,NONE,RAW,0.03604315423345778,0.18985034694057787,0.1649937322332526,-1.195396944914795,78.5080188070608
"('USOIL',)",1,MinMax,RNN,50,NONE,RAW,0.04850137259089136,0.22023027174049292,0.19379142619111558,-1.9542299356079957,89.01440295198987
"('USOIL',)",1,MinMax,ANN,50,NONE,RAW,0.040881055848937725,0.20219064233771483,0.1784259888419924,-1.4900746625648154,79.4970580455204
"('USOIL',)",1,MinMax,RANDOM_FOREST,N/A,NONE,RAW,0.01385783495891067,0.11771930580372393,0.09429242435529217,0.15591603512644991,34.44342191921436
"('USOIL',)",1,MinMax,XGBOOST,N/A,NONE,RAW,0.014988961773104829,0.12242941547318123,0.09853590995948515,0.08701883661523002,37.71717253346573
"('USOIL',)",1,Standard,LSTM,50,NONE,RAW,0.6136783530327993,0.7833762525330975,0.6821256641094995,-0.07866424829691532,166.28395654630367
"('USOIL',)",1,Standard,GRU,50,NONE,RAW,0.9448257846366,0.9720214939169812,0.907266816574396,-0.660723063995889,254.5823257873677
"('USOIL',)",1,Standard,CNN,50,NONE,RAW,3.7396245049144876,1.9338108762013124,1.6762141279212426,-5.573149004802382,1902.8097276130557
"('USOIL',)",1,Standard,RNN,50,NONE,RAW,1.3416507670869957,1.158296493600406,1.0315367825371453,-1.358223504226368,661.1722149072291
"('USOIL',)",1,Standard,ANN,50,NONE,RAW,1.0420723727789316,1.020819461402912,0.8285035298336312,-0.8316536783471851,670.7295984370435
"('USOIL',)",1,Standard,RANDOM_FOREST,N/A,NONE,RAW,0.4845073273233102,0.6960656056172508,0.5560251025957161,0.14838004397783722,711.2411112730783
"('USOIL',)",1,Standard,XGBOOST,N/A,NONE,RAW,0.514952126020091,0.7176016485628297,0.5763927426074746,0.09486713165410932,867.020157448058
"('USM2', 'USPPIYY')",2,MinMax,LSTM,50,NONE,RAW,0.028693606013688644,0.16939187115587526,0.13401968008872692,-0.7477342458159646,44.25081889546963
"('USM2', 'USPPIYY')",2,MinMax,GRU,50,NONE,RAW,0.03188231903230959,0.1785562069274255,0.14184675933273017,-0.9419595007408545,47.19942990500671
"('USM2', 'USPPIYY')",2,MinMax,CNN,50,NONE,RAW,0.011553329724674752,0.10748641646587141,0.07551877289962644,0.29628398733206707,23.847720983317082
"('USM2', 'USPPIYY')",2,MinMax,RNN,50,NONE,RAW,0.0030398136068351313,0.05513450468477187,0.04280933432124778,0.8148442430334977,16.752679591223117
"('USM2', 'USPPIYY')",2,MinMax,ANN,50,NONE,RAW,0.010128969566677793,0.10064278198995591,0.07273992254396852,0.3830420973207357,28.15983040622677
"('USM2', 'USPPIYY')",2,MinMax,RANDOM_FOREST,N/A,NONE,RAW,0.00489259668769574,0.06994709920858577,0.05374744086864797,0.7019907927232201,19.827175657108896
"('USM2', 'USPPIYY')",2,MinMax,XGBOOST,N/A,NONE,RAW,0.0066982123577078315,0.08184260722696847,0.06098055587967412,0.5920103204271765,21.36252675419465
"('USM2', 'USPPIYY')",2,Standard,LSTM,50,NONE,RAW,0.602985135614366,0.7765211752517545,0.543720261368948,-0.05986874855095392,690.6653418591654
"('USM2', 'USPPIYY')",2,Standard,GRU,50,NONE,RAW,0.36086179938686647,0.6007177368672133,0.41061954215619867,0.3657121525453214,653.5405111281272
"('USM2', 'USPPIYY')",2,Standard,CNN,50,NONE,RAW,3.4543246452302605,1.8585813528684345,1.5352078478473168,-5.071676601279206,2069.583508290761
"('USM2', 'USPPIYY')",2,Standard,RNN,50,NONE,RAW,0.18237056453260056,0.4270486676394162,0.3701469391605466,0.6794467216728961,353.71136899497964
"('USM2', 'USPPIYY')",2,Standard,ANN,50,NONE,RAW,8.967574922435157,2.994590944091556,2.7148678060713562,-14.762332849041837,3322.190586051128
"('USM2', 'USPPIYY')",2,Standard,RANDOM_FOREST,N/A,NONE,RAW,0.16911139426978655,0.41123155796921346,0.3158962012652871,0.7027524042896898,563.8463475843783
"('USM2', 'USPPIYY')",2,Standard,XGBOOST,N/A,NONE,RAW,0.23716766551588114,0.4869986298911745,0.3719130644891623,0.5831296959070852,764.9255006427891
"('USM2', 'INDPRO')",2,MinMax,LSTM,50,NONE,RAW,0.03348014534937024,0.1829758053660927,0.14130680802565673,-1.0392834750039937,53.43904559170317
"('USM2', 'INDPRO')",2,MinMax,GRU,50,NONE,RAW,0.06692760222842649,0.25870369581516706,0.175129217030399,-3.076575887644343,51.8840372155229
"('USM2', 'INDPRO')",2,MinMax,CNN,50,NONE,RAW,0.06534336207232733,0.2556234771540504,0.20153116872882237,-2.9800794496194247,64.09493990458944
"('USM2', 'INDPRO')",2,MinMax,RNN,50,NONE,RAW,0.10945363333888299,0.330837774957581,0.2879810028308328,-5.666846377694379,100.7611939473999
"('USM2', 'INDPRO')",2,MinMax,ANN,50,NONE,RAW,0.01616179970291272,0.1271290671047055,0.07979014854280195,0.015581004307249513,25.532620448011617
"('USM2', 'INDPRO')",2,MinMax,RANDOM_FOREST,N/A,NONE,RAW,0.030193883708550088,0.17376387342756286,0.14573783525801476,-0.8391165107112268,60.37318579870261
"('USM2', 'INDPRO')",2,MinMax,XGBOOST,N/A,NONE,RAW,0.02667355805465671,0.16332041530273156,0.12455963384669926,-0.6246926526991399,49.86155653484946
"('USM2', 'INDPRO')",2,Standard,LSTM,50,NONE,RAW,0.5864225943099517,0.7657823413411619,0.5029997304802937,-0.030756720926512493,374.8442531937239
"('USM2', 'INDPRO')",2,Standard,GRU,50,NONE,RAW,1.377573393244271,1.1737007255873497,0.7747555167936138,-1.4213648100086127,983.0516630483908
"('USM2', 'INDPRO')",2,Standard,CNN,50,NONE,RAW,1.8649016037836714,1.3656140024852086,0.9244873915780126,-2.2779430407666856,1390.8523165868778
"('USM2', 'INDPRO')",2,Standard,RNN,50,NONE,RAW,1.6581411136138446,1.2876882827819178,0.9032234457296309,-1.9145195183231327,1085.745494040389
"('USM2', 'INDPRO')",2,Standard,ANN,50,NONE,RAW,1.1372382693055327,1.0664137420839683,0.6673342187299454,-0.9989270549182527,900.2355204940462
"('USM2', 'INDPRO')",2,Standard,RANDOM_FOREST,N/A,NONE,RAW,1.0864807085518928,1.0423438533189961,0.8745458361738733,-0.9097103409097929,573.3786053554381
"('USM2', 'INDPRO')",2,Standard,XGBOOST,N/A,NONE,RAW,0.9183953544214086,0.95832946027001,0.7315151728480392,-0.6142662189738359,152.0231502182676
"('USM2', 'UNRATE')",2,MinMax,LSTM,50,NONE,RAW,0.09898125213253392,0.3146128607233562,0.23471897373162018,-5.028971191813451,73.15624784751378
"('USM2', 'UNRATE')",2,MinMax,GRU,50,NONE,RAW,0.15277804149718485,0.39086831733613925,0.2932209510070127,-8.305746200248915,91.20422972820963
"('USM2', 'UNRATE')",2,MinMax,CNN,50,NONE,RAW,0.054114669502220006,0.2326255994129193,0.20525574731659973,-2.296137161879306,86.45515709750026
"('USM2', 'UNRATE')",2,MinMax,RNN,50,NONE,RAW,0.2568394383611714,0.5067932895778824,0.4128752970058468,-14.644150194500149,139.40712488272857
"('USM2', 'UNRATE')",2,MinMax,ANN,50,NONE,RAW,0.013165368352828145,0.11474043904756573,0.09778264688595936,0.19809433787992814,42.70494302381246
"('USM2', 'UNRATE')",2,MinMax,RANDOM_FOREST,N/A,NONE,RAW,0.02239558825927044,0.1496515561538551,0.1003867971154024,-0.3641205130246765,35.34034567333051
"('USM2', 'UNRATE')",2,MinMax,XGBOOST,N/A,NONE,RAW,0.020180825784581892,0.14205923336616277,0.10299281926045702,-0.2292188132691746,38.63762769504778
"('USM2', 'UNRATE')",2,Standard,LSTM,50,NONE,RAW,1.0139388068429434,1.0069452849300915,0.7024407909720386,-0.7822032266532624,806.6790570183684
"('USM2', 'UNRATE')",2,Standard,GRU,50,NONE,RAW,2.326856737130446,1.5254037947804004,1.0683879445430189,-3.0899229390241807,1439.248805358694
"('USM2', 'UNRATE')",2,Standard,CNN,50,NONE,RAW,5.94782989586374,2.4388173149835843,1.9348847841483423,-9.45451812323724,2516.014697183717
"('USM2', 'UNRATE')",2,Standard,RNN,50,NONE,RAW,0.7942193847540802,0.8911898702039203,0.6168479666733367,-0.39600175141392113,378.5993253072962
"('USM2', 'UNRATE')",2,Standard,ANN,50,NONE,RAW,2.0209999365713402,1.421618773290273,1.0085727242140785,-2.552317539988777,770.9172971367485
"('USM2', 'UNRATE')",2,Standard,RANDOM_FOREST,N/A,NONE,RAW,0.7608974430027898,0.8722943557095791,0.5834363696456147,-0.33743167627061865,214.10554173000835
"('USM2', 'UNRATE')",2,Standard,XGBOOST,N/A,NONE,RAW,0.697421592298157,0.8351177116419919,0.6074287958507848,-0.22585998656224704,291.3207341271435
"('USM2', 'USOIL')",2,MinMax,LSTM,50,NONE,RAW,0.2953799462912715,0.5434886809228611,0.44523407301298074,-16.991661536519814,153.1778722469037
"('USM2', 'USOIL')",2,MinMax,GRU,50,NONE,RAW,0.42957922884018535,0.655422938902954,0.5714554397934163,-25.165771188780912,207.72528228030035
"('USM2', 'USOIL')",2,MinMax,CNN,50,NONE,RAW,0.02821777759219383,0.16798147990833345,0.12283877373197608,-0.7187514254976575,38.055421094296925
"('USM2', 'USOIL')",2,MinMax,RNN,50,NONE,RAW,0.23838308002725722,0.4882448975946981,0.45436340882544723,-13.51996909652856,181.601423544563
"('USM2', 'USOIL')",2,MinMax,ANN,50,NONE,RAW,0.037497342485716366,0.1936423055164247,0.14437330260835082,-1.2839718910935054,48.89600593007607
"('USM2', 'USOIL')",2,MinMax,RANDOM_FOREST,N/A,NONE,RAW,0.011605453084781189,0.10772860847881212,0.07677903567306177,0.2931091412907031,25.935621241665203
"('USM2', 'USOIL')",2,MinMax,XGBOOST,N/A,NONE,RAW,0.014196891439311096,0.11915070893331309,0.09329077856235579,0.13526402569344398,36.02460878858489
"('USM2', 'USOIL')",2,Standard,LSTM,50,NONE,RAW,1.1447669669505698,1.069937833217692,0.7802621418542875,-1.01216026893958,808.9620721021876
"('USM2', 'USOIL')",2,Standard,GRU,50,NONE,RAW,1.001816321719647,1.000907748855831,0.7053243737419932,-0.7608954988535297,703.3062619104318
"('USM2', 'USOIL')",2,Standard,CNN,50,NONE,RAW,2.709565737852953,1.646075860297135,1.319912485984033,-3.7626116766025497,1578.636639206322
"('USM2', 'USOIL')",2,Standard,RNN,50,NONE,RAW,0.72054823376303,0.8488511257947592,0.6716704329013446,-0.26650975236880825,335.9122599922086
"('USM2', 'USOIL')",2,Standard,ANN,50,NONE,RAW,0.6961988308647138,0.8343853012036548,0.7358656462980928,-0.22371073518987372,681.0512290374921
"('USM2', 'USOIL')",2,Standard,RANDOM_FOREST,N/A,NONE,RAW,0.4061745470869622,0.6373182463157337,0.44958505955838907,0.2860658024750605,688.4596565805122
"('USM2', 'USOIL')",2,Standard,XGBOOST,N/A,NONE,RAW,0.4963118510283111,0.7044940390296508,0.5529366343576758,0.12763119789938127,664.3651183699712
"('USPPIYY', 'INDPRO')",2,MinMax,LSTM,50,NONE,RAW,0.0060125909397179406,0.07754089849697346,0.05452539348039712,0.6337716811747305,19.55369222068639
"('USPPIYY', 'INDPRO')",2,MinMax,GRU,50,NONE,RAW,0.003439260900685097,0.05864521208662389,0.0438502137082953,0.7905138150445217,16.323847537897716
"('USPPIYY', 'INDPRO')",2,MinMax,CNN,50,NONE,RAW,0.009301604082441442,0.0964448240313675,0.06696144035463557,0.43343712225821274,24.189450531556417
"('USPPIYY', 'INDPRO')",2,MinMax,RNN,50,NONE,RAW,0.003004624306363403,0.05481445344399051,0.042361700835267045,0.8169876315463045,16.654559905342577
"('USPPIYY', 'INDPRO')",2,MinMax,ANN,50,NONE,RAW,0.006779028692863788,0.082334857095059,0.059955521981555605,0.5870877785721715,24.675962911370657
"('USPPIYY', 'INDPRO')",2,MinMax,RANDOM_FOREST,N/A,NONE,RAW,0.009041119657151441,0.09508480245103021,0.07016542456048697,0.44930328945810516,25.767132186904977
"('USPPIYY', 'INDPRO')",2,MinMax,XGBOOST,N/A,NONE,RAW,0.008236696030418813,0.0907562451317749,0.07509039746296697,0.4983009204952562,30.43357947192166
"('USPPIYY', 'INDPRO')",2,Standard,LSTM,50,NONE,RAW,0.13078789655427628,0.36164609296144246,0.2546523859991303,0.7701137290799746,292.5965931587307
"('USPPIYY', 'INDPRO')",2,Standard,GRU,50,NONE,RAW,0.13292815548518308,0.36459313691453804,0.2805769231133262,0.7663517896544463,491.0760627857621
"('USPPIYY', 'INDPRO')",2,Standard,CNN,50,NONE,RAW,0.34678765820280066,0.5888867957449893,0.4320152249209274,0.39045031195034063,289.87183406530977
"('USPPIYY', 'INDPRO')",2,Standard,RNN,50,NONE,RAW,0.07887375487813826,0.2808447166640994,0.24001913472436226,0.86136336878183,123.90336841148685
"('USPPIYY', 'INDPRO')",2,Standard,ANN,50,NONE,RAW,0.20225937504170163,0.4497325594636235,0.3185185972507006,0.6444881008721186,104.54711053709367
"('USPPIYY', 'INDPRO')",2,Standard,RANDOM_FOREST,N/A,NONE,RAW,0.3125980972912139,0.5591047283749386,0.41168554309239613,0.45054540384667685,575.3751274045683
"('USPPIYY', 'INDPRO')",2,Standard,XGBOOST,N/A,NONE,RAW,0.30627958715270903,0.5534253221101372,0.4592124095191146,0.46165146772399035,424.4659123398247
"('USPPIYY', 'UNRATE')",2,MinMax,LSTM,50,NONE,RAW,0.007065952316831885,0.08405921910672193,0.06546031611109795,0.5696111936039582,27.624129381511604
"('USPPIYY', 'UNRATE')",2,MinMax,GRU,50,NONE,RAW,0.006745770724315115,0.08213264104066735,0.072012206055183,0.5891135292063392,35.680867266860425
"('USPPIYY', 'UNRATE')",2,MinMax,CNN,50,NONE,RAW,0.010615410909262525,0.10303111621865758,0.0845535089624359,0.35341284149940577,39.746288158823326
"('USPPIYY', 'UNRATE')",2,MinMax,RNN,50,NONE,RAW,0.00423570557391558,0.06508229846828997,0.05039685818587603,0.7420021839292634,21.251849538120815
"('USPPIYY', 'UNRATE')",2,MinMax,ANN,50,NONE,RAW,0.006450454536537503,0.08031472179206937,0.05890919413734524,0.6071013071968964,23.673277445023064
"('USPPIYY', 'UNRATE')",2,MinMax,RANDOM_FOREST,N/A,NONE,RAW,0.006755939507344949,0.08219452236825121,0.068743960448415,0.5884941462563176,33.785768089995656
"('USPPIYY', 'UNRATE')",2,MinMax,XGBOOST,N/A,NONE,RAW,0.007073241370327818,0.08410256458829195,0.07170575316474141,0.5691672156526213,33.8603683722605
"('USPPIYY', 'UNRATE')",2,Standard,LSTM,50,NONE,RAW,0.6037422882737384,0.7770085509656496,0.6335271352257221,-0.06119959801000996,777.0957651738893
"('USPPIYY', 'UNRATE')",2,Standard,GRU,50,NONE,RAW,0.20361517044128558,0.4512373770437081,0.3881690574003402,0.642105015305699,90.6853930558385
"('USPPIYY', 'UNRATE')",2,Standard,CNN,50,NONE,RAW,0.7941402860657225,0.8911454909641424,0.7172139829679489,-0.39586271941646367,942.8416914550567
"('USPPIYY', 'UNRATE')",2,Standard,RNN,50,NONE,RAW,0.18580590515845807,0.43105209100346337,0.34073903868782485,0.6734084133383729,80.26086813478857
"('USPPIYY', 'UNRATE')",2,Standard,ANN,50,NONE,RAW,0.7683584364795145,0.8765605720539309,0.7302052158570617,-0.35054588647592677,871.9795595175017
"('USPPIYY', 'UNRATE')",2,Standard,RANDOM_FOREST,N/A,NONE,RAW,0.22561245942572036,0.4749867992120627,0.397450328182969,0.6034403156797417,329.40882276749375
"('USPPIYY', 'UNRATE')",2,Standard,XGBOOST,N/A,NONE,RAW,0.2506791439224244,0.5006786833113872,0.4278451941494948,0.559380530523057,310.6301802386074
"('USPPIYY', 'USOIL')",2,MinMax,LSTM,50,NONE,RAW,0.004533401572948208,0.06733053967515935,0.05625618659570938,0.7238694510791814,24.441173127160816
"('USPPIYY', 'USOIL')",2,MinMax,GRU,50,NONE,RAW,0.005411044074572312,0.07355979931030476,0.06484239171958218,0.670412041266686,29.760382964852578
"('USPPIYY', 'USOIL')",2,MinMax,CNN,50,NONE,RAW,0.00925437641563386,0.09619966951935885,0.08255070414142181,0.4363137704769907,34.30179519783688
"('USPPIYY', 'USOIL')",2,MinMax,RNN,50,NONE,RAW,0.002681918369419747,0.051787241376807736,0.043341972740027705,0.8366437255574751,18.844017775114605
"('USPPIYY', 'USOIL')",2,MinMax,ANN,50,NONE,RAW,0.0185760829999843,0.13629410478808063,0.1104212171880597,-0.1314735553525055,53.315454079180626
"('USPPIYY', 'USOIL')",2,MinMax,RANDOM_FOREST,N/A,NONE,RAW,0.0035932169041725044,0.059943447549940805,0.044754714212521154,0.7811363189042478,16.018588600154267
"('USPPIYY', 'USOIL')",2,MinMax,XGBOOST,N/A,NONE,RAW,0.0054932156470549765,0.07411623065870913,0.05155775377748379,0.6654069515894949,18.383681706870025
"('USPPIYY', 'USOIL')",2,Standard,LSTM,50,NONE,RAW,0.15645388032470248,0.3955425139282786,0.3336863003647477,0.725000553825041,136.7734397641856
"('USPPIYY', 'USOIL')",2,Standard,GRU,50,NONE,RAW,0.25855774465738635,0.5084857369262056,0.43592680015649726,0.5455322908101679,182.4565065204322
"('USPPIYY', 'USOIL')",2,Standard,CNN,50,NONE,RAW,0.17477086894392166,0.4180560595708686,0.3325722165955546,0.6928047289888386,387.15958122009573
"('USPPIYY', 'USOIL')",2,Standard,RNN,50,NONE,RAW,0.11798418817937661,0.3434882649805909,0.2729460143311863,0.7926188449951287,248.71092227462276
"('USPPIYY', 'USOIL')",2,Standard,ANN,50,NONE,RAW,0.1473865040822079,0.383909499859287,0.3098420487872067,0.7409383077482481,456.91189252896993
"('USPPIYY', 'USOIL')",2,Standard,RANDOM_FOREST,N/A,NONE,RAW,0.12958619411632172,0.35998082465087183,0.27040477964055165,0.7722259649939625,404.6876725281223
"('USPPIYY', 'USOIL')",2,Standard,XGBOOST,N/A,NONE,RAW,0.19056201059469857,0.4365340886972042,0.30254759340780757,0.6650485928072272,679.9828749341204
"('INDPRO', 'UNRATE')",2,MinMax,LSTM,50,NONE,RAW,0.01637968233568766,0.12798313301247027,0.09189629359862996,0.002309722242260892,35.663216020209084
"('INDPRO', 'UNRATE')",2,MinMax,GRU,50,NONE,RAW,0.025954550410111094,0.1611041601266432,0.11378596701025764,-0.5808977290922446,39.73999244894802
"('INDPRO', 'UNRATE')",2,MinMax,CNN,50,NONE,RAW,0.022479280372330622,0.14993091866700017,0.1033269619088045,-0.36921821918367925,36.77645370402033
"('INDPRO', 'UNRATE')",2,MinMax,RNN,50,NONE,RAW,0.028559590630730457,0.16899583021699222,0.10794933745717296,-0.7395713375307382,36.908097880267015
"('INDPRO', 'UNRATE')",2,MinMax,ANN,50,NONE,RAW,0.018985283005289677,0.13778709302866388,0.09886824620341028,-0.15639802327470043,36.73424595524371
"('INDPRO', 'UNRATE')",2,MinMax,RANDOM_FOREST,N/A,NONE,RAW,0.02536888332872732,0.1592761229083861,0.12921703528168527,-0.5452246103391261,51.70521269345084
"('INDPRO', 'UNRATE')",2,MinMax,XGBOOST,N/A,NONE,RAW,0.02305858532273798,0.15185053612924118,0.11822216644056469,-0.4045038190526764,46.205152221177144
"('INDPRO', 'UNRATE')",2,Standard,LSTM,50,NONE,RAW,0.5784026209361979,0.7605278567785653,0.5226675627107075,-0.016659990110102108,306.31037663513865
"('INDPRO', 'UNRATE')",2,Standard,GRU,50,NONE,RAW,0.6525944766340256,0.8078331985218394,0.4905823025384124,-0.14706723335169847,238.20695383236213
"('INDPRO', 'UNRATE')",2,Standard,CNN,50,NONE,RAW,1.3678519183731543,1.1695520161040955,0.9816973428090473,-1.404277344999675,877.792787868594
"('INDPRO', 'UNRATE')",2,Standard,RNN,50,NONE,RAW,1.2957239520084207,1.138298709482015,0.8697408131169263,-1.2774978061166373,334.5766741759301
"('INDPRO', 'UNRATE')",2,Standard,ANN,50,NONE,RAW,0.8670236751230044,0.9311410608081916,0.8123742574120859,-0.5239700669907763,788.0415607276196
"('INDPRO', 'UNRATE')",2,Standard,RANDOM_FOREST,N/A,NONE,RAW,0.8765974616236516,0.9362678364782439,0.7596475236416226,-0.5407979397160243,528.4263750699006
"('INDPRO', 'UNRATE')",2,Standard,XGBOOST,N/A,NONE,RAW,0.7867461528174029,0.8869871209986101,0.6863251476060828,-0.3828660296315143,224.25402696179657
"('INDPRO', 'USOIL')",2,MinMax,LSTM,50,NONE,RAW,0.014554110518946584,0.12064041826413975,0.09518226154392113,0.11350572809780679,32.4872138777461
"('INDPRO', 'USOIL')",2,MinMax,GRU,50,NONE,RAW,0.059363389099385586,0.24364603238999313,0.20694041435560323,-2.6158378987708417,99.72072929070669
"('INDPRO', 'USOIL')",2,MinMax,CNN,50,NONE,RAW,0.015132101869725386,0.12301260858028085,0.09767641589932213,0.07830013988907403,35.24465206457618
"('INDPRO', 'USOIL')",2,MinMax,RNN,50,NONE,RAW,0.024943936848465964,0.15793649625234177,0.14193872782939793,-0.5193410209486042,66.36375901917305
"('INDPRO', 'USOIL')",2,MinMax,ANN,50,NONE,RAW,0.0182060237579015,0.13492969931746496,0.1006587052945006,-0.10893316046242929,37.16177690687116
"('INDPRO', 'USOIL')",2,MinMax,RANDOM_FOREST,N/A,NONE,RAW,0.02624776287697464,0.16201161340155415,0.13179297061454553,-0.5987573689504457,53.06471571097593
"('INDPRO', 'USOIL')",2,MinMax,XGBOOST,N/A,NONE,RAW,0.023507222401467978,0.15332065223402871,0.10898289072329799,-0.4318304083306215,39.717014141005095
"('INDPRO', 'USOIL')",2,Standard,LSTM,50,NONE,RAW,0.6287023359548719,0.7929075204302655,0.5144028499877492,-0.10507194732194014,456.1930991824571
"('INDPRO', 'USOIL')",2,Standard,GRU,50,NONE,RAW,0.5930315433110399,0.7700854129971817,0.6446607773496738,-0.042373290047878376,140.810406774991
"('INDPRO', 'USOIL')",2,Standard,CNN,50,NONE,RAW,0.5315352152930954,0.7290646166788616,0.5702145079275067,0.06571898680476662,495.0477615528447
"('INDPRO', 'USOIL')",2,Standard,RNN,50,NONE,RAW,0.7660421851305632,0.8752383590374472,0.7022548753483667,-0.34647460465893576,219.0277046736517
"('INDPRO', 'USOIL')",2,Standard,ANN,50,NONE,RAW,1.0958027209814132,1.0468059614758665,0.9339718237836949,-0.9260956696087923,385.4104043068504
"('INDPRO', 'USOIL')",2,Standard,RANDOM_FOREST,N/A,NONE,RAW,0.859392610616403,0.9270343092984223,0.7487752463334544,-0.5105569224354256,572.2671488003195
"('INDPRO', 'USOIL')",2,Standard,XGBOOST,N/A,NONE,RAW,0.8346461562697933,0.9135897089338262,0.6534584958371182,-0.4670600067565813,147.9451657580279
"('UNRATE', 'USOIL')",2,MinMax,LSTM,50,NONE,RAW,0.027349909871802847,0.1653780815942755,0.1400481152559394,-0.6658893998936972,56.80924377791441
"('UNRATE', 'USOIL')",2,MinMax,GRU,50,NONE,RAW,0.05261150195788045,0.229371972912735,0.19939924851570118,-2.2045788755771927,96.53676460657745
"('UNRATE', 'USOIL')",2,MinMax,CNN,50,NONE,RAW,0.026523623741184044,0.1628607495413921,0.12844959059477243,-0.6155601186372281,48.58534696531459
"('UNRATE', 'USOIL')",2,MinMax,RNN,50,NONE,RAW,0.05811058739682937,0.24106137682513426,0.19947248480570284,-2.5395294543832843,79.48194986931976
"('UNRATE', 'USOIL')",2,MinMax,ANN,50,NONE,RAW,0.0133135071288927,0.11538417191665719,0.0885510921911193,0.18907117042102561,35.17652876733833
"('UNRATE', 'USOIL')",2,MinMax,RANDOM_FOREST,N/A,NONE,RAW,0.019389171357437594,0.13924500478450777,0.09889554219582901,-0.18099895716214331,34.98407390659472
"('UNRATE', 'USOIL')",2,MinMax,XGBOOST,N/A,NONE,RAW,0.020790575903673367,0.14418937514142077,0.10935133778240001,-0.2663588354754507,41.51239743922529
"('UNRATE', 'USOIL')",2,Standard,LSTM,50,NONE,RAW,0.6965728041934807,0.8346093722176146,0.6834682372453434,-0.22436806921113073,406.0607681959291
"('UNRATE', 'USOIL')",2,Standard,GRU,50,NONE,RAW,0.9722410957580842,0.986022867766303,0.7899481832152516,-0.7089110370872278,470.0279430008206
"('UNRATE', 'USOIL')",2,Standard,CNN,50,NONE,RAW,0.7924442338958979,0.8901933688226945,0.7498465297898732,-0.39288156352299763,646.8440187763096
"('UNRATE', 'USOIL')",2,Standard,RNN,50,NONE,RAW,0.7718566440237622,0.878553722901316,0.6785035658569423,-0.35669469617803595,205.425321601957
"('UNRATE', 'USOIL')",2,Standard,ANN,50,NONE,RAW,0.7737098414850878,0.87960777707174,0.6974984213781483,-0.3599520668131375,334.1677433464555
"('UNRATE', 'USOIL')",2,Standard,RANDOM_FOREST,N/A,NONE,RAW,0.6738854780571502,0.820905279589034,0.5806822598315505,-0.18449048925125244,598.5580810227383
"('UNRATE', 'USOIL')",2,Standard,XGBOOST,N/A,NONE,RAW,0.7269154339852407,0.8525933579293477,0.6440613243789002,-0.27770139894963486,891.7351022929397
"('USM2', 'USPPIYY', 'INDPRO')",3,MinMax,LSTM,50,NONE,RAW,0.005956404832029767,0.07717774829592897,0.054992771540914163,0.6371939901204544,21.233778226361665
"('USM2', 'USPPIYY', 'INDPRO')",3,MinMax,GRU,50,NONE,RAW,0.016883365846149394,0.1299360067346592,0.10294684204454674,-0.028369758052645633,34.5429287590858
"('USM2', 'USPPIYY', 'INDPRO')",3,MinMax,CNN,50,NONE,RAW,0.021102227267680997,0.14526605683256152,0.10476356215725752,-0.28534159286647176,32.71777356239264
"('USM2', 'USPPIYY', 'INDPRO')",3,MinMax,RNN,50,NONE,RAW,0.03472044633283336,0.18633423285277817,0.14611447513740689,-1.1148304976711199,48.165388675859276
"('USM2', 'USPPIYY', 'INDPRO')",3,MinMax,ANN,50,NONE,RAW,0.017227719885985805,0.1312544090154148,0.09088863759580335,-0.04934444306853569,28.18206865784167
"('USM2', 'USPPIYY', 'INDPRO')",3,MinMax,RANDOM_FOREST,N/A,NONE,RAW,0.008834930437167248,0.09399431066382288,0.06833741810908359,0.4618623230181442,24.6552417669642
"('USM2', 'USPPIYY', 'INDPRO')",3,MinMax,XGBOOST,N/A,NONE,RAW,0.007682104946004502,0.08764761802812727,0.0714844122403466,0.5320811930128582,28.727905406181286
"('USM2', 'USPPIYY', 'INDPRO')",3,Standard,LSTM,50,NONE,RAW,0.1961068418261274,0.4428395215268477,0.3188085105291032,0.655302426623225,199.89689069325834
"('USM2', 'USPPIYY', 'INDPRO')",3,Standard,GRU,50,NONE,RAW,0.3344997766969729,0.5783595565882637,0.46867316982222423,0.41204875745871083,660.7186275135655
"('USM2', 'USPPIYY', 'INDPRO')",3,Standard,CNN,50,NONE,RAW,0.48105665587035656,0.6935824795007127,0.5696033040464322,0.15444529935229379,135.26109963835177
"('USM2', 'USPPIYY', 'INDPRO')",3,Standard,RNN,50,NONE,RAW,0.3586388182737492,0.5988646076315992,0.4390342138407769,0.3696194929941229,805.4430516735453
"('USM2', 'USPPIYY', 'INDPRO')",3,Standard,ANN,50,NONE,RAW,0.4991469792572941,0.7065033469540637,0.4744332252450643,0.12264788466236054,199.7341263956066
"('USM2', 'USPPIYY', 'INDPRO')",3,Standard,RANDOM_FOREST,N/A,NONE,RAW,0.3239053189128237,0.569126803895954,0.41807712105403505,0.4306706671046616,591.150624457948
"('USM2', 'USPPIYY', 'INDPRO')",3,Standard,XGBOOST,N/A,NONE,RAW,0.26908867594887426,0.5187375790791277,0.42533569446136194,0.5270220418674418,275.8892264328181
"('USM2', 'USPPIYY', 'UNRATE')",3,MinMax,LSTM,50,NONE,RAW,0.015598317346903928,0.12489322378297363,0.0987017485418709,0.049902846254887834,35.69867791604956
"('USM2', 'USPPIYY', 'UNRATE')",3,MinMax,GRU,50,NONE,RAW,0.024270650529103002,0.1557904057671813,0.11943333104604263,-0.47833099394019474,38.93728967218756
"('USM2', 'USPPIYY', 'UNRATE')",3,MinMax,CNN,50,NONE,RAW,0.02051602894159667,0.14323417518733675,0.11300217066993941,-0.24963611587453105,45.25117259517394
"('USM2', 'USPPIYY', 'UNRATE')",3,MinMax,RNN,50,NONE,RAW,0.00429888182097342,0.06556585865352044,0.04940494858871636,0.738154103961467,19.985374474186575
"('USM2', 'USPPIYY', 'UNRATE')",3,MinMax,ANN,50,NONE,RAW,0.010849933704960677,0.10416301505314003,0.08491591214763179,0.339128003223219,36.31930978070216
"('USM2', 'USPPIYY', 'UNRATE')",3,MinMax,RANDOM_FOREST,N/A,NONE,RAW,0.003494390903148939,0.05911337330206202,0.048314426223548916,0.7871558337147436,20.102488891275037
"('USM2', 'USPPIYY', 'UNRATE')",3,MinMax,XGBOOST,N/A,NONE,RAW,0.0031937433741709,0.056513214155371666,0.047355262871616115,0.8054683449433495,18.658857918755174
"('USM2', 'USPPIYY', 'UNRATE')",3,Standard,LSTM,50,NONE,RAW,0.3498332519205176,0.5914670336717995,0.4724881338907664,0.3850970629039898,164.70559830325223
"('USM2', 'USPPIYY', 'UNRATE')",3,Standard,GRU,50,NONE,RAW,0.22400922754802197,0.473296130924416,0.4048534897958764,0.6062583210723984,347.56783889855325
"('USM2', 'USPPIYY', 'UNRATE')",3,Standard,CNN,50,NONE,RAW,0.5147140495745672,0.7174357459553903,0.5582537592433571,0.09528559932349812,284.19910887402756
"('USM2', 'USPPIYY', 'UNRATE')",3,Standard,RNN,50,NONE,RAW,0.3742752067782559,0.6117803582808587,0.4990102836281841,0.3421353668734306,546.0662659804749
"('USM2', 'USPPIYY', 'UNRATE')",3,Standard,ANN,50,NONE,RAW,0.823959303234595,0.9077220407341638,0.7688117215265274,-0.44827569370577436,373.83518081126573
"('USM2', 'USPPIYY', 'UNRATE')",3,Standard,RANDOM_FOREST,N/A,NONE,RAW,0.12218269898474524,0.3495464189270793,0.28417194342835594,0.7852391101886814,529.0888180755786
"('USM2', 'USPPIYY', 'UNRATE')",3,Standard,XGBOOST,N/A,NONE,RAW,0.11652641387274706,0.34135965472320695,0.28827133070035826,0.7951811791867718,373.1282051583686
"('USM2', 'USPPIYY', 'USOIL')",3,MinMax,LSTM,50,NONE,RAW,0.015611974103172454,0.12494788554902582,0.09413478533833614,0.049071010040022456,30.590266260830834
"('USM2', 'USPPIYY', 'USOIL')",3,MinMax,GRU,50,NONE,RAW,0.02266960229679723,0.1505642796177009,0.11890948137551763,-0.3808107720667573,39.8431497575935
"('USM2', 'USPPIYY', 'USOIL')",3,MinMax,CNN,50,NONE,RAW,0.008242736196595792,0.09078951589581141,0.07444860119820539,0.49793301256228706,30.313913835959333
"('USM2', 'USPPIYY', 'USOIL')",3,MinMax,RNN,50,NONE,RAW,0.05642128386455916,0.23753164813253658,0.19309949913406924,-2.4366335815704345,66.32356500358763
"('USM2', 'USPPIYY', 'USOIL')",3,MinMax,ANN,50,NONE,RAW,0.0052023468527202105,0.07212729616948226,0.053802773360074684,0.6831238378064295,20.388209496520236
"('USM2', 'USPPIYY', 'USOIL')",3,MinMax,RANDOM_FOREST,N/A,NONE,RAW,0.004416377083954097,0.06645582806612296,0.049255289764579276,0.7309974400435713,17.414663380345214
"('USM2', 'USPPIYY', 'USOIL')",3,MinMax,XGBOOST,N/A,NONE,RAW,0.0074904137818678565,0.08654717662562919,0.062106498481548096,0.5437571466041257,22.117202132735912
"('USM2', 'USPPIYY', 'USOIL')",3,Standard,LSTM,50,NONE,RAW,0.3991150376048167,0.6317555204387348,0.44177241105185827,0.29847432308079946,422.7071232357967
"('USM2', 'USPPIYY', 'USOIL')",3,Standard,GRU,50,NONE,RAW,0.30890715099719424,0.5557941624353339,0.46610851842232026,0.4570329910168409,539.706458247612
"('USM2', 'USPPIYY', 'USOIL')",3,Standard,CNN,50,NONE,RAW,0.36679168446832683,0.605633292073947,0.5427416439300637,0.35528917607520527,108.1775079151734
"('USM2', 'USPPIYY', 'USOIL')",3,Standard,RNN,50,NONE,RAW,0.34437940543202755,0.5868384832575549,0.49695382261349047,0.394683304937395,387.92351151878233
"('USM2', 'USPPIYY', 'USOIL')",3,Standard,ANN,50,NONE,RAW,8.030119041242584,2.833746467354231,2.797806765623199,-13.114563886032542,2516.5592895305163
"('USM2', 'USPPIYY', 'USOIL')",3,Standard,RANDOM_FOREST,N/A,NONE,RAW,0.14395458771778058,0.37941347856630053,0.27568311170945026,0.7469705972483716,538.8260594921293
"('USM2', 'USPPIYY', 'USOIL')",3,Standard,XGBOOST,N/A,NONE,RAW,0.2587400249931387,0.5086649437430681,0.36293808009546097,0.5452118961272334,680.9597410438839
"('USM2', 'INDPRO', 'UNRATE')",3,MinMax,LSTM,50,NONE,RAW,0.12319905352682081,0.3509972272352316,0.2639793067644672,-6.504083132605157,82.53138225313806
"('USM2', 'INDPRO', 'UNRATE')",3,MinMax,GRU,50,NONE,RAW,0.2681142719114229,0.5177975201866294,0.41161958530963877,-15.330902940120502,135.0734375446195
"('USM2', 'INDPRO', 'UNRATE')",3,MinMax,CNN,50,NONE,RAW,0.06797404044017195,0.2607183162728924,0.20304170088862,-3.1403146835951024,63.90899604869193
"('USM2', 'INDPRO', 'UNRATE')",3,MinMax,RNN,50,NONE,RAW,0.08382484886550481,0.28952521283215527,0.2214430889585172,-4.105791127915359,69.14684721028644
"('USM2', 'INDPRO', 'UNRATE')",3,MinMax,ANN,50,NONE,RAW,0.10779129404840924,0.328315844954838,0.2441499344376877,-5.565592903148853,76.80565747681302
"('USM2', 'INDPRO', 'UNRATE')",3,MinMax,RANDOM_FOREST,N/A,NONE,RAW,0.025851004946045652,0.16078247711129984,0.13029863415781298,-0.574590750685287,52.433437948599014
"('USM2', 'INDPRO', 'UNRATE')",3,MinMax,XGBOOST,N/A,NONE,RAW,0.022381590431775976,0.1496047807784764,0.11550531267389438,-0.36326790208175663,46.17747255436105
"('USM2', 'INDPRO', 'UNRATE')",3,Standard,LSTM,50,NONE,RAW,0.559069115599858,0.7477092453620311,0.4821019775379397,0.017322569153240375,380.83901368350615
"('USM2', 'INDPRO', 'UNRATE')",3,Standard,GRU,50,NONE,RAW,1.237278312817903,1.1123301276230466,0.7784491793785728,-1.1747677339996838,940.2687751371035
"('USM2', 'INDPRO', 'UNRATE')",3,Standard,CNN,50,NONE,RAW,0.6640878285861733,0.8149158414131936,0.6174699691643929,-0.1672691319238202,243.3015314388935
"('USM2', 'INDPRO', 'UNRATE')",3,Standard,RNN,50,NONE,RAW,2.150536881230461,1.4664708934140018,1.0856990394006918,-2.780005009078862,1174.5136944755777
"('USM2', 'INDPRO', 'UNRATE')",3,Standard,ANN,50,NONE,RAW,0.574372077673523,0.7578733915856415,0.5202859211472478,-0.009575492348081527,266.5964276940583
"('USM2', 'INDPRO', 'UNRATE')",3,Standard,RANDOM_FOREST,N/A,NONE,RAW,0.8998275643291255,0.9485924121186746,0.7740022758292365,-0.5816295596498644,544.3870405277025
"('USM2', 'INDPRO', 'UNRATE')",3,Standard,XGBOOST,N/A,NONE,RAW,0.7683216949450348,0.8765396140192608,0.6751219650612278,-0.3504813057725744,210.3555737180075
"('USM2', 'INDPRO', 'USOIL')",3,MinMax,LSTM,50,NONE,RAW,0.17884607267610306,0.4229019657983432,0.34050548624929344,-9.893556069481061,113.68176214679326
"('USM2', 'INDPRO', 'USOIL')",3,MinMax,GRU,50,NONE,RAW,1.911477537101812,1.3825619469310633,1.2164972102699025,-115.42854335237767,455.91838206110225
"('USM2', 'INDPRO', 'USOIL')",3,MinMax,CNN,50,NONE,RAW,0.04722540612622165,0.2173140725452948,0.16190282675212717,-1.8765105201482557,51.104222918407395
"('USM2', 'INDPRO', 'USOIL')",3,MinMax,RNN,50,NONE,RAW,0.19712906728969407,0.44399219282516,0.3918025086727811,-11.007177542745795,145.37401997007032
"('USM2', 'INDPRO', 'USOIL')",3,MinMax,ANN,50,NONE,RAW,0.12149992166327797,0.3485683887894569,0.2817121035161605,-6.400588613838354,94.13789448090574
"('USM2', 'INDPRO', 'USOIL')",3,MinMax,RANDOM_FOREST,N/A,NONE,RAW,0.02641620708441016,0.16253063429523112,0.13280050354077896,-0.6090173449779952,53.640265184897316
"('USM2', 'INDPRO', 'USOIL')",3,MinMax,XGBOOST,N/A,NONE,RAW,0.024514260948631905,0.15657030672714384,0.11177009225906018,-0.49316936150700186,40.48833613114327
"('USM2', 'INDPRO', 'USOIL')",3,Standard,LSTM,50,NONE,RAW,0.7017108943647151,0.837681857488101,0.6063733413435423,-0.23339930543585097,353.45571930991684
"('USM2', 'INDPRO', 'USOIL')",3,Standard,GRU,50,NONE,RAW,5.6829849096386775,2.3839011954438627,1.9281993882735706,-8.98899931102912,2174.6109370170134
"('USM2', 'INDPRO', 'USOIL')",3,Standard,CNN,50,NONE,RAW,0.5584162516953176,0.7472725417779765,0.5530280174669089,0.018470109960816328,535.4669186691572
"('USM2', 'INDPRO', 'USOIL')",3,Standard,RNN,50,NONE,RAW,0.5153726709824508,0.7178946099410768,0.5313364885721721,0.09412793853534107,235.36221351005628
"('USM2', 'INDPRO', 'USOIL')",3,Standard,ANN,50,NONE,RAW,1.7993284314844011,1.3413904843424234,1.2082881666967356,-2.1626848827151886,732.0820964003308
"('USM2', 'INDPRO', 'USOIL')",3,Standard,RANDOM_FOREST,N/A,NONE,RAW,0.8962162895425229,0.9466870071689601,0.7754556459937594,-0.5752820113229051,559.7277842591122
"('USM2', 'INDPRO', 'USOIL')",3,Standard,XGBOOST,N/A,NONE,RAW,0.8477106031132817,0.9207120087808575,0.6565249207308791,-0.4900234234458014,138.99292465651422
"('USM2', 'UNRATE', 'USOIL')",3,MinMax,LSTM,50,NONE,RAW,0.13424578811490143,0.36639567152861047,0.2993948870577975,-7.176942317150232,102.19141443945496
"('USM2', 'UNRATE', 'USOIL')",3,MinMax,GRU,50,NONE,RAW,0.07311375832811243,0.27039555900220036,0.2187192479990368,-3.453376100912294,74.24638960950071
"('USM2', 'UNRATE', 'USOIL')",3,MinMax,CNN,50,NONE,RAW,0.020964842564266173,0.1447924119706077,0.11834732756047511,-0.2769734584850765,40.287465462835556
"('USM2', 'UNRATE', 'USOIL')",3,MinMax,RNN,50,NONE,RAW,0.045535694733964086,0.21339094342067116,0.18434118679833852,-1.7735898044882905,68.9188395255201
"('USM2', 'UNRATE', 'USOIL')",3,MinMax,ANN,50,NONE,RAW,0.0412136949170505,0.20301156350575328,0.18408122611756317,-1.5103357859161175,86.0633078895484
"('USM2', 'UNRATE', 'USOIL')",3,MinMax,RANDOM_FOREST,N/A,NONE,RAW,0.015224728885456501,0.12338852817606871,0.08786601845262701,0.07265820672097467,30.905610342209993
"('USM2', 'UNRATE', 'USOIL')",3,MinMax,XGBOOST,N/A,NONE,RAW,0.015711560450720218,0.12534576359303182,0.09353915198916032,0.04300518234510242,35.34820606352637
"('USM2', 'UNRATE', 'USOIL')",3,Standard,LSTM,50,NONE,RAW,1.2630100656426695,1.1238372060234834,0.8894090531718922,-1.219996511715109,848.9584553114564
"('USM2', 'UNRATE', 'USOIL')",3,Standard,GRU,50,NONE,RAW,1.6003223815664303,1.2650384901521496,0.9714598534859665,-1.8128913627377399,1070.8104897417174
"('USM2', 'UNRATE', 'USOIL')",3,Standard,CNN,50,NONE,RAW,8.594608981456563,2.931656354598295,2.369483076756844,-14.106769516266885,3574.7476262747623
"('USM2', 'UNRATE', 'USOIL')",3,Standard,RNN,50,NONE,RAW,1.7247229705872185,1.313287086126723,1.1493604511789928,-2.031550644396694,918.2862904976752
"('USM2', 'UNRATE', 'USOIL')",3,Standard,ANN,50,NONE,RAW,2.0463440258350585,1.4305048150338602,1.1663634652810664,-2.5968649203213494,569.9729701710382
"('USM2', 'UNRATE', 'USOIL')",3,Standard,RANDOM_FOREST,N/A,NONE,RAW,0.5106999288339648,0.7146327230360815,0.5037306726599315,0.10234123117011074,642.5836636350285
"('USM2', 'UNRATE', 'USOIL')",3,Standard,XGBOOST,N/A,NONE,RAW,0.5404483571090555,0.7351519279095006,0.546425068985409,0.050052331187271704,431.0858792454556
"('USPPIYY', 'INDPRO', 'UNRATE')",3,MinMax,LSTM,50,NONE,RAW,0.0067892032818009885,0.08239662178633896,0.056868990695021535,0.586468041982976,20.637253821679373
"('USPPIYY', 'INDPRO', 'UNRATE')",3,MinMax,GRU,50,NONE,RAW,0.003240827455553939,0.05692826587516907,0.042674763360260125,0.8026004425463253,16.00112556690156
"('USPPIYY', 'INDPRO', 'UNRATE')",3,MinMax,CNN,50,NONE,RAW,0.008349512376668294,0.09137566621737044,0.06490580061443134,0.491429250488566,27.462534142172405
"('USPPIYY', 'INDPRO', 'UNRATE')",3,MinMax,RNN,50,NONE,RAW,0.005572285173320551,0.07464774057746525,0.0528288214231466,0.6605908082720999,21.209652586867037
"('USPPIYY', 'INDPRO', 'UNRATE')",3,MinMax,ANN,50,NONE,RAW,0.008320512803436817,0.0912168449544097,0.07153291697548295,0.49319562126909877,32.25512867000767
"('USPPIYY', 'INDPRO', 'UNRATE')",3,MinMax,RANDOM_FOREST,N/A,NONE,RAW,0.0051625970392900665,0.07185121459857215,0.05982251888725725,0.6855450082289798,24.327719049978842
"('USPPIYY', 'INDPRO', 'UNRATE')",3,MinMax,XGBOOST,N/A,NONE,RAW,0.006118163167347393,0.07821868809528446,0.06557779488262576,0.6273412521255879,29.349296235394657
"('USPPIYY', 'INDPRO', 'UNRATE')",3,Standard,LSTM,50,NONE,RAW,0.09435229480118745,0.3071681865056788,0.23476615757732305,0.8341566935776008,225.08140925436186
"('USPPIYY', 'INDPRO', 'UNRATE')",3,Standard,GRU,50,NONE,RAW,0.10562860350880227,0.3250055438124129,0.237973134636643,0.8143362925555475,127.57435186618031
"('USPPIYY', 'INDPRO', 'UNRATE')",3,Standard,CNN,50,NONE,RAW,0.22856769997188994,0.47808754425511857,0.3239321381724109,0.5982458806690933,95.41506011912581
"('USPPIYY', 'INDPRO', 'UNRATE')",3,Standard,RNN,50,NONE,RAW,0.13725277008656245,0.3704764096222085,0.28734699923324786,0.758750401834398,380.89592699109767
"('USPPIYY', 'INDPRO', 'UNRATE')",3,Standard,ANN,50,NONE,RAW,0.7498183346691182,0.8659205129046882,0.5922707440036165,-0.31795789492656445,160.24306970735188
"('USPPIYY', 'INDPRO', 'UNRATE')",3,Standard,RANDOM_FOREST,N/A,NONE,RAW,0.18953146861068232,0.43535212025518183,0.36059314110552204,0.6668599794872914,518.3905552470932
"('USPPIYY', 'INDPRO', 'UNRATE')",3,Standard,XGBOOST,N/A,NONE,RAW,0.23071673956277924,0.4803298237282162,0.4010167792075151,0.5944685074516565,410.77475945813563
"('USPPIYY', 'INDPRO', 'USOIL')",3,MinMax,LSTM,50,NONE,RAW,0.0040715227407047095,0.06380848486451242,0.048589659161180354,0.7520025986572288,18.736219532457675
"('USPPIYY', 'INDPRO', 'USOIL')",3,MinMax,GRU,50,NONE,RAW,0.0036652380070589835,0.06054120916416341,0.04841044524430169,0.7767494967015562,18.676893815391207
"('USPPIYY', 'INDPRO', 'USOIL')",3,MinMax,CNN,50,NONE,RAW,0.0060801559471649926,0.0779753547421555,0.05837654895496267,0.6296562807863062,21.33264698117485
"('USPPIYY', 'INDPRO', 'USOIL')",3,MinMax,RNN,50,NONE,RAW,0.003402094296382813,0.058327474627167024,0.04711108041647693,0.7927776415955939,21.763030403809196
"('USPPIYY', 'INDPRO', 'USOIL')",3,MinMax,ANN,50,NONE,RAW,0.012325179548842291,0.11101882520024382,0.08591206413815465,0.24927043421918582,31.272051146939873
"('USPPIYY', 'INDPRO', 'USOIL')",3,MinMax,RANDOM_FOREST,N/A,NONE,RAW,0.007388276722229192,0.08595508549369951,0.05764406166526753,0.5499783387684107,19.27216075329182
"('USPPIYY', 'INDPRO', 'USOIL')",3,MinMax,XGBOOST,N/A,NONE,RAW,0.008732039243672905,0.0934453810719016,0.0767196780787716,0.4681294496517626,30.27614182148855
"('USPPIYY', 'INDPRO', 'USOIL')",3,Standard,LSTM,50,NONE,RAW,0.23778531597938488,0.48763235739579963,0.36692851358223766,0.5820440498685164,91.42492177670712
"('USPPIYY', 'INDPRO', 'USOIL')",3,Standard,GRU,50,NONE,RAW,0.08554582827617038,0.292482184544923,0.2276863042327318,0.849635845722066,270.3725390034585
"('USPPIYY', 'INDPRO', 'USOIL')",3,Standard,CNN,50,NONE,RAW,0.4287732338566823,0.6548077839004988,0.5750843928843601,0.24634402419090007,205.15788875144287
"('USPPIYY', 'INDPRO', 'USOIL')",3,Standard,RNN,50,NONE,RAW,0.1727400335158294,0.41562005908741867,0.355543652810001,0.6963743344012374,409.34586301750124
"('USPPIYY', 'INDPRO', 'USOIL')",3,Standard,ANN,50,NONE,RAW,0.37702931859831434,0.6140271318095922,0.4320793341835659,0.3372944564169552,119.5756873846549
"('USPPIYY', 'INDPRO', 'USOIL')",3,Standard,RANDOM_FOREST,N/A,NONE,RAW,0.28055453162351424,0.5296739861683923,0.36959242967540645,0.5068684735832669,591.9727488345885
"('USPPIYY', 'INDPRO', 'USOIL')",3,Standard,XGBOOST,N/A,NONE,RAW,0.30078301741686175,0.5484368855363958,0.4510608785540847,0.4713128045350875,481.2469430757187
"('USPPIYY', 'UNRATE', 'USOIL')",3,MinMax,LSTM,50,NONE,RAW,0.0045986830628891775,0.06781359054709592,0.05090781516177739,0.719893140275538,20.335298221897453
"('USPPIYY', 'UNRATE', 'USOIL')",3,MinMax,GRU,50,NONE,RAW,0.010807882939701589,0.10396096834726766,0.09147964553238848,0.3416893251592287,44.90124365454858
"('USPPIYY', 'UNRATE', 'USOIL')",3,MinMax,CNN,50,NONE,RAW,0.014766228849380404,0.12151637276260514,0.09905917809571384,0.10058555103509692,43.34041518709378
"('USPPIYY', 'UNRATE', 'USOIL')",3,MinMax,RNN,50,NONE,RAW,0.01797979929274951,0.13408877392514823,0.1080859627972962,-0.09515377543850057,39.19334855934375
"('USPPIYY', 'UNRATE', 'USOIL')",3,MinMax,ANN,50,NONE,RAW,0.006823875204255472,0.0826067503552553,0.06420999880011576,0.5843561670860714,24.723232891091076
"('USPPIYY', 'UNRATE', 'USOIL')",3,MinMax,RANDOM_FOREST,N/A,NONE,RAW,0.003142317092185096,0.05605637423331174,0.04633057348364706,0.8086007317935313,19.251380343265538
"('USPPIYY', 'UNRATE', 'USOIL')",3,MinMax,XGBOOST,N/A,NONE,RAW,0.00496443207209387,0.07045872601810134,0.05558096546063073,0.6976152826770421,22.027569782309932
"('USPPIYY', 'UNRATE', 'USOIL')",3,Standard,LSTM,50,NONE,RAW,0.2285895724584994,0.47811041868850696,0.38030725116372727,0.5982074353349693,129.55958956873351
"('USPPIYY', 'UNRATE', 'USOIL')",3,Standard,GRU,50,NONE,RAW,0.08879881184829644,0.2979912949203323,0.23958380753570763,0.8439180669178948,303.76677871367576
"('USPPIYY', 'UNRATE', 'USOIL')",3,Standard,CNN,50,NONE,RAW,0.6556108851351738,0.8096980209529808,0.6688024654608153,-0.1523691834569414,413.97118092438336
"('USPPIYY', 'UNRATE', 'USOIL')",3,Standard,RNN,50,NONE,RAW,0.12766068416388274,0.35729635341531646,0.2815587921044263,0.7756104395076411,435.9563972361747
"('USPPIYY', 'UNRATE', 'USOIL')",3,Standard,ANN,50,NONE,RAW,0.800396366075021,0.8946487389333431,0.7991541236742448,-0.4068590496718256,1039.2944650195395
"('USPPIYY', 'UNRATE', 'USOIL')",3,Standard,RANDOM_FOREST,N/A,NONE,RAW,0.10892717857205006,0.33004117708560254,0.27206166307300983,0.808538377453173,395.61084053914175
"('USPPIYY', 'UNRATE', 'USOIL')",3,Standard,XGBOOST,N/A,NONE,RAW,0.16649412555976673,0.4080369169079763,0.3257805773241934,0.7073527852086721,648.4069574305581
"('INDPRO', 'UNRATE', 'USOIL')",3,MinMax,LSTM,50,NONE,RAW,0.03207841871298946,0.17910449104639856,0.1383824627242983,-0.9539039781047058,44.98025521691449
"('INDPRO', 'UNRATE', 'USOIL')",3,MinMax,GRU,50,NONE,RAW,0.030919123621277037,0.17583834513915625,0.14876028802468896,-0.8832910432290559,69.42701644691573
"('INDPRO', 'UNRATE', 'USOIL')",3,MinMax,CNN,50,NONE,RAW,0.02188195078751202,0.14792549066172478,0.12387240312437882,-0.332834734621702,44.45771394605772
"('INDPRO', 'UNRATE', 'USOIL')",3,MinMax,RNN,50,NONE,RAW,0.03324619058105334,0.18233537940030548,0.12159375597989217,-1.025033235408304,40.12752600322899
"('INDPRO', 'UNRATE', 'USOIL')",3,MinMax,ANN,50,NONE,RAW,0.01940612801902068,0.1393058793411846,0.0947252829362641,-0.18203179138065662,30.898181551303335
"('INDPRO', 'UNRATE', 'USOIL')",3,MinMax,RANDOM_FOREST,N/A,NONE,RAW,0.02364804338925125,0.15377920337045334,0.12183553803140575,-0.4404078475956983,48.05815390458707
"('INDPRO', 'UNRATE', 'USOIL')",3,MinMax,XGBOOST,N/A,NONE,RAW,0.023873418666285152,0.15451025424315745,0.10789465771833966,-0.45413550837296346,37.708858652002334
"('INDPRO', 'UNRATE', 'USOIL')",3,Standard,LSTM,50,NONE,RAW,0.5772602534418794,0.7597764496494211,0.565986544898171,-0.014652047401273904,92.91200439764144
"('INDPRO', 'UNRATE', 'USOIL')",3,Standard,GRU,50,NONE,RAW,0.5223119432671979,0.7227115214711869,0.5942117002704783,0.08193075920554593,173.53025041512367
"('INDPRO', 'UNRATE', 'USOIL')",3,Standard,CNN,50,NONE,RAW,0.3887342817569546,0.6234855906570372,0.4328691834132184,0.31672060820402503,143.04359018388078
"('INDPRO', 'UNRATE', 'USOIL')",3,Standard,RNN,50,NONE,RAW,0.7993451784757094,0.8940610597021377,0.6865818261499745,-0.4050113741329593,317.36438737473225
"('INDPRO', 'UNRATE', 'USOIL')",3,Standard,ANN,50,NONE,RAW,1.1362481715332355,1.0659494225962298,0.7993258441114984,-0.997186757148228,494.78592286269327
"('INDPRO', 'UNRATE', 'USOIL')",3,Standard,RANDOM_FOREST,N/A,NONE,RAW,0.7904961215181651,0.8890984880867614,0.7037523977565397,-0.38945736065981995,580.384032829775
"('INDPRO', 'UNRATE', 'USOIL')",3,Standard,XGBOOST,N/A,NONE,RAW,0.8260836728509661,0.9088914527329246,0.6366699792313301,-0.452009704436352,124.69290788709402
"('USM2', 'USPPIYY', 'INDPRO', 'UNRATE')",4,MinMax,LSTM,50,NONE,RAW,0.017337820635626073,0.13167315837187954,0.1034580086007765,-0.05605070545132951,35.7583041597683
"('USM2', 'USPPIYY', 'INDPRO', 'UNRATE')",4,MinMax,GRU,50,NONE,RAW,0.0025119311296168153,0.050119169282988076,0.039930394096081664,0.8469976880470131,17.086848775137504
"('USM2', 'USPPIYY', 'INDPRO', 'UNRATE')",4,MinMax,CNN,50,NONE,RAW,0.010040358035779748,0.10020158699232137,0.07341195141052766,0.3884394463695381,27.85521038474495
"('USM2', 'USPPIYY', 'INDPRO', 'UNRATE')",4,MinMax,RNN,50,NONE,RAW,0.04375371304148843,0.2091738823120335,0.18376079873334286,-1.6650488832854617,66.44504626217943
"('USM2', 'USPPIYY', 'INDPRO', 'UNRATE')",4,MinMax,ANN,50,NONE,RAW,0.016351453847440595,0.127872803392436,0.0898446894621807,0.004029126056249277,29.986841655627533
"('USM2', 'USPPIYY', 'INDPRO', 'UNRATE')",4,MinMax,RANDOM_FOREST,N/A,NONE,RAW,0.005334034927126884,0.073034477660396,0.060339800485215415,0.6751026864287913,24.68410832357098
"('USM2', 'USPPIYY', 'INDPRO', 'UNRATE')",4,MinMax,XGBOOST,N/A,NONE,RAW,0.0060127094167982615,0.07754166245830857,0.06578130369935763,0.6337644647080889,29.708174284192708
"('USM2', 'USPPIYY', 'INDPRO', 'UNRATE')",4,Standard,LSTM,50,NONE,RAW,0.14148753606004558,0.37614828998686883,0.303568214961139,0.751306941212191,206.62359226042116
"('USM2', 'USPPIYY', 'INDPRO', 'UNRATE')",4,Standard,GRU,50,NONE,RAW,0.37099806187969653,0.6090961023350063,0.4215982171962118,0.34789561411222414,568.7427846812703
"('USM2', 'USPPIYY', 'INDPRO', 'UNRATE')",4,Standard,CNN,50,NONE,RAW,0.4247884050503787,0.6517579343977169,0.4448614299769609,0.25334816951833616,698.1253081364463
"('USM2', 'USPPIYY', 'INDPRO', 'UNRATE')",4,Standard,RNN,50,NONE,RAW,0.17849387977329906,0.42248536042483065,0.2866737193417003,0.686260781890452,78.88985913484879
"('USM2', 'USPPIYY', 'INDPRO', 'UNRATE')",4,Standard,ANN,50,NONE,RAW,1.4790882473992477,1.2161777203185593,1.056110096065948,-1.5997977680996023,1541.7832722085816
"('USM2', 'USPPIYY', 'INDPRO', 'UNRATE')",4,Standard,RANDOM_FOREST,N/A,NONE,RAW,0.18743778798130373,0.43294085968097734,0.3586797530364049,0.6705400480950588,561.9639821385888
"('USM2', 'USPPIYY', 'INDPRO', 'UNRATE')",4,Standard,XGBOOST,N/A,NONE,RAW,0.2081801655421953,0.45626764682825727,0.3882342034011643,0.6340811099737493,336.4513586826901
"('USM2', 'USPPIYY', 'INDPRO', 'USOIL')",4,MinMax,LSTM,50,NONE,RAW,0.007672741782373787,0.08759418806275783,0.06364236347730305,0.5326515054970671,24.516943731175928
"('USM2', 'USPPIYY', 'INDPRO', 'USOIL')",4,MinMax,GRU,50,NONE,RAW,0.014352788919483389,0.1198031256665843,0.10059345242076492,0.12576827375471777,49.353493058310875
"('USM2', 'USPPIYY', 'INDPRO', 'USOIL')",4,MinMax,CNN,50,NONE,RAW,0.01608025188620825,0.1268079330570775,0.0899046670071061,0.020548100874266173,28.997516353746477
"('USM2', 'USPPIYY', 'INDPRO', 'USOIL')",4,MinMax,RNN,50,NONE,RAW,0.009535303685914796,0.09764887959375057,0.07556005827060557,0.41920242481275605,29.169542206202877
"('USM2', 'USPPIYY', 'INDPRO', 'USOIL')",4,MinMax,ANN,50,NONE,RAW,0.026321654900120492,0.16223949858194364,0.12752557521368546,-0.6032581493432281,45.50052426673615
"('USM2', 'USPPIYY', 'INDPRO', 'USOIL')",4,MinMax,RANDOM_FOREST,N/A,NONE,RAW,0.007408637907934221,0.08607344484760802,0.05892283139039174,0.5487381341902506,19.941884875794848
"('USM2', 'USPPIYY', 'INDPRO', 'USOIL')",4,MinMax,XGBOOST,N/A,NONE,RAW,0.008703496759608794,0.09329253324681881,0.07662975423276892,0.4698679790243241,30.192254044086457
"('USM2', 'USPPIYY', 'INDPRO', 'USOIL')",4,Standard,LSTM,50,NONE,RAW,0.17782390109818563,0.42169171333829364,0.31865918187290476,0.6874384053806643,87.19344704985127
"('USM2', 'USPPIYY', 'INDPRO', 'USOIL')",4,Standard,GRU,50,NONE,RAW,0.14781730762239814,0.3844701648013772,0.3258236631399223,0.7401810830970176,245.51348849627206
"('USM2', 'USPPIYY', 'INDPRO', 'USOIL')",4,Standard,CNN,50,NONE,RAW,0.3492553283021569,0.5909782807364048,0.4049157526200571,0.3861128809498625,291.48919042234
"('USM2', 'USPPIYY', 'INDPRO', 'USOIL')",4,Standard,RNN,50,NONE,RAW,0.3078735536820597,0.5548635451010092,0.4913866064171761,0.458849748061409,127.98934254081836
"('USM2', 'USPPIYY', 'INDPRO', 'USOIL')",4,Standard,ANN,50,NONE,RAW,1.5505427894614594,1.2452079302114405,1.0414224253743622,-1.7253936271029855,1397.432699238629
"('USM2', 'USPPIYY', 'INDPRO', 'USOIL')",4,Standard,RANDOM_FOREST,N/A,NONE,RAW,0.2764693774612683,0.5258035540591831,0.362802534317442,0.5140489610842827,573.0038550118066
"('USM2', 'USPPIYY', 'INDPRO', 'USOIL')",4,Standard,XGBOOST,N/A,NONE,RAW,0.2982350116972249,0.5461089741958329,0.4417361927473021,0.4757914416919068,507.2917276254044
"('USM2', 'USPPIYY', 'UNRATE', 'USOIL')",4,MinMax,LSTM,50,NONE,RAW,0.01746965894627198,0.13217283739964117,0.09987005211843082,-0.0640810077533982,32.29685954035807
"('USM2', 'USPPIYY', 'UNRATE', 'USOIL')",4,MinMax,GRU,50,NONE,RAW,0.040063207357819125,0.20015795601928774,0.15762687106793064,-1.440259319901541,52.81675665566865
"('USM2', 'USPPIYY', 'UNRATE', 'USOIL')",4,MinMax,CNN,50,NONE,RAW,0.011334486798579232,0.1064635468063094,0.07116979073279305,0.30961376108755967,24.627890739845856
"('USM2', 'USPPIYY', 'UNRATE', 'USOIL')",4,MinMax,RNN,50,NONE,RAW,0.048809225749338346,0.2209281008593935,0.19006848616084251,-1.9729813434109653,74.5389771035743
"('USM2', 'USPPIYY', 'UNRATE', 'USOIL')",4,MinMax,ANN,50,NONE,RAW,0.02470662502449322,0.15718341205258657,0.1439484844443308,-0.5048863023086272,64.58282625276127
"('USM2', 'USPPIYY', 'UNRATE', 'USOIL')",4,MinMax,RANDOM_FOREST,N/A,NONE,RAW,0.002615587356262579,0.05114281333934005,0.04088156114921087,0.8406839630654115,16.532080927336857
"('USM2', 'USPPIYY', 'UNRATE', 'USOIL')",4,MinMax,XGBOOST,N/A,NONE,RAW,0.0039089402604717514,0.06252151837944878,0.05194357027038759,0.7619055355114284,21.423813605920966
"('USM2', 'USPPIYY', 'UNRATE', 'USOIL')",4,Standard,LSTM,50,NONE,RAW,0.3688142892001647,0.6073008226572435,0.4243038715230536,0.35173403778185075,646.722559097376
"('USM2', 'USPPIYY', 'UNRATE', 'USOIL')",4,Standard,GRU,50,NONE,RAW,0.30210368443503943,0.5496395950393671,0.437524320867208,0.46899146422811233,272.8400301750708
"('USM2', 'USPPIYY', 'UNRATE', 'USOIL')",4,Standard,CNN,50,NONE,RAW,1.014272251805498,1.007110843852601,0.8845690260255731,-0.7827893238458794,979.6665955889274
"('USM2', 'USPPIYY', 'UNRATE', 'USOIL')",4,Standard,RNN,50,NONE,RAW,0.22385825099846626,0.47313660923507733,0.398323803412657,0.606523692998151,381.4975013849502
"('USM2', 'USPPIYY', 'UNRATE', 'USOIL')",4,Standard,ANN,50,NONE,RAW,0.687756879223414,0.8293110871219641,0.5862858689313792,-0.2088722919299486,830.8806883464787
"('USM2', 'USPPIYY', 'UNRATE', 'USOIL')",4,Standard,RANDOM_FOREST,N/A,NONE,RAW,0.09712921056064532,0.3116555960682325,0.2443918028852787,0.8292757005696897,494.8698283967158
"('USM2', 'USPPIYY', 'UNRATE', 'USOIL')",4,Standard,XGBOOST,N/A,NONE,RAW,0.13271224666458908,0.3642969210199135,0.3011463691372109,0.7667312932242165,385.9857544193265
"('USM2', 'INDPRO', 'UNRATE', 'USOIL')",4,MinMax,LSTM,50,NONE,RAW,0.02726157359580476,0.1651107918817082,0.13184344719592064,-0.6605088166851576,45.66340326627901
"('USM2', 'INDPRO', 'UNRATE', 'USOIL')",4,MinMax,GRU,50,NONE,RAW,0.11056966063063588,0.33252016575034343,0.26694777059886815,-5.734823860766086,87.35653206086191
"('USM2', 'INDPRO', 'UNRATE', 'USOIL')",4,MinMax,CNN,50,NONE,RAW,0.03838397431052139,0.19591828477842846,0.14824197597621228,-1.337976842681074,46.549671140776915
"('USM2', 'INDPRO', 'UNRATE', 'USOIL')",4,MinMax,RNN,50,NONE,RAW,0.39148700783786194,0.6256892262440372,0.5239705540480728,-22.845565108262825,188.96021004566106
"('USM2', 'INDPRO', 'UNRATE', 'USOIL')",4,MinMax,ANN,50,NONE,RAW,0.028921861645250176,0.17006428680134514,0.128357533576422,-0.7616373496604283,43.20229503319861
"('USM2', 'INDPRO', 'UNRATE', 'USOIL')",4,MinMax,RANDOM_FOREST,N/A,NONE,RAW,0.02333438712905096,0.15275597248242362,0.1216085986976121,-0.4213029715091898,48.14946576408822
"('USM2', 'INDPRO', 'UNRATE', 'USOIL')",4,MinMax,XGBOOST,N/A,NONE,RAW,0.024150768853929253,0.15540517640648027,0.10817963931381236,-0.4710289730980952,37.359970618161206
"('USM2', 'INDPRO', 'UNRATE', 'USOIL')",4,Standard,LSTM,50,NONE,RAW,0.6163520879983955,0.7850809435965157,0.5319469884847166,-0.08336388011960705,308.3426779591043
"('USM2', 'INDPRO', 'UNRATE', 'USOIL')",4,Standard,GRU,50,NONE,RAW,2.513570182703093,1.5854242910663041,1.1989121419515385,-3.4181097121443704,1362.4263603225008
"('USM2', 'INDPRO', 'UNRATE', 'USOIL')",4,Standard,CNN,50,NONE,RAW,0.45189924172547014,0.6722345139350331,0.48923778900809894,0.20569537205804356,405.66786542264765
"('USM2', 'INDPRO', 'UNRATE', 'USOIL')",4,Standard,RNN,50,NONE,RAW,2.028911045338205,1.4243984854450684,1.1949599743639374,-2.5662229191650727,1204.9304905621254
"('USM2', 'INDPRO', 'UNRATE', 'USOIL')",4,Standard,ANN,50,NONE,RAW,1.4472800431879818,1.203029527147186,0.8615535029503512,-1.5438883938880825,1692.2505256109332
"('USM2', 'INDPRO', 'UNRATE', 'USOIL')",4,Standard,RANDOM_FOREST,N/A,NONE,RAW,0.7714124154956475,0.8783008684361229,0.6984382950927531,-0.35591387438599664,512.9768541835493
"('USM2', 'INDPRO', 'UNRATE', 'USOIL')",4,Standard,XGBOOST,N/A,NONE,RAW,0.8142698835555524,0.90236903955951,0.6311376194656338,-0.4312445722023419,124.24890774708342
"('USPPIYY', 'INDPRO', 'UNRATE', 'USOIL')",4,MinMax,LSTM,50,NONE,RAW,0.006842870751357204,0.08272164620797391,0.06173347716636268,0.5831991438742845,25.06102363642783
"('USPPIYY', 'INDPRO', 'UNRATE', 'USOIL')",4,MinMax,GRU,50,NONE,RAW,0.004559326826879843,0.06752278746378769,0.05553221203938791,0.7222903378054375,21.431845480024194
"('USPPIYY', 'INDPRO', 'UNRATE', 'USOIL')",4,MinMax,CNN,50,NONE,RAW,0.008241111014873724,0.09078056518260791,0.07016366795460356,0.49803200276066006,28.691661695662184
"('USPPIYY', 'INDPRO', 'UNRATE', 'USOIL')",4,MinMax,RNN,50,NONE,RAW,0.013598650934148911,0.11661325368134152,0.09243083260406135,0.17170299462636207,35.8892598546283
"('USPPIYY', 'INDPRO', 'UNRATE', 'USOIL')",4,MinMax,ANN,50,NONE,RAW,0.018649500741190383,0.13656317490886913,0.11074857569373252,-0.13594544712153267,50.865847968447945
"('USPPIYY', 'INDPRO', 'UNRATE', 'USOIL')",4,MinMax,RANDOM_FOREST,N/A,NONE,RAW,0.0039862936587688295,0.06313710207769145,0.05152549673278946,0.7571939219495236,20.038745263279786
"('USPPIYY', 'INDPRO', 'UNRATE', 'USOIL')",4,MinMax,XGBOOST,N/A,NONE,RAW,0.004375264968013289,0.0661457857161988,0.056630640824310886,0.7335015886303131,24.931931158944547
"('USPPIYY', 'INDPRO', 'UNRATE', 'USOIL')",4,Standard,LSTM,50,NONE,RAW,0.2626672144532273,0.5125106969159057,0.41574769421595054,0.5383090636483768,320.1114921721841
"('USPPIYY', 'INDPRO', 'UNRATE', 'USOIL')",4,Standard,GRU,50,NONE,RAW,0.2501377268535128,0.5001377078900499,0.42585560814723494,0.5603321808994578,113.80172095922747
"('USPPIYY', 'INDPRO', 'UNRATE', 'USOIL')",4,Standard,CNN,50,NONE,RAW,0.4253459075844061,0.6521854855671093,0.5100251193129847,0.2523682456725327,226.391900940886
"('USPPIYY', 'INDPRO', 'UNRATE', 'USOIL')",4,Standard,RNN,50,NONE,RAW,0.21019938082847178,0.45847506020335693,0.4021874340816071,0.6305319293188394,176.48073083540038
"('USPPIYY', 'INDPRO', 'UNRATE', 'USOIL')",4,Standard,ANN,50,NONE,RAW,0.8927617619378206,0.9448607103366192,0.7915053871790951,-0.5692099779791644,430.36257159000996
"('USPPIYY', 'INDPRO', 'UNRATE', 'USOIL')",4,Standard,RANDOM_FOREST,N/A,NONE,RAW,0.1409279477570147,0.37540371303040504,0.3049928794613525,0.7522905312203142,538.2919499905447
"('USPPIYY', 'INDPRO', 'UNRATE', 'USOIL')",4,Standard,XGBOOST,N/A,NONE,RAW,0.15003549296637259,0.38734415313306664,0.33319762979900946,0.7362821721857613,269.3869759828482
"('USM2', 'USPPIYY', 'INDPRO', 'UNRATE', 'USOIL')",5,MinMax,LSTM,50,NONE,RAW,0.004760354288894735,0.06899532077535936,0.05314255217870065,0.7100457081292204,21.982077936467487
"('USM2', 'USPPIYY', 'INDPRO', 'UNRATE', 'USOIL')",5,MinMax,GRU,50,NONE,RAW,0.014922125877782029,0.1221561536631783,0.09726543423414774,0.09108982661382758,33.30241097484904
"('USM2', 'USPPIYY', 'INDPRO', 'UNRATE', 'USOIL')",5,MinMax,CNN,50,NONE,RAW,0.03202696993040164,0.17896080557038638,0.1305114356866544,-0.950770220737599,43.21084347578767
"('USM2', 'USPPIYY', 'INDPRO', 'UNRATE', 'USOIL')",5,MinMax,RNN,50,NONE,RAW,0.011271802739054248,0.10616874652671683,0.08562143365927655,0.31343186179774285,38.84535625444561
"('USM2', 'USPPIYY', 'INDPRO', 'UNRATE', 'USOIL')",5,MinMax,ANN,50,NONE,RAW,0.01526638231135066,0.12355720258791335,0.0792209012928159,0.07012108681851115,28.218988223967145
"('USM2', 'USPPIYY', 'INDPRO', 'UNRATE', 'USOIL')",5,MinMax,RANDOM_FOREST,N/A,NONE,RAW,0.004023106597074663,0.06342796384146872,0.05082663106082243,0.7549516372769203,19.711358281585653
"('USM2', 'USPPIYY', 'INDPRO', 'UNRATE', 'USOIL')",5,MinMax,XGBOOST,N/A,NONE,RAW,0.004877475282204994,0.06983892383338244,0.059128566691902175,0.7029118410643883,26.289626948883154
"('USM2', 'USPPIYY', 'INDPRO', 'UNRATE', 'USOIL')",5,Standard,LSTM,50,NONE,RAW,0.1729548144710562,0.41587836499517045,0.3019064586400457,0.6959968132837444,230.8706588448934
"('USM2', 'USPPIYY', 'INDPRO', 'UNRATE', 'USOIL')",5,Standard,GRU,50,NONE,RAW,0.19710343564487767,0.4439633269143721,0.35903706081481307,0.6535507107332201,291.70259143638157
"('USM2', 'USPPIYY', 'INDPRO', 'UNRATE', 'USOIL')",5,Standard,CNN,50,NONE,RAW,0.5397082364618532,0.734648376069704,0.662770716219043,0.05135324342837999,218.99288112239898
"('USM2', 'USPPIYY', 'INDPRO', 'UNRATE', 'USOIL')",5,Standard,RNN,50,NONE,RAW,0.14668547677210933,0.3829954004581639,0.3123725839833059,0.7421705055156063,385.7995977829271
"('USM2', 'USPPIYY', 'INDPRO', 'UNRATE', 'USOIL')",5,Standard,ANN,50,NONE,RAW,0.8907923014895236,0.9438179387411132,0.6786157599410162,-0.5657482515494898,324.5378177575709
"('USM2', 'USPPIYY', 'INDPRO', 'UNRATE', 'USOIL')",5,Standard,RANDOM_FOREST,N/A,NONE,RAW,0.15383486225868176,0.3922178760060303,0.3192297282808883,0.7296040095922177,523.0012684267672
"('USM2', 'USPPIYY', 'INDPRO', 'UNRATE', 'USOIL')",5,Standard,XGBOOST,N/A,NONE,RAW,0.1701038505234813,0.4124364805924438,0.35091760143270745,0.7010079610099673,309.81077233779405
