leading_indicators,n_indicators,scaler,model,seq_length,filter_applied,business_cycle_range,leads_lags,mse,rmse,mae,r2,mape
"('USM2',)",1,MinMax,LSTM,50,Baxter_King,6-32Q,12,0.01097327158282016,0.10475338458885307,0.08098471122659716,0.12015410047458885,19.83106614903727
"('USM2',)",1,MinMax,GRU,50,Baxter_King,6-32Q,12,0.011193865538262422,0.10580106586543644,0.08016964138974468,0.10246669652298768,19.00556552190399
"('USM2',)",1,MinMax,CNN,50,Baxter_King,6-32Q,12,0.01290072667287349,0.11358136586990619,0.08667444551066941,-0.034390826688050824,20.72699965095841
"('USM2',)",1,MinMax,RNN,50,Baxter_King,6-32Q,12,0.01849260971279974,0.13598753513759906,0.09908008887939428,-0.482752587004599,21.109882423268335
"('USM2',)",1,MinMax,ANN,50,Baxter_King,6-32Q,12,0.010208312152290705,0.10103619228915302,0.07766594361315883,0.18148917390049046,17.908205127393074
"('USM2',)",1,MinMax,RANDOM_FOREST,N/A,Baxter_King,6-32Q,12,0.04215357342302536,0.20531335422476873,0.1481688784489568,-2.3799080289472188,31.231571561235732
"('USM2',)",1,MinMax,XGBOOST,N/A,Baxter_King,6-32Q,12,0.035913123943093254,0.18950758281159424,0.14251447242579776,-1.8795436804779868,29.10023636534282
"('USM2',)",1,Standard,LSTM,50,Baxter_King,6-32Q,12,2.2897279096207503,1.5131846911797484,1.1503165735239704,-1.1623706904398894,630.2099590786506
"('USM2',)",1,Standard,GRU,50,Baxter_King,6-32Q,12,3.2315540913026917,1.7976523833329656,1.2815119908545722,-2.0518114498422864,590.4171579680952
"('USM2',)",1,Standard,CNN,50,Baxter_King,6-32Q,12,17.627671608955648,4.198532077876225,2.5696871486605417,-15.647200860742664,1514.6570689461046
"('USM2',)",1,Standard,RNN,50,Baxter_King,6-32Q,12,1.91517151026605,1.3838972181004086,1.0540137011478294,-0.8086475356151521,939.0946168317208
"('USM2',)",1,Standard,ANN,50,Baxter_King,6-32Q,12,10.165200967218711,3.18829122998805,2.1573096565935836,-8.599801156105782,1502.2184170474243
"('USM2',)",1,Standard,RANDOM_FOREST,N/A,Baxter_King,6-32Q,12,3.6490800867993114,1.9102565499951338,1.3757339215527333,-2.446114183964162,852.0534552981792
"('USM2',)",1,Standard,XGBOOST,N/A,Baxter_King,6-32Q,12,3.0238529256562034,1.7389229211371628,1.315684377463343,-1.8556628545978167,1134.2963378707313
"('USPPIYY',)",1,MinMax,LSTM,50,Baxter_King,6-32Q,12,0.005732049776570518,0.0757103016542037,0.059674324574028756,0.540399555982285,13.46239231116106
"('USPPIYY',)",1,MinMax,GRU,50,Baxter_King,6-32Q,12,0.003841371959765624,0.06197880250348198,0.050133788894361896,0.6919956512656497,11.593665687369775
"('USPPIYY',)",1,MinMax,CNN,50,Baxter_King,6-32Q,12,0.0036103738484791143,0.060086386548694325,0.04752146385924972,0.7105172689509122,10.711378157240524
"('USPPIYY',)",1,MinMax,RNN,50,Baxter_King,6-32Q,12,0.005204644609658768,0.07214322289486912,0.05630123124471067,0.582687334061369,13.741778344108074
"('USPPIYY',)",1,MinMax,ANN,50,Baxter_King,6-32Q,12,0.006323496429841244,0.07952041517648939,0.06169646274966416,0.4929768790950211,13.910013873585521
"('USPPIYY',)",1,MinMax,RANDOM_FOREST,N/A,Baxter_King,6-32Q,12,0.003966492185554559,0.06298009356578124,0.04941529535852286,0.6819634091237127,11.152978360714249
"('USPPIYY',)",1,MinMax,XGBOOST,N/A,Baxter_King,6-32Q,12,0.005491038518716143,0.07410154194560423,0.058685349932922605,0.5597240359573021,12.731524828197822
"('USPPIYY',)",1,Standard,LSTM,50,Baxter_King,6-32Q,12,0.5086529565839163,0.7131991002405403,0.5689451805316927,0.5196388879651509,354.2819449315977
"('USPPIYY',)",1,Standard,GRU,50,Baxter_King,6-32Q,12,0.28125528137343997,0.5303350651931663,0.42745975906069,0.7343884509517623,260.3368397578207
"('USPPIYY',)",1,Standard,CNN,50,Baxter_King,6-32Q,12,0.41886911006404237,0.6472009811983,0.5142697370069114,0.6044288568403984,477.54216386190205
"('USPPIYY',)",1,Standard,RNN,50,Baxter_King,6-32Q,12,0.36917634134202915,0.6075988325713185,0.49653797441572983,0.6513576583629719,476.98114017402764
"('USPPIYY',)",1,Standard,ANN,50,Baxter_King,6-32Q,12,0.39504023555396783,0.6285222633717662,0.5054834565268977,0.6269323427830971,243.38259852570368
"('USPPIYY',)",1,Standard,RANDOM_FOREST,N/A,Baxter_King,6-32Q,12,0.34518356436848363,0.5875232458111624,0.462755836438407,0.6740159303313863,257.9887380874699
"('USPPIYY',)",1,Standard,XGBOOST,N/A,Baxter_King,6-32Q,12,0.4708798269573899,0.6862068397774754,0.5430888199678688,0.555311034008091,297.2131151497905
"('INDPRO',)",1,MinMax,LSTM,50,Baxter_King,6-32Q,12,0.011814386227636886,0.10869400272157101,0.08315303541052803,0.052712839617489515,19.526698248298697
"('INDPRO',)",1,MinMax,GRU,50,Baxter_King,6-32Q,12,0.011455968961356502,0.10703256028590787,0.08204429157510117,0.08145102947051575,19.675193949827914
"('INDPRO',)",1,MinMax,CNN,50,Baxter_King,6-32Q,12,0.012651042690877383,0.11247685402284945,0.08746621454793486,-0.014370960590834203,20.571740022667846
"('INDPRO',)",1,MinMax,RNN,50,Baxter_King,6-32Q,12,0.011635614482223892,0.10786850551585431,0.08432437124238974,0.06704690452834805,18.549789511700926
"('INDPRO',)",1,MinMax,ANN,50,Baxter_King,6-32Q,12,0.01601770458312134,0.12656107056722196,0.09475578084507988,-0.2843126674576233,22.838939626947614
"('INDPRO',)",1,MinMax,RANDOM_FOREST,N/A,Baxter_King,6-32Q,12,0.018561379119182705,0.1362401523750715,0.10486452044681038,-0.4882665743111354,23.379007167716022
"('INDPRO',)",1,MinMax,XGBOOST,N/A,Baxter_King,6-32Q,12,0.019939195867949084,0.1412062175258196,0.10781707385393097,-0.5987410492705876,24.47881884962267
"('INDPRO',)",1,Standard,LSTM,50,Baxter_King,6-32Q,12,1.6168696777408011,1.271561904800864,0.9763939985234341,-0.5269375835955932,970.88891358927
"('INDPRO',)",1,Standard,GRU,50,Baxter_King,6-32Q,12,1.3628803466218067,1.1674246642168422,0.9024663339906706,-0.28707542224948224,535.9086267798565
"('INDPRO',)",1,Standard,CNN,50,Baxter_King,6-32Q,12,3.4309883221572046,1.8522927204297934,1.3524776152764568,-2.240152926424825,1045.6655472648513
"('INDPRO',)",1,Standard,RNN,50,Baxter_King,6-32Q,12,1.099623674347193,1.048629426607509,0.8131170307672195,-0.03846137959510809,548.1659503645465
"('INDPRO',)",1,Standard,ANN,50,Baxter_King,6-32Q,12,1.6763230801170863,1.2947289600982463,0.9492022977737962,-0.5830841214463294,384.4197230402745
"('INDPRO',)",1,Standard,RANDOM_FOREST,N/A,Baxter_King,6-32Q,12,1.5669252124044522,1.251768833453067,0.9611517548089765,-0.479771085104993,981.3481999717782
"('INDPRO',)",1,Standard,XGBOOST,N/A,Baxter_King,6-32Q,12,1.7121596329068942,1.3084951787862629,0.996777498278566,-0.616927405215324,1004.6118665411161
"('UNRATE',)",1,MinMax,LSTM,50,Baxter_King,6-32Q,12,0.012713040660744749,0.11275212042682278,0.08476576092735813,-0.01934200857365309,20.39229095433465
"('UNRATE',)",1,MinMax,GRU,50,Baxter_King,6-32Q,12,0.011045484529843125,0.10509750011224399,0.08011849025469377,0.11436400726024842,19.105387890628453
"('UNRATE',)",1,MinMax,CNN,50,Baxter_King,6-32Q,12,0.01145140109588753,0.10701121948603114,0.08621427312969773,0.0818172846636116,20.666288438560365
"('UNRATE',)",1,MinMax,RNN,50,Baxter_King,6-32Q,12,0.03319730336495674,0.1822012715788689,0.11995890011540006,-1.661786963031827,27.878923161474212
"('UNRATE',)",1,MinMax,ANN,50,Baxter_King,6-32Q,12,0.012783750136460426,0.11306524725334671,0.08898073092368167,-0.025011552227656164,20.90310135570531
"('UNRATE',)",1,MinMax,RANDOM_FOREST,N/A,Baxter_King,6-32Q,12,0.012217172702032758,0.11053132000493235,0.08781573907151237,0.020417090331894316,20.537710104050966
"('UNRATE',)",1,MinMax,XGBOOST,N/A,Baxter_King,6-32Q,12,0.013216146580563137,0.11496150042759157,0.09121185783880634,-0.05968145312656059,20.780002618917848
"('UNRATE',)",1,Standard,LSTM,50,Baxter_King,6-32Q,12,1.134644921910581,1.0651971281929842,0.7995817251835351,-0.07153470632337111,291.019666962952
"('UNRATE',)",1,Standard,GRU,50,Baxter_King,6-32Q,12,0.9681201022455144,0.9839309438398176,0.7377439023007374,0.08572781721121336,304.09679224413264
"('UNRATE',)",1,Standard,CNN,50,Baxter_King,6-32Q,12,3.7603693302960792,1.9391671744066006,1.1976476802144767,-2.551213395659798,653.1562731963621
"('UNRATE',)",1,Standard,RNN,50,Baxter_King,6-32Q,12,1.1651359536010282,1.079414634698376,0.821225295693432,-0.10032979283634336,327.14637283276005
"('UNRATE',)",1,Standard,ANN,50,Baxter_King,6-32Q,12,1.73785649259457,1.318277851059696,0.9125133959396884,-0.6411949769174046,269.25164265391436
"('UNRATE',)",1,Standard,RANDOM_FOREST,N/A,Baxter_King,6-32Q,12,1.032424466571977,1.0160829033951793,0.8075154722596881,0.025000133322369833,277.4566434019325
"('UNRATE',)",1,Standard,XGBOOST,N/A,Baxter_King,6-32Q,12,1.1250082638612142,1.060664067394203,0.8413318154225042,-0.062434049938746794,428.40367696176446
"('USOIL',)",1,MinMax,LSTM,50,Baxter_King,6-32Q,12,0.007582823291162189,0.0870794079628599,0.06755634409508247,0.39200302032074685,15.447359347864055
"('USOIL',)",1,MinMax,GRU,50,Baxter_King,6-32Q,12,0.006227870837100174,0.07891686028410008,0.06182209710764611,0.5006442174113934,14.362534429532904
"('USOIL',)",1,MinMax,CNN,50,Baxter_King,6-32Q,12,0.006485472587240048,0.08053243189696961,0.061953371576556296,0.4799894981819903,13.500555591640811
"('USOIL',)",1,MinMax,RNN,50,Baxter_King,6-32Q,12,0.012699162369312057,0.11269056024934855,0.09076360317340484,-0.018229235804172905,20.116598739610303
"('USOIL',)",1,MinMax,ANN,50,Baxter_King,6-32Q,12,0.01827334888973616,0.13517895135610486,0.10298451758252854,-0.46517207469858035,23.65483589417789
"('USOIL',)",1,MinMax,RANDOM_FOREST,N/A,Baxter_King,6-32Q,12,0.009793990958880578,0.09896459447135919,0.07832258228762833,0.21470978640033045,16.96977022775546
"('USOIL',)",1,MinMax,XGBOOST,N/A,Baxter_King,6-32Q,12,0.010465710551828409,0.10230205546238262,0.08130948161580091,0.1608507594888562,17.708079278457337
"('USOIL',)",1,Standard,LSTM,50,Baxter_King,6-32Q,12,0.8969421733025158,0.947070310643574,0.8047629635919675,0.15294675038919348,1233.2126840429003
"('USOIL',)",1,Standard,GRU,50,Baxter_King,6-32Q,12,0.8467199503657583,0.9201738696386451,0.7365944009483257,0.20037555729279166,1845.722852275358
"('USOIL',)",1,Standard,CNN,50,Baxter_King,6-32Q,12,1.2567588207909381,1.121052550414537,0.8355773267740779,-0.1868564940016113,2058.0153167089106
"('USOIL',)",1,Standard,RNN,50,Baxter_King,6-32Q,12,0.6026647079698316,0.776314825293084,0.6450760612112217,0.43085617500625806,1040.6877891557222
"('USOIL',)",1,Standard,ANN,50,Baxter_King,6-32Q,12,1.0102776164088678,1.0051256719479749,0.784386814162473,0.04591515098759247,1069.9415825443618
"('USOIL',)",1,Standard,RANDOM_FOREST,N/A,Baxter_King,6-32Q,12,0.8289014338999828,0.9104402418061182,0.7170413348778844,0.2172029880066425,916.4567161992197
"('USOIL',)",1,Standard,XGBOOST,N/A,Baxter_King,6-32Q,12,0.8945444156241618,0.9458035819472042,0.7445203806825552,0.15521114211218578,1100.3151342700135
"('USM2', 'USPPIYY')",2,MinMax,LSTM,50,Baxter_King,6-32Q,12,0.009414885795953294,0.09703033441122057,0.0678900734220044,0.24510674874405836,14.87745142522705
"('USM2', 'USPPIYY')",2,MinMax,GRU,50,Baxter_King,6-32Q,12,0.007485751622144807,0.08652023822288521,0.06625375512379496,0.3997863062168826,14.772302272072837
"('USM2', 'USPPIYY')",2,MinMax,CNN,50,Baxter_King,6-32Q,12,0.012884391809338468,0.11350943489128323,0.08692859249445052,-0.03308108395616616,19.407973267087602
"('USM2', 'USPPIYY')",2,MinMax,RNN,50,Baxter_King,6-32Q,12,0.021276843972690973,0.14586584237816258,0.10206812516772036,-0.7059947694653643,23.224222778500053
"('USM2', 'USPPIYY')",2,MinMax,ANN,50,Baxter_King,6-32Q,12,0.016017154669817173,0.12655889802703393,0.09689675089330585,-0.2842685749586713,20.23347697144301
"('USM2', 'USPPIYY')",2,MinMax,RANDOM_FOREST,N/A,Baxter_King,6-32Q,12,0.004880271039181347,0.06985893671665314,0.05514412541493441,0.6086958725127274,12.251125001693755
"('USM2', 'USPPIYY')",2,MinMax,XGBOOST,N/A,Baxter_King,6-32Q,12,0.006883660425367434,0.08296782765245474,0.06315873363609475,0.44806247131738886,13.341032921953037
"('USM2', 'USPPIYY')",2,Standard,LSTM,50,Baxter_King,6-32Q,12,1.03409529229513,1.0169047606807287,0.7533620493493989,0.023422240788764204,490.7344710778885
"('USM2', 'USPPIYY')",2,Standard,GRU,50,Baxter_King,6-32Q,12,0.830179753680201,0.9111420052221284,0.6947073759516047,0.21599576979781543,507.601333661926
"('USM2', 'USPPIYY')",2,Standard,CNN,50,Baxter_King,6-32Q,12,5.523021020414062,2.3501108527927066,1.4823177895936845,-4.215824433569872,758.1659601540534
"('USM2', 'USPPIYY')",2,Standard,RNN,50,Baxter_King,6-32Q,12,0.9376545480504564,0.9683256415330829,0.7430833029118252,0.11449884331549509,696.998090887819
"('USM2', 'USPPIYY')",2,Standard,ANN,50,Baxter_King,6-32Q,12,6.15655875687626,2.4812413741666206,1.5731676669586783,-4.81412409479049,892.8744456163085
"('USM2', 'USPPIYY')",2,Standard,RANDOM_FOREST,N/A,Baxter_King,6-32Q,12,0.4176158758595597,0.6462320603773537,0.5112226385201684,0.6056123847611804,446.3359142175998
"('USM2', 'USPPIYY')",2,Standard,XGBOOST,N/A,Baxter_King,6-32Q,12,0.5795050804844852,0.7612523106595377,0.5812145737162933,0.45272763818989614,590.7809652600404
"('USM2', 'INDPRO')",2,MinMax,LSTM,50,Baxter_King,6-32Q,12,0.01203973236836391,0.10972571425314993,0.08415091829290122,0.03464440155905657,19.81693058927351
"('USM2', 'INDPRO')",2,MinMax,GRU,50,Baxter_King,6-32Q,12,0.014416645263727386,0.12006933523480251,0.09039566757498262,-0.15593842041254313,21.12547740385667
"('USM2', 'INDPRO')",2,MinMax,CNN,50,Baxter_King,6-32Q,12,0.031719570172099684,0.1780998881866569,0.13267043606059345,-1.543301105781794,29.74288672101274
"('USM2', 'INDPRO')",2,MinMax,RNN,50,Baxter_King,6-32Q,12,0.01957736067347913,0.13991912190075784,0.10710663412505918,-0.5697288071370021,23.246887037243063
"('USM2', 'INDPRO')",2,MinMax,ANN,50,Baxter_King,6-32Q,12,0.01474955207177886,0.12144773390960763,0.09074752864540483,-0.18263116083890396,22.097777632373912
"('USM2', 'INDPRO')",2,MinMax,RANDOM_FOREST,N/A,Baxter_King,6-32Q,12,0.01841315351717279,0.1356950755081878,0.10690475766421836,-0.47638172418701297,24.238926788526303
"('USM2', 'INDPRO')",2,MinMax,XGBOOST,N/A,Baxter_King,6-32Q,12,0.020215494059840942,0.1421812014994983,0.11240753351615802,-0.620894864506778,25.342812655206664
"('USM2', 'INDPRO')",2,Standard,LSTM,50,Baxter_King,6-32Q,12,3.458320528924273,1.8596560243561906,1.3596555845556384,-2.265964885378472,1025.3714864247054
"('USM2', 'INDPRO')",2,Standard,GRU,50,Baxter_King,6-32Q,12,2.436722973983978,1.5610006322817356,1.1756041840203932,-1.3011897254365041,1128.7757957888414
"('USM2', 'INDPRO')",2,Standard,CNN,50,Baxter_King,6-32Q,12,17.048196253937014,4.128946143259442,2.3883896668661593,-15.099956571034863,1412.0839969568422
"('USM2', 'INDPRO')",2,Standard,RNN,50,Baxter_King,6-32Q,12,1.603354144125259,1.266236211820393,1.0036780514437236,-0.5141737990283937,1106.7285983822198
"('USM2', 'INDPRO')",2,Standard,ANN,50,Baxter_King,6-32Q,12,1.8526663986348428,1.361126885574906,0.9980389012153568,-0.7496190279806434,431.4732205144537
"('USM2', 'INDPRO')",2,Standard,RANDOM_FOREST,N/A,Baxter_King,6-32Q,12,1.5778114926120574,1.2561096658381614,0.9896218830137716,-0.4900518582701945,1043.098603691568
"('USM2', 'INDPRO')",2,Standard,XGBOOST,N/A,Baxter_King,6-32Q,12,1.7585839787068542,1.3261161256492036,1.0446565774455907,-0.6607695771427766,879.3349315322881
"('USM2', 'UNRATE')",2,MinMax,LSTM,50,Baxter_King,6-32Q,12,0.011284398433188075,0.10622804918282212,0.08199395371913511,0.0952076948869387,20.358754509698997
"('USM2', 'UNRATE')",2,MinMax,GRU,50,Baxter_King,6-32Q,12,0.011536485822627117,0.1074080342554835,0.07980077625221146,0.07499512161323474,19.6727464755026
"('USM2', 'UNRATE')",2,MinMax,CNN,50,Baxter_King,6-32Q,12,0.011149557665645677,0.10559146587506812,0.08465657639622659,0.10601933802505081,20.223127582046143
"('USM2', 'UNRATE')",2,MinMax,RNN,50,Baxter_King,6-32Q,12,0.01980498406067378,0.14073018176877972,0.09820927528195539,-0.5879798366816322,21.554276111363237
"('USM2', 'UNRATE')",2,MinMax,ANN,50,Baxter_King,6-32Q,12,0.019637349076813103,0.14013332607489593,0.09379378531286604,-0.5745387264299056,24.81811099397771
"('USM2', 'UNRATE')",2,MinMax,RANDOM_FOREST,N/A,Baxter_King,6-32Q,12,0.02974982217737823,0.17248136762380517,0.1256019997827187,-1.385365098896902,26.825555898629833
"('USM2', 'UNRATE')",2,MinMax,XGBOOST,N/A,Baxter_King,6-32Q,12,0.025394172866440853,0.1593554921125747,0.12201257628183393,-1.0361255710974797,25.62134427941636
"('USM2', 'UNRATE')",2,Standard,LSTM,50,Baxter_King,6-32Q,12,1.8279377355200443,1.3520124760962986,0.9210025965379032,-0.7262658006786018,705.5524256360625
"('USM2', 'UNRATE')",2,Standard,GRU,50,Baxter_King,6-32Q,12,2.008811418702787,1.417325445585024,1.0255747870561922,-0.8970790879442725,802.7362700905516
"('USM2', 'UNRATE')",2,Standard,CNN,50,Baxter_King,6-32Q,12,12.45934673797127,3.5297799843575617,2.169767197455358,-10.766343981315796,1117.8535780936538
"('USM2', 'UNRATE')",2,Standard,RNN,50,Baxter_King,6-32Q,12,1.7905966370469457,1.3381317711821006,1.0364020608368487,-0.6910016557346585,620.4249158181574
"('USM2', 'UNRATE')",2,Standard,ANN,50,Baxter_King,6-32Q,12,20.96869598556233,4.579158873151523,2.8019764064133095,-18.802393736570476,944.4548232081473
"('USM2', 'UNRATE')",2,Standard,RANDOM_FOREST,N/A,Baxter_King,6-32Q,12,2.5288261277933275,1.5902283256794691,1.1657293459561706,-1.38816999914396,677.9239950656593
"('USM2', 'UNRATE')",2,Standard,XGBOOST,N/A,Baxter_King,6-32Q,12,2.168867641694162,1.4727075886591208,1.1269806487008345,-1.0482328053640795,787.6961969592257
"('USM2', 'USOIL')",2,MinMax,LSTM,50,Baxter_King,6-32Q,12,0.011106102257304212,0.10538549358096783,0.07802079881140384,0.10950362824359416,16.83525467406019
"('USM2', 'USOIL')",2,MinMax,GRU,50,Baxter_King,6-32Q,12,0.0077900138571713575,0.0882610551555518,0.06868641079542573,0.3753903111074872,15.534277401695457
"('USM2', 'USOIL')",2,MinMax,CNN,50,Baxter_King,6-32Q,12,0.019738479903563817,0.14049370058320698,0.11087126049205406,-0.5826474789164053,24.925197785879575
"('USM2', 'USOIL')",2,MinMax,RNN,50,Baxter_King,6-32Q,12,0.031205693662097928,0.17665133359841337,0.11306782530596118,-1.502098066489908,24.084786204783164
"('USM2', 'USOIL')",2,MinMax,ANN,50,Baxter_King,6-32Q,12,0.008676861637925266,0.09314967331088857,0.07267452236384436,0.3042821299684034,18.121827269897672
"('USM2', 'USOIL')",2,MinMax,RANDOM_FOREST,N/A,Baxter_King,6-32Q,12,0.009141014337786874,0.09560865200277051,0.07596639198289941,0.2670659864833327,15.922403330863174
"('USM2', 'USOIL')",2,MinMax,XGBOOST,N/A,Baxter_King,6-32Q,12,0.01164481904582088,0.10791116274890601,0.07879793078295116,0.06630887508319971,16.576434084992208
"('USM2', 'USOIL')",2,Standard,LSTM,50,Baxter_King,6-32Q,12,1.2964688582406696,1.1386258640311442,0.9765729854333824,-0.22435781489514572,2006.8388247683497
"('USM2', 'USOIL')",2,Standard,GRU,50,Baxter_King,6-32Q,12,0.8412005424572893,0.9171698547473577,0.7318945966705875,0.20558796957973124,1839.214432439059
"('USM2', 'USOIL')",2,Standard,CNN,50,Baxter_King,6-32Q,12,4.7912152500887055,2.1888844761861477,1.593505649737509,-3.524722516089887,1929.6652821470332
"('USM2', 'USOIL')",2,Standard,RNN,50,Baxter_King,6-32Q,12,1.001382561955806,1.0006910422082362,0.7887504942471393,0.05431545259476178,1268.0005171738305
"('USM2', 'USOIL')",2,Standard,ANN,50,Baxter_King,6-32Q,12,2.273060019739152,1.5076670785485609,1.0395736791167403,-1.146629887176755,705.0070173462906
"('USM2', 'USOIL')",2,Standard,RANDOM_FOREST,N/A,Baxter_King,6-32Q,12,0.8029468808931091,0.8960730332361917,0.710758895003699,0.24171391983820145,1061.0138332040424
"('USM2', 'USOIL')",2,Standard,XGBOOST,N/A,Baxter_King,6-32Q,12,0.9939035068872503,0.9969470933240391,0.7300693837193356,0.06137851428190766,1414.7510696877096
"('USPPIYY', 'INDPRO')",2,MinMax,LSTM,50,Baxter_King,6-32Q,12,0.007027775144327099,0.08383182655964916,0.06568903026682817,0.4365072351618894,15.248201448577698
"('USPPIYY', 'INDPRO')",2,MinMax,GRU,50,Baxter_King,6-32Q,12,0.005887782288790414,0.07673188573722409,0.05931355117521102,0.5279127956514839,13.652224185722655
"('USPPIYY', 'INDPRO')",2,MinMax,CNN,50,Baxter_King,6-32Q,12,0.008028188405636965,0.08960015851345893,0.06890659375179821,0.35629328081372647,16.257447045135013
"('USPPIYY', 'INDPRO')",2,MinMax,RNN,50,Baxter_King,6-32Q,12,0.00929057056317326,0.09638760585870602,0.07014841166702,0.2550744458874794,15.087702680418152
"('USPPIYY', 'INDPRO')",2,MinMax,ANN,50,Baxter_King,6-32Q,12,0.011037475895384412,0.10505939222832203,0.08359586884374144,0.11500614612796112,19.09839458477704
"('USPPIYY', 'INDPRO')",2,MinMax,RANDOM_FOREST,N/A,Baxter_King,6-32Q,12,0.0054853469527371326,0.07406312815927459,0.05680596349737399,0.5601803903772866,12.633146530594805
"('USPPIYY', 'INDPRO')",2,MinMax,XGBOOST,N/A,Baxter_King,6-32Q,12,0.007496944282080815,0.08658489638545983,0.06685563681392932,0.39888886957958136,14.856526129724609
"('USPPIYY', 'INDPRO')",2,Standard,LSTM,50,Baxter_King,6-32Q,12,0.6521152814625946,0.8075365511619859,0.6401987038605201,0.3841560975442573,875.6288580826442
"('USPPIYY', 'INDPRO')",2,Standard,GRU,50,Baxter_King,6-32Q,12,0.4638395980832048,0.6810577053988927,0.5449325445331141,0.5619596775030502,613.0246498473864
"('USPPIYY', 'INDPRO')",2,Standard,CNN,50,Baxter_King,6-32Q,12,1.134208495214533,1.0649922512462393,0.8425877945357949,-0.07112255416673507,802.6803880033727
"('USPPIYY', 'INDPRO')",2,Standard,RNN,50,Baxter_King,6-32Q,12,0.4981060177051637,0.7057662627989267,0.5633908375701223,0.5295991943445464,757.9187402663327
"('USPPIYY', 'INDPRO')",2,Standard,ANN,50,Baxter_King,6-32Q,12,1.4000736449866389,1.1832470768975678,0.9347332401258136,-0.32219998789196524,753.2099307823389
"('USPPIYY', 'INDPRO')",2,Standard,RANDOM_FOREST,N/A,Baxter_King,6-32Q,12,0.47714877214404133,0.690759561746373,0.5388298866870631,0.5493907745420505,502.6294478853092
"('USPPIYY', 'INDPRO')",2,Standard,XGBOOST,N/A,Baxter_King,6-32Q,12,0.6461761725988164,0.8038508397699268,0.6192040337414536,0.3897648665514414,371.62010816017556
"('USPPIYY', 'UNRATE')",2,MinMax,LSTM,50,Baxter_King,6-32Q,12,0.010737623082765196,0.10362250278180506,0.08119635618513446,0.139048590138663,19.54842606490462
"('USPPIYY', 'UNRATE')",2,MinMax,GRU,50,Baxter_King,6-32Q,12,0.006995615860599608,0.083639798305589,0.06141830800937756,0.4390857928605437,14.548727553268082
"('USPPIYY', 'UNRATE')",2,MinMax,CNN,50,Baxter_King,6-32Q,12,0.007256232895123231,0.08518352478691658,0.06613704287335745,0.4181893056605841,15.69266426531917
"('USPPIYY', 'UNRATE')",2,MinMax,RNN,50,Baxter_King,6-32Q,12,0.008222303418665393,0.09067691778322305,0.07066224173955006,0.34072898014365316,15.98001759831938
"('USPPIYY', 'UNRATE')",2,MinMax,ANN,50,Baxter_King,6-32Q,12,0.0083556938077717,0.09140948423315656,0.06875681853492813,0.3300336295359978,16.308279227036266
"('USPPIYY', 'UNRATE')",2,MinMax,RANDOM_FOREST,N/A,Baxter_King,6-32Q,12,0.005024511472867964,0.07088378850532726,0.05597063077519988,0.597130556447496,13.088266745898478
"('USPPIYY', 'UNRATE')",2,MinMax,XGBOOST,N/A,Baxter_King,6-32Q,12,0.0063729862646880655,0.07983098561766644,0.06265938992057529,0.48900874361878455,14.066034351310025
"('USPPIYY', 'UNRATE')",2,Standard,LSTM,50,Baxter_King,6-32Q,12,1.2444805797872964,1.115562898176206,0.8145045217424016,-0.17526118245176425,485.4323167399959
"('USPPIYY', 'UNRATE')",2,Standard,GRU,50,Baxter_King,6-32Q,12,0.5817982812406154,0.7627570263462772,0.5522444515369037,0.4505619878165418,380.0626873650047
"('USPPIYY', 'UNRATE')",2,Standard,CNN,50,Baxter_King,6-32Q,12,2.927202101406701,1.7109068067567856,1.0923207747320212,-1.7643878569503464,624.7210239474061
"('USPPIYY', 'UNRATE')",2,Standard,RNN,50,Baxter_King,6-32Q,12,0.4241276137336336,0.651250807088662,0.4817683666311053,0.5994628370076847,265.1928869631875
"('USPPIYY', 'UNRATE')",2,Standard,ANN,50,Baxter_King,6-32Q,12,2.9995021511295867,1.7319070850162797,1.1001287234097894,-1.8326664972993694,671.3370366776762
"('USPPIYY', 'UNRATE')",2,Standard,RANDOM_FOREST,N/A,Baxter_King,6-32Q,12,0.4236099508508312,0.6508532483216406,0.5129283611354876,0.5999517069037965,253.1516125611703
"('USPPIYY', 'UNRATE')",2,Standard,XGBOOST,N/A,Baxter_King,6-32Q,12,0.5316775992187159,0.7291622584985566,0.5740508240098324,0.4978949016241756,261.773879115645
"('USPPIYY', 'USOIL')",2,MinMax,LSTM,50,Baxter_King,6-32Q,12,0.0049815582298132705,0.0705801546457166,0.05658509602205162,0.6005745826422143,13.176501621865128
"('USPPIYY', 'USOIL')",2,MinMax,GRU,50,Baxter_King,6-32Q,12,0.0027903893198343546,0.05282413576987658,0.04295620702976741,0.7762642997937368,9.788479559265598
"('USPPIYY', 'USOIL')",2,MinMax,CNN,50,Baxter_King,6-32Q,12,0.005953234643592527,0.07715720733406911,0.06393617447579547,0.5226647722564298,13.780330664146529
"('USPPIYY', 'USOIL')",2,MinMax,RNN,50,Baxter_King,6-32Q,12,0.00430499529976688,0.06561246299116412,0.05350593079844465,0.6548219522875783,12.005045363935048
"('USPPIYY', 'USOIL')",2,MinMax,ANN,50,Baxter_King,6-32Q,12,0.004493031910675668,0.06703008213239536,0.052670008819668435,0.6397450228759549,12.762444402450335
"('USPPIYY', 'USOIL')",2,MinMax,RANDOM_FOREST,N/A,Baxter_King,6-32Q,12,0.0030585750542458873,0.0553043854883669,0.044596456694690076,0.7547609480401338,9.798450707223786
"('USPPIYY', 'USOIL')",2,MinMax,XGBOOST,N/A,Baxter_King,6-32Q,12,0.004773544025370611,0.06909083893954836,0.05382051502217708,0.6172533318593987,11.466842864721688
"('USPPIYY', 'USOIL')",2,Standard,LSTM,50,Baxter_King,6-32Q,12,0.4870649128980561,0.6979003602936855,0.5720374716954165,0.5400261805924098,916.0794480736247
"('USPPIYY', 'USOIL')",2,Standard,GRU,50,Baxter_King,6-32Q,12,0.2572852556729055,0.5072329402482705,0.4027729996357635,0.7570252370983362,367.4870978379824
"('USPPIYY', 'USOIL')",2,Standard,CNN,50,Baxter_King,6-32Q,12,0.4677235830596634,0.6839031971409868,0.5446142128180029,0.5582917241012881,545.6552098296467
"('USPPIYY', 'USOIL')",2,Standard,RNN,50,Baxter_King,6-32Q,12,0.33580750283946226,0.5794890014827393,0.4295060277952016,0.6828704848646692,567.0544506066785
"('USPPIYY', 'USOIL')",2,Standard,ANN,50,Baxter_King,6-32Q,12,0.4392427271214931,0.6627538963457651,0.5420102231441598,0.5851884430784966,801.3664490576934
"('USPPIYY', 'USOIL')",2,Standard,RANDOM_FOREST,N/A,Baxter_King,6-32Q,12,0.2632043430461641,0.5130344462569391,0.414425110225611,0.7514353759640466,959.4621673581755
"('USPPIYY', 'USOIL')",2,Standard,XGBOOST,N/A,Baxter_King,6-32Q,12,0.40978776481506535,0.6401466744544295,0.4993029891067594,0.6130050875417161,580.4983257673812
"('INDPRO', 'UNRATE')",2,MinMax,LSTM,50,Baxter_King,6-32Q,12,0.01257716276065195,0.11214795031854996,0.08677962029952044,-0.008447207298530879,20.69503642329845
"('INDPRO', 'UNRATE')",2,MinMax,GRU,50,Baxter_King,6-32Q,12,0.011342793327273476,0.10650255080172247,0.08087399784210877,0.09052554447022088,19.123467593611565
"('INDPRO', 'UNRATE')",2,MinMax,CNN,50,Baxter_King,6-32Q,12,0.012567571610188724,0.1121051810140313,0.08661174583905258,-0.007678181001941953,21.028848553454523
"('INDPRO', 'UNRATE')",2,MinMax,RNN,50,Baxter_King,6-32Q,12,0.02328866529713493,0.15260624265453537,0.120569895555912,-0.8673042503735988,29.199005834118587
"('INDPRO', 'UNRATE')",2,MinMax,ANN,50,Baxter_King,6-32Q,12,0.01534641023542859,0.12388062897575468,0.09146055984019649,-0.2304877370588574,20.113535453201337
"('INDPRO', 'UNRATE')",2,MinMax,RANDOM_FOREST,N/A,Baxter_King,6-32Q,12,0.015068083671070655,0.12275212287806128,0.09301652028486425,-0.20817128525767203,20.991754139342536
"('INDPRO', 'UNRATE')",2,MinMax,XGBOOST,N/A,Baxter_King,6-32Q,12,0.016929652064854007,0.13011399642180702,0.09839504508798445,-0.35743336317076113,23.17277875270837
"('INDPRO', 'UNRATE')",2,Standard,LSTM,50,Baxter_King,6-32Q,12,1.997498087151685,1.4133287257930072,0.9853783643886852,-0.886395016507425,641.467632954564
"('INDPRO', 'UNRATE')",2,Standard,GRU,50,Baxter_King,6-32Q,12,1.9492916985277582,1.3961703687328986,0.9968527184360204,-0.8408699209646975,649.4269096375058
"('INDPRO', 'UNRATE')",2,Standard,CNN,50,Baxter_King,6-32Q,12,4.696410743964148,2.1671203805889854,1.3454955271593183,-3.4351911422947694,615.4820711161617
"('INDPRO', 'UNRATE')",2,Standard,RNN,50,Baxter_King,6-32Q,12,0.983723051363022,0.9918281360009011,0.7782844113302894,0.07099272151955471,271.27240144914754
"('INDPRO', 'UNRATE')",2,Standard,ANN,50,Baxter_King,6-32Q,12,3.388444184431126,1.8407727139522485,1.2266661795416276,-2.1999751410720894,518.9208181406982
"('INDPRO', 'UNRATE')",2,Standard,RANDOM_FOREST,N/A,Baxter_King,6-32Q,12,1.2659424190395066,1.12514106628436,0.8558252053095324,-0.19552929027667987,793.0240325760559
"('INDPRO', 'UNRATE')",2,Standard,XGBOOST,N/A,Baxter_King,6-32Q,12,1.4240422856615735,1.1933324288150278,0.9015705274004308,-0.34483546604960713,934.30016121703
"('INDPRO', 'USOIL')",2,MinMax,LSTM,50,Baxter_King,6-32Q,12,0.008014040709140918,0.08952117464120385,0.06899981364953821,0.3574276547017531,15.639069663619726
"('INDPRO', 'USOIL')",2,MinMax,GRU,50,Baxter_King,6-32Q,12,0.007765246146479005,0.08812063405626973,0.07072342677603574,0.3773762064285705,16.354090834574013
"('INDPRO', 'USOIL')",2,MinMax,CNN,50,Baxter_King,6-32Q,12,0.010287963016218229,0.10142959635243665,0.08046942120447813,0.17510270241918613,18.319429188434665
"('INDPRO', 'USOIL')",2,MinMax,RNN,50,Baxter_King,6-32Q,12,0.008028411155358284,0.08960140152563621,0.07322706768945952,0.35627542055870187,15.972484011764648
"('INDPRO', 'USOIL')",2,MinMax,ANN,50,Baxter_King,6-32Q,12,0.013801460132433918,0.11747961581667654,0.09073459207790366,-0.10661237292229653,21.406413258045955
"('INDPRO', 'USOIL')",2,MinMax,RANDOM_FOREST,N/A,Baxter_King,6-32Q,12,0.00976201106628187,0.0988028899692811,0.07254769578579474,0.21727396037140834,15.587424430083288
"('INDPRO', 'USOIL')",2,MinMax,XGBOOST,N/A,Baxter_King,6-32Q,12,0.01001563097102771,0.10007812433807756,0.07040758851545582,0.1969385087657074,14.85190303452578
"('INDPRO', 'USOIL')",2,Standard,LSTM,50,Baxter_King,6-32Q,12,0.6032304690421846,0.7766791287540722,0.6362004738054836,0.4303218821955238,883.5265403892774
"('INDPRO', 'USOIL')",2,Standard,GRU,50,Baxter_King,6-32Q,12,0.8475432328330635,0.9206211125284188,0.7378969536882286,0.19959806671420643,1849.6216198154395
"('INDPRO', 'USOIL')",2,Standard,CNN,50,Baxter_King,6-32Q,12,1.7702782244224193,1.3305180285972902,1.038341942933466,-0.6718133758735738,1513.2530446132976
"('INDPRO', 'USOIL')",2,Standard,RNN,50,Baxter_King,6-32Q,12,0.7575103249571374,0.8703506907891424,0.7038412180793385,0.28462324387520066,1040.8154121637533
"('INDPRO', 'USOIL')",2,Standard,ANN,50,Baxter_King,6-32Q,12,0.8118575298978057,0.9010313700964055,0.6978832685391285,0.23329889106574575,703.7591845014608
"('INDPRO', 'USOIL')",2,Standard,RANDOM_FOREST,N/A,Baxter_King,6-32Q,12,0.8406843411055737,0.9168884016637868,0.6717995958571139,0.20607545923674475,739.9509033104938
"('INDPRO', 'USOIL')",2,Standard,XGBOOST,N/A,Baxter_King,6-32Q,12,0.8437376814214632,0.9185519481343791,0.6468389989657413,0.2031919491134343,530.0070296577729
"('UNRATE', 'USOIL')",2,MinMax,LSTM,50,Baxter_King,6-32Q,12,0.010211618937979445,0.10105255532632237,0.07690690598648621,0.18122403311664248,18.28714007333047
"('UNRATE', 'USOIL')",2,MinMax,GRU,50,Baxter_King,6-32Q,12,0.006855790520293434,0.08279970120896231,0.06455742953386989,0.4502971031238149,14.84881473101506
"('UNRATE', 'USOIL')",2,MinMax,CNN,50,Baxter_King,6-32Q,12,0.01357962338269381,0.11653164112245999,0.08619855092232936,-0.08882532070639604,19.06610651772621
"('UNRATE', 'USOIL')",2,MinMax,RNN,50,Baxter_King,6-32Q,12,0.018451114206988962,0.13583487846274594,0.09767438322532809,-0.4794254433755738,22.331573394572185
"('UNRATE', 'USOIL')",2,MinMax,ANN,50,Baxter_King,6-32Q,12,0.01360947041399648,0.11665963489569338,0.0892123776484429,-0.09121848011254574,21.02667129101071
"('UNRATE', 'USOIL')",2,MinMax,RANDOM_FOREST,N/A,Baxter_King,6-32Q,12,0.007529959971303613,0.08677534195440323,0.06288724213533473,0.3962416445871586,13.875373455949758
"('UNRATE', 'USOIL')",2,MinMax,XGBOOST,N/A,Baxter_King,6-32Q,12,0.008175524143755924,0.0904186050752605,0.06555147748639871,0.34447978070492835,14.51154757482934
"('UNRATE', 'USOIL')",2,Standard,LSTM,50,Baxter_King,6-32Q,12,0.985018793706115,0.9924811301511556,0.6897761668603257,0.06976904981022458,641.9193467797006
"('UNRATE', 'USOIL')",2,Standard,GRU,50,Baxter_King,6-32Q,12,0.9716303531591921,0.9857131190966224,0.7371437134008342,0.08241281036697934,1390.9239057203336
"('UNRATE', 'USOIL')",2,Standard,CNN,50,Baxter_King,6-32Q,12,5.692192705519495,2.3858316590907025,1.575712676314106,-4.375586600938004,947.002506848574
"('UNRATE', 'USOIL')",2,Standard,RNN,50,Baxter_King,6-32Q,12,0.5901879161370852,0.7682368880345991,0.6339521586473292,0.4426389937667278,974.8944317487147
"('UNRATE', 'USOIL')",2,Standard,ANN,50,Baxter_King,6-32Q,12,2.1973879819591353,1.4823589248084066,1.0071534738838956,-1.0751668125058127,943.5367066572695
"('UNRATE', 'USOIL')",2,Standard,RANDOM_FOREST,N/A,Baxter_King,6-32Q,12,0.6093218753014638,0.7805907220185645,0.5730786542658918,0.4245692867437746,454.0674004313525
"('UNRATE', 'USOIL')",2,Standard,XGBOOST,N/A,Baxter_King,6-32Q,12,0.7035535227828318,0.8387809742613573,0.6102523140146482,0.33557890855542316,364.43428094640825
"('USM2', 'USPPIYY', 'INDPRO')",3,MinMax,LSTM,50,Baxter_King,6-32Q,12,0.010135395577951943,0.10067470177731813,0.07745790941684402,0.18733568452908378,18.020293387683726
"('USM2', 'USPPIYY', 'INDPRO')",3,MinMax,GRU,50,Baxter_King,6-32Q,12,0.016503632269298404,0.12846646359769698,0.09341093538375675,-0.3232747471730406,19.77618351710058
"('USM2', 'USPPIYY', 'INDPRO')",3,MinMax,CNN,50,Baxter_King,6-32Q,12,0.015875036180955638,0.12599617526320248,0.09466175844491251,-0.2728733981667897,20.971642685960592
"('USM2', 'USPPIYY', 'INDPRO')",3,MinMax,RNN,50,Baxter_King,6-32Q,12,0.011337879658177057,0.1064794799864136,0.07932664204835915,0.09091952648128099,17.779594920349997
"('USM2', 'USPPIYY', 'INDPRO')",3,MinMax,ANN,50,Baxter_King,6-32Q,12,0.00923620299715319,0.09610516633955321,0.07559968567567596,0.25943368184267324,17.63524908514566
"('USM2', 'USPPIYY', 'INDPRO')",3,MinMax,RANDOM_FOREST,N/A,Baxter_King,6-32Q,12,0.005576887741147015,0.07467856279513563,0.057385111233061954,0.5528405750164918,12.642372607338537
"('USM2', 'USPPIYY', 'INDPRO')",3,MinMax,XGBOOST,N/A,Baxter_King,6-32Q,12,0.008528035316281596,0.09234736225946898,0.06869377555238379,0.31621514628458014,14.705216094417176
"('USM2', 'USPPIYY', 'INDPRO')",3,Standard,LSTM,50,Baxter_King,6-32Q,12,2.6559984143880926,1.6297234165305758,1.1807495389127847,-1.50826882137227,690.8113144520297
"('USM2', 'USPPIYY', 'INDPRO')",3,Standard,GRU,50,Baxter_King,6-32Q,12,0.6362176320751911,0.7976325169369608,0.6472538905852705,0.39916950194823486,1057.84641612641
"('USM2', 'USPPIYY', 'INDPRO')",3,Standard,CNN,50,Baxter_King,6-32Q,12,5.284871358728114,2.2988848076248,1.558511540117442,-3.9909209215830845,728.6143247698336
"('USM2', 'USPPIYY', 'INDPRO')",3,Standard,RNN,50,Baxter_King,6-32Q,12,0.7882361731403668,0.8878266571467466,0.7088841191843851,0.2556064016245747,1054.6475409604711
"('USM2', 'USPPIYY', 'INDPRO')",3,Standard,ANN,50,Baxter_King,6-32Q,12,8.221774905760501,2.8673637553963225,1.7968782683658362,-6.764470618937148,970.8445677630215
"('USM2', 'USPPIYY', 'INDPRO')",3,Standard,RANDOM_FOREST,N/A,Baxter_King,6-32Q,12,0.48587742528633254,0.6970490838429763,0.5376295930999934,0.5411476188192237,431.36213251641635
"('USM2', 'USPPIYY', 'INDPRO')",3,Standard,XGBOOST,N/A,Baxter_King,6-32Q,12,0.7183099801412242,0.847531698605559,0.6314572345843974,0.32164322180747296,447.666101413064
"('USM2', 'USPPIYY', 'UNRATE')",3,MinMax,LSTM,50,Baxter_King,6-32Q,12,0.009215672748475682,0.09599829554984651,0.07303726503005571,0.2610798139901198,17.357571154241885
"('USM2', 'USPPIYY', 'UNRATE')",3,MinMax,GRU,50,Baxter_King,6-32Q,12,0.009210261104132558,0.09597010526269395,0.06621834936133755,0.2615137240641622,15.909606156509248
"('USM2', 'USPPIYY', 'UNRATE')",3,MinMax,CNN,50,Baxter_King,6-32Q,12,0.01005912566217595,0.1002951926174727,0.07884996404547114,0.19345106881955532,17.922601011312214
"('USM2', 'USPPIYY', 'UNRATE')",3,MinMax,RNN,50,Baxter_King,6-32Q,12,0.01002685886172921,0.1001342042547361,0.07060759667438905,0.19603824729678498,16.76955232576045
"('USM2', 'USPPIYY', 'UNRATE')",3,MinMax,ANN,50,Baxter_King,6-32Q,12,0.013662037699745697,0.11688471970170308,0.09024394390551184,-0.09543336812170056,20.22636898367714
"('USM2', 'USPPIYY', 'UNRATE')",3,MinMax,RANDOM_FOREST,N/A,Baxter_King,6-32Q,12,0.004944022305560752,0.07031374193968595,0.05523907645508688,0.6035842437801178,12.190888279005044
"('USM2', 'USPPIYY', 'UNRATE')",3,MinMax,XGBOOST,N/A,Baxter_King,6-32Q,12,0.005844554496739156,0.07644968604735507,0.060020711970937585,0.5313788354095248,12.98730466461156
"('USM2', 'USPPIYY', 'UNRATE')",3,Standard,LSTM,50,Baxter_King,6-32Q,12,0.9548417760941004,0.9771600565383853,0.7490948034372096,0.09826758805790525,424.3655354939752
"('USM2', 'USPPIYY', 'UNRATE')",3,Standard,GRU,50,Baxter_King,6-32Q,12,0.9085280393522307,0.9531673721609604,0.6990302377870227,0.14200530312639814,518.7628352417621
"('USM2', 'USPPIYY', 'UNRATE')",3,Standard,CNN,50,Baxter_King,6-32Q,12,3.723763844374109,1.929705636716157,1.2163549167760357,-2.5166439476767453,686.2882756914162
"('USM2', 'USPPIYY', 'UNRATE')",3,Standard,RNN,50,Baxter_King,6-32Q,12,0.6987629567813097,0.8359204249097576,0.6564383558444133,0.34010301793487563,704.3077752777751
"('USM2', 'USPPIYY', 'UNRATE')",3,Standard,ANN,50,Baxter_King,6-32Q,12,4.477303516319042,2.1159639685776885,1.364371583992752,-3.2282709029368117,591.037251619556
"('USM2', 'USPPIYY', 'UNRATE')",3,Standard,RANDOM_FOREST,N/A,Baxter_King,6-32Q,12,0.4337886123428122,0.6586263070534096,0.5168306864879728,0.590339193912323,394.9004497071083
"('USM2', 'USPPIYY', 'UNRATE')",3,Standard,XGBOOST,N/A,Baxter_King,6-32Q,12,0.5014718075437014,0.7081467415329264,0.5571138039084168,0.5264206134893916,363.4355039732751
"('USM2', 'USPPIYY', 'USOIL')",3,MinMax,LSTM,50,Baxter_King,6-32Q,12,0.006807089484408362,0.08250508762742066,0.06348525886405051,0.4542019920534943,14.824138016859639
"('USM2', 'USPPIYY', 'USOIL')",3,MinMax,GRU,50,Baxter_King,6-32Q,12,0.007599158522532458,0.08717315253294708,0.06512912610944532,0.39069324809553074,14.284570032721295
"('USM2', 'USPPIYY', 'USOIL')",3,MinMax,CNN,50,Baxter_King,6-32Q,12,0.008397579387013587,0.09163830742115213,0.07113740241842784,0.3266752094999059,15.539654300972206
"('USM2', 'USPPIYY', 'USOIL')",3,MinMax,RNN,50,Baxter_King,6-32Q,12,0.01329674821968354,0.11531152682920966,0.08353513351768947,-0.06614415854124678,18.870331537259794
"('USM2', 'USPPIYY', 'USOIL')",3,MinMax,ANN,50,Baxter_King,6-32Q,12,0.008132267833249303,0.0901790875605276,0.07072667213519443,0.34794810709606894,16.506265536419935
"('USM2', 'USPPIYY', 'USOIL')",3,MinMax,RANDOM_FOREST,N/A,Baxter_King,6-32Q,12,0.0030900182765619725,0.05558793283224312,0.04338372484578553,0.7522398047316983,9.354631192004046
"('USM2', 'USPPIYY', 'USOIL')",3,MinMax,XGBOOST,N/A,Baxter_King,6-32Q,12,0.004191845272455112,0.06474446132647264,0.052161154232669274,0.6638944141153992,11.55112960525321
"('USM2', 'USPPIYY', 'USOIL')",3,Standard,LSTM,50,Baxter_King,6-32Q,12,1.0350644510441813,1.017381172935779,0.8472784721492171,0.022506987729863037,987.7152761513347
"('USM2', 'USPPIYY', 'USOIL')",3,Standard,GRU,50,Baxter_King,6-32Q,12,0.7142273190222015,0.8451197069186125,0.6208458761705821,0.325498800763243,645.3059097908415
"('USM2', 'USPPIYY', 'USOIL')",3,Standard,CNN,50,Baxter_King,6-32Q,12,1.0708900934703838,1.0348381967584999,0.7534018485898083,-0.011325992522114081,822.0244897138463
"('USM2', 'USPPIYY', 'USOIL')",3,Standard,RNN,50,Baxter_King,6-32Q,12,0.6114459283062528,0.7819500804439199,0.5710805329508515,0.4225633759352466,333.03533502325837
"('USM2', 'USPPIYY', 'USOIL')",3,Standard,ANN,50,Baxter_King,6-32Q,12,1.921969779425421,1.3863512467716905,0.9946850893104879,-0.8150676774643992,604.8446899888351
"('USM2', 'USPPIYY', 'USOIL')",3,Standard,RANDOM_FOREST,N/A,Baxter_King,6-32Q,12,0.25811485923362304,0.5080500558346815,0.38990441034175566,0.7562417770126018,779.6854659397079
"('USM2', 'USPPIYY', 'USOIL')",3,Standard,XGBOOST,N/A,Baxter_King,6-32Q,12,0.35670247743066796,0.5972457429154836,0.48351350660569165,0.6631377120563082,382.6977428878824
"('USM2', 'INDPRO', 'UNRATE')",3,MinMax,LSTM,50,Baxter_King,6-32Q,12,0.011041105711350656,0.1050766658747348,0.08107352069283597,0.11471510451199207,19.25509610108608
"('USM2', 'INDPRO', 'UNRATE')",3,MinMax,GRU,50,Baxter_King,6-32Q,12,0.010939728339421256,0.10459315627430532,0.08076019114729689,0.12284362519276981,19.229792891885882
"('USM2', 'INDPRO', 'UNRATE')",3,MinMax,CNN,50,Baxter_King,6-32Q,12,0.017584843291225668,0.13260785531493097,0.10514802065605718,-0.4099671321180869,23.45398510385844
"('USM2', 'INDPRO', 'UNRATE')",3,MinMax,RNN,50,Baxter_King,6-32Q,12,0.021111561932667305,0.14529818282644594,0.10712151923210828,-0.6927423201768865,23.695574543196724
"('USM2', 'INDPRO', 'UNRATE')",3,MinMax,ANN,50,Baxter_King,6-32Q,12,0.014622560915386195,0.12092378143023065,0.0977761640394398,-0.17244890594939544,23.68857440033172
"('USM2', 'INDPRO', 'UNRATE')",3,MinMax,RANDOM_FOREST,N/A,Baxter_King,6-32Q,12,0.015067250863734973,0.12274873059928144,0.09406628576809921,-0.2081045100836627,21.803004167234956
"('USM2', 'INDPRO', 'UNRATE')",3,MinMax,XGBOOST,N/A,Baxter_King,6-32Q,12,0.02050374374448731,0.14319128375877951,0.10953463393911055,-0.6440069602169272,25.247806048437837
"('USM2', 'INDPRO', 'UNRATE')",3,Standard,LSTM,50,Baxter_King,6-32Q,12,1.6651990572393667,1.290425920864645,0.9045000493095163,-0.5725788291233878,847.5363027827486
"('USM2', 'INDPRO', 'UNRATE')",3,Standard,GRU,50,Baxter_King,6-32Q,12,1.8700767622856382,1.3675074999010566,1.000781138027849,-0.7660610077941383,940.975598397759
"('USM2', 'INDPRO', 'UNRATE')",3,Standard,CNN,50,Baxter_King,6-32Q,12,6.541139919903614,2.557565232775816,1.7276002046849732,-5.177314424755666,1209.4750722717017
"('USM2', 'INDPRO', 'UNRATE')",3,Standard,RNN,50,Baxter_King,6-32Q,12,1.2281953714332887,1.1082397626115428,0.8547026997149223,-0.15988177554299954,690.5309374426517
"('USM2', 'INDPRO', 'UNRATE')",3,Standard,ANN,50,Baxter_King,6-32Q,12,12.558794303057658,3.5438389217143684,2.147629514364483,-10.860260161956683,1089.7574838165315
"('USM2', 'INDPRO', 'UNRATE')",3,Standard,RANDOM_FOREST,N/A,Baxter_King,6-32Q,12,1.2768157441933556,1.1299627180546072,0.8680750150436001,-0.20579782896265852,846.5496130379481
"('USM2', 'INDPRO', 'UNRATE')",3,Standard,XGBOOST,N/A,Baxter_King,6-32Q,12,1.7175572230993559,1.3105560740004054,0.9967586552434244,-0.6220247754234367,473.7028924128563
"('USM2', 'INDPRO', 'USOIL')",3,MinMax,LSTM,50,Baxter_King,6-32Q,12,0.014120700884362496,0.11883055534820368,0.08752999598784253,-0.1322093577800778,19.101019833915654
"('USM2', 'INDPRO', 'USOIL')",3,MinMax,GRU,50,Baxter_King,6-32Q,12,0.015289150245718867,0.12364930345828426,0.09324914279918768,-0.22589658420414782,20.781780787868538
"('USM2', 'INDPRO', 'USOIL')",3,MinMax,CNN,50,Baxter_King,6-32Q,12,0.02777719025359689,0.16666490408480392,0.11214408533144052,-1.2271978562188641,23.845922376484197
"('USM2', 'INDPRO', 'USOIL')",3,MinMax,RNN,50,Baxter_King,6-32Q,12,0.018365647014636322,0.1355199137198527,0.09981122090108623,-0.4725726139192108,21.933954522530648
"('USM2', 'INDPRO', 'USOIL')",3,MinMax,ANN,50,Baxter_King,6-32Q,12,0.01935036485874452,0.13910558888392846,0.10417510132900659,-0.5515280968660232,24.858962827229313
"('USM2', 'INDPRO', 'USOIL')",3,MinMax,RANDOM_FOREST,N/A,Baxter_King,6-32Q,12,0.009460426760208827,0.09726472515875849,0.07241003722661797,0.24145523694484283,15.400394607987336
"('USM2', 'INDPRO', 'USOIL')",3,MinMax,XGBOOST,N/A,Baxter_King,6-32Q,12,0.009031280880352495,0.09503305151552535,0.07111967769522334,0.2758645049411772,15.265599465942358
"('USM2', 'INDPRO', 'USOIL')",3,Standard,LSTM,50,Baxter_King,6-32Q,12,0.5775051488428732,0.7599375953608778,0.618147374578118,0.4546163314038517,663.6333337431997
"('USM2', 'INDPRO', 'USOIL')",3,Standard,GRU,50,Baxter_King,6-32Q,12,1.3283707927543256,1.152549692097623,0.946339430970023,-0.254485328243266,1996.7667873734274
"('USM2', 'INDPRO', 'USOIL')",3,Standard,CNN,50,Baxter_King,6-32Q,12,6.028130285360031,2.4552250987149895,1.5005037178744471,-4.692838958046584,1205.4081927390846
"('USM2', 'INDPRO', 'USOIL')",3,Standard,RNN,50,Baxter_King,6-32Q,12,0.8510073541672428,0.9225005984644361,0.7365959611843775,0.19632662367082865,1672.8556191860473
"('USM2', 'INDPRO', 'USOIL')",3,Standard,ANN,50,Baxter_King,6-32Q,12,3.0963465733101985,1.7596438768427543,1.2559296267209341,-1.9241243247451751,733.5167673499016
"('USM2', 'INDPRO', 'USOIL')",3,Standard,RANDOM_FOREST,N/A,Baxter_King,6-32Q,12,0.8536011985124876,0.9239054056084355,0.6838642701743878,0.1938770518399776,858.3111994620134
"('USM2', 'INDPRO', 'USOIL')",3,Standard,XGBOOST,N/A,Baxter_King,6-32Q,12,0.766136951628091,0.8752924948998998,0.6548250691694946,0.27647643979762504,763.5315521441654
"('USM2', 'UNRATE', 'USOIL')",3,MinMax,LSTM,50,Baxter_King,6-32Q,12,0.017397577501612464,0.13189987680666143,0.09244048672347582,-0.3949520077890287,21.00722502336541
"('USM2', 'UNRATE', 'USOIL')",3,MinMax,GRU,50,Baxter_King,6-32Q,12,0.006105721525012905,0.07813911648472169,0.060038754279246986,0.5104382492603904,14.41902267039556
"('USM2', 'UNRATE', 'USOIL')",3,MinMax,CNN,50,Baxter_King,6-32Q,12,0.015757266058939498,0.12552794931384603,0.09311857757410381,-0.2634304933630174,20.67572830065299
"('USM2', 'UNRATE', 'USOIL')",3,MinMax,RNN,50,Baxter_King,6-32Q,12,0.014734037090305482,0.12138384196550002,0.08344123249917743,-0.18138715692197405,18.84064581717401
"('USM2', 'UNRATE', 'USOIL')",3,MinMax,ANN,50,Baxter_King,6-32Q,12,0.011664393359121407,0.10800182109168996,0.08209647638296456,0.06473939061692102,19.942788267108348
"('USM2', 'UNRATE', 'USOIL')",3,MinMax,RANDOM_FOREST,N/A,Baxter_King,6-32Q,12,0.007570912424836939,0.08701099025316825,0.06372902909809644,0.3929580433343459,13.797411158404286
"('USM2', 'UNRATE', 'USOIL')",3,MinMax,XGBOOST,N/A,Baxter_King,6-32Q,12,0.007353256922660127,0.08575113365233213,0.06537595502687343,0.41040983969735867,14.582714984357425
"('USM2', 'UNRATE', 'USOIL')",3,Standard,LSTM,50,Baxter_King,6-32Q,12,1.3311311593882855,1.1537465750277596,0.9066328148908372,-0.25709216020747605,1480.3937872392685
"('USM2', 'UNRATE', 'USOIL')",3,Standard,GRU,50,Baxter_King,6-32Q,12,0.8991578326510744,0.9482393330014709,0.786047689291901,0.15085432848386937,1815.7821682186338
"('USM2', 'UNRATE', 'USOIL')",3,Standard,CNN,50,Baxter_King,6-32Q,12,4.252908718300641,2.0622581599549172,1.498842246843646,-3.0163571937649065,918.5277376129723
"('USM2', 'UNRATE', 'USOIL')",3,Standard,RNN,50,Baxter_King,6-32Q,12,0.5740460082963531,0.7576582397732853,0.5927865252878601,0.4578830706965331,748.0628245962286
"('USM2', 'UNRATE', 'USOIL')",3,Standard,ANN,50,Baxter_King,6-32Q,12,3.2228337935209694,1.7952252765380086,1.208339671572593,-2.0435761847455587,630.5400883091207
"('USM2', 'UNRATE', 'USOIL')",3,Standard,RANDOM_FOREST,N/A,Baxter_King,6-32Q,12,0.6109211777808704,0.78161446876377,0.5679092049702986,0.42305893925135596,609.3589210631053
"('USM2', 'UNRATE', 'USOIL')",3,Standard,XGBOOST,N/A,Baxter_King,6-32Q,12,0.6171712714877803,0.7856024894867507,0.5980236931254765,0.41715648272473604,379.70135869832336
"('USPPIYY', 'INDPRO', 'UNRATE')",3,MinMax,LSTM,50,Baxter_King,6-32Q,12,0.011111961675778017,0.10541328984420331,0.0817239087556517,0.10903381527315326,19.3339014426934
"('USPPIYY', 'INDPRO', 'UNRATE')",3,MinMax,GRU,50,Baxter_King,6-32Q,12,0.007757934073451958,0.08807913529010124,0.06437154312039825,0.37796249443040475,15.040796036439255
"('USPPIYY', 'INDPRO', 'UNRATE')",3,MinMax,CNN,50,Baxter_King,6-32Q,12,0.010643643060864936,0.1031680331346146,0.07488226450506115,0.14658398523776073,16.424120715589126
"('USPPIYY', 'INDPRO', 'UNRATE')",3,MinMax,RNN,50,Baxter_King,6-32Q,12,0.015094290100926264,0.12285882182784541,0.08814541902339595,-0.21027253825917036,19.78498583999443
"('USPPIYY', 'INDPRO', 'UNRATE')",3,MinMax,ANN,50,Baxter_King,6-32Q,12,0.01177879931631352,0.10853017698462267,0.08196905680881121,0.055566227303041726,18.57934893167209
"('USPPIYY', 'INDPRO', 'UNRATE')",3,MinMax,RANDOM_FOREST,N/A,Baxter_King,6-32Q,12,0.004893267675405652,0.0699518954382628,0.054711038255010544,0.6076537915796827,11.970935987939857
"('USPPIYY', 'INDPRO', 'UNRATE')",3,MinMax,XGBOOST,N/A,Baxter_King,6-32Q,12,0.007007500924369354,0.08371081724824668,0.06625559316958139,0.43813283871696995,14.540562754182803
"('USPPIYY', 'INDPRO', 'UNRATE')",3,Standard,LSTM,50,Baxter_King,6-32Q,12,1.098235658313387,1.047967393726249,0.7275848177941926,-0.03715056656061977,280.7555739174237
"('USPPIYY', 'INDPRO', 'UNRATE')",3,Standard,GRU,50,Baxter_King,6-32Q,12,0.6030774177743515,0.776580593225424,0.5786867384284318,0.4304664205812011,387.34717018508417
"('USPPIYY', 'INDPRO', 'UNRATE')",3,Standard,CNN,50,Baxter_King,6-32Q,12,2.297898650817894,1.5158821361893193,1.0267281290138037,-1.1700869659019806,638.9894221686716
"('USPPIYY', 'INDPRO', 'UNRATE')",3,Standard,RNN,50,Baxter_King,6-32Q,12,0.3893577783322231,0.6239853991338444,0.4806976997596452,0.632298735398722,286.7367072289393
"('USPPIYY', 'INDPRO', 'UNRATE')",3,Standard,ANN,50,Baxter_King,6-32Q,12,1.4521452286788712,1.2050498863859833,0.8680590829743888,-0.37137529204394215,533.2536012912566
"('USPPIYY', 'INDPRO', 'UNRATE')",3,Standard,RANDOM_FOREST,N/A,Baxter_King,6-32Q,12,0.4157563189083303,0.6447916864448008,0.5051239022521091,0.6073685110815379,494.3078369079634
"('USPPIYY', 'INDPRO', 'UNRATE')",3,Standard,XGBOOST,N/A,Baxter_King,6-32Q,12,0.5964207520786639,0.7722828187125904,0.6110308626811299,0.4367528351092905,709.8278893279895
"('USPPIYY', 'INDPRO', 'USOIL')",3,MinMax,LSTM,50,Baxter_King,6-32Q,12,0.006099476831365399,0.07809914744326854,0.06246351411748976,0.5109389539096905,14.098633374120642
"('USPPIYY', 'INDPRO', 'USOIL')",3,MinMax,GRU,50,Baxter_King,6-32Q,12,0.004615344483513048,0.06793632668545635,0.05499061157245555,0.6299379006463497,12.522592126303177
"('USPPIYY', 'INDPRO', 'USOIL')",3,MinMax,CNN,50,Baxter_King,6-32Q,12,0.009766043058543903,0.09882329208513499,0.08109226740823383,0.216950671930774,17.768341215147736
"('USPPIYY', 'INDPRO', 'USOIL')",3,MinMax,RNN,50,Baxter_King,6-32Q,12,0.00560913954239881,0.07489418897617364,0.05776750400133028,0.5502545991869928,12.94528968283586
"('USPPIYY', 'INDPRO', 'USOIL')",3,MinMax,ANN,50,Baxter_King,6-32Q,12,0.008417172652137313,0.09174515056468824,0.07454162930561305,0.32510420546092667,17.42080175819092
"('USPPIYY', 'INDPRO', 'USOIL')",3,MinMax,RANDOM_FOREST,N/A,Baxter_King,6-32Q,12,0.003809495621393585,0.0617211116344609,0.04805957357128936,0.6945515221740515,10.599993400009348
"('USPPIYY', 'INDPRO', 'USOIL')",3,MinMax,XGBOOST,N/A,Baxter_King,6-32Q,12,0.005761331293873201,0.0759034340058024,0.05707386894545394,0.5380517399516508,12.606467767998867
"('USPPIYY', 'INDPRO', 'USOIL')",3,Standard,LSTM,50,Baxter_King,6-32Q,12,0.4949197354049041,0.7035053200970864,0.5659768522825248,0.5326082520708376,614.0612697378521
"('USPPIYY', 'INDPRO', 'USOIL')",3,Standard,GRU,50,Baxter_King,6-32Q,12,0.3759651352133956,0.6131599589123506,0.5073881876556099,0.6449464647756464,651.8603663474228
"('USPPIYY', 'INDPRO', 'USOIL')",3,Standard,CNN,50,Baxter_King,6-32Q,12,0.7747368865365818,0.8801913919918678,0.6674319930488498,0.2683548428569251,795.6305971015952
"('USPPIYY', 'INDPRO', 'USOIL')",3,Standard,RNN,50,Baxter_King,6-32Q,12,0.31508273040231594,0.5613223052777396,0.45260779402751955,0.7024425223525401,579.6620760366443
"('USPPIYY', 'INDPRO', 'USOIL')",3,Standard,ANN,50,Baxter_King,6-32Q,12,0.5918586029264936,0.769323470931762,0.5913370420531958,0.4410612324392169,412.71569996033196
"('USPPIYY', 'INDPRO', 'USOIL')",3,Standard,RANDOM_FOREST,N/A,Baxter_King,6-32Q,12,0.33650762586024097,0.5800927734942412,0.4537657922637329,0.6822093034668826,844.190439177047
"('USPPIYY', 'INDPRO', 'USOIL')",3,Standard,XGBOOST,N/A,Baxter_King,6-32Q,12,0.49504270344212936,0.7035927113338578,0.5216797717681306,0.5324921236529414,744.4601788919757
"('USPPIYY', 'UNRATE', 'USOIL')",3,MinMax,LSTM,50,Baxter_King,6-32Q,12,0.009455245431654196,0.09723808632246007,0.07528893128387834,0.24187068011040014,17.862711653536
"('USPPIYY', 'UNRATE', 'USOIL')",3,MinMax,GRU,50,Baxter_King,6-32Q,12,0.008325827064002327,0.09124597012472566,0.059069756900719854,0.33242836950386667,13.675117937921069
"('USPPIYY', 'UNRATE', 'USOIL')",3,MinMax,CNN,50,Baxter_King,6-32Q,12,0.007950493238076681,0.08916553839952228,0.06054734329308717,0.36252294295914167,13.294309986773245
"('USPPIYY', 'UNRATE', 'USOIL')",3,MinMax,RNN,50,Baxter_King,6-32Q,12,0.011509987770929863,0.10728461106295657,0.07677514645582809,0.07711975709275232,17.196807971823866
"('USPPIYY', 'UNRATE', 'USOIL')",3,MinMax,ANN,50,Baxter_King,6-32Q,12,0.010943444954012754,0.10461092177212068,0.08323581142981812,0.12254562399196434,18.325838683053377
"('USPPIYY', 'UNRATE', 'USOIL')",3,MinMax,RANDOM_FOREST,N/A,Baxter_King,6-32Q,12,0.0033267360538156176,0.05767786450464006,0.04488087818813013,0.7332595795463974,10.226062681120169
"('USPPIYY', 'UNRATE', 'USOIL')",3,MinMax,XGBOOST,N/A,Baxter_King,6-32Q,12,0.004487286939148442,0.0669872147439229,0.0531146332452498,0.6402056593965195,11.674618862636862
"('USPPIYY', 'UNRATE', 'USOIL')",3,Standard,LSTM,50,Baxter_King,6-32Q,12,0.9373278702947716,0.9681569450738716,0.6853629537077719,0.11480735089019156,694.2700189127677
"('USPPIYY', 'UNRATE', 'USOIL')",3,Standard,GRU,50,Baxter_King,6-32Q,12,0.45481348742042216,0.6743986116685162,0.5119949018082314,0.5704837458274394,354.65852973511835
"('USPPIYY', 'UNRATE', 'USOIL')",3,Standard,CNN,50,Baxter_King,6-32Q,12,1.5808342611414716,1.2573123164677389,0.9173722179353176,-0.4929064970438781,932.7903905993155
"('USPPIYY', 'UNRATE', 'USOIL')",3,Standard,RNN,50,Baxter_King,6-32Q,12,0.28740219885680107,0.5360990569445175,0.423403495870431,0.728583431872105,407.29276995453034
"('USPPIYY', 'UNRATE', 'USOIL')",3,Standard,ANN,50,Baxter_King,6-32Q,12,1.342955234024459,1.1588594539565438,0.8225517199925171,-0.26825856662956915,486.33945976930136
"('USPPIYY', 'UNRATE', 'USOIL')",3,Standard,RANDOM_FOREST,N/A,Baxter_King,6-32Q,12,0.28952063280258655,0.5380712153633445,0.4180195975871127,0.7265828275842539,702.7587787633303
"('USPPIYY', 'UNRATE', 'USOIL')",3,Standard,XGBOOST,N/A,Baxter_King,6-32Q,12,0.3796152844246943,0.616129275740647,0.48644230907934227,0.6414993409330796,578.170103240488
"('INDPRO', 'UNRATE', 'USOIL')",3,MinMax,LSTM,50,Baxter_King,6-32Q,12,0.01023607854227307,0.10117350711660177,0.07204647506173027,0.17926284201886145,16.12569207089935
"('INDPRO', 'UNRATE', 'USOIL')",3,MinMax,GRU,50,Baxter_King,6-32Q,12,0.010325527300403932,0.10161460180704313,0.07722130285688818,0.17209076735862106,18.079901312190923
"('INDPRO', 'UNRATE', 'USOIL')",3,MinMax,CNN,50,Baxter_King,6-32Q,12,0.014497925911261636,0.12040733329520106,0.08465971098233412,-0.16245556927776783,18.523470106359703
"('INDPRO', 'UNRATE', 'USOIL')",3,MinMax,RNN,50,Baxter_King,6-32Q,12,0.01496983883540574,0.12235129274104847,0.0906111155291969,-0.20029393389924444,20.083880560087994
"('INDPRO', 'UNRATE', 'USOIL')",3,MinMax,ANN,50,Baxter_King,6-32Q,12,0.013276210936547343,0.11522244111520699,0.08979047958154107,-0.06449746236514331,21.896595928670443
"('INDPRO', 'UNRATE', 'USOIL')",3,MinMax,RANDOM_FOREST,N/A,Baxter_King,6-32Q,12,0.0075331826068241094,0.08679390881176,0.0637030526518284,0.3959832510326955,14.066660984494
"('INDPRO', 'UNRATE', 'USOIL')",3,MinMax,XGBOOST,N/A,Baxter_King,6-32Q,12,0.007276202648992852,0.08530066030807061,0.06379904672235526,0.4165881144457211,14.017963063479069
"('INDPRO', 'UNRATE', 'USOIL')",3,Standard,LSTM,50,Baxter_King,6-32Q,12,0.7209302659678483,0.8490761249545581,0.6303335624981438,0.31916867919991676,792.1435651779342
"('INDPRO', 'UNRATE', 'USOIL')",3,Standard,GRU,50,Baxter_King,6-32Q,12,1.1545870882155407,1.07451714189004,0.8251000627147416,-0.0903676671046656,1586.7369881433608
"('INDPRO', 'UNRATE', 'USOIL')",3,Standard,CNN,50,Baxter_King,6-32Q,12,2.579605046720142,1.6061148921294959,1.0531177001153655,-1.4361245379859806,1521.8446743573365
"('INDPRO', 'UNRATE', 'USOIL')",3,Standard,RNN,50,Baxter_King,6-32Q,12,0.685026189889748,0.8276630896021328,0.6566381459199638,0.35307573053662666,1227.3932540093529
"('INDPRO', 'UNRATE', 'USOIL')",3,Standard,ANN,50,Baxter_King,6-32Q,12,2.2272598087789492,1.4924006864039394,1.0278592774372513,-1.103377135013416,471.42292477877106
"('INDPRO', 'UNRATE', 'USOIL')",3,Standard,RANDOM_FOREST,N/A,Baxter_King,6-32Q,12,0.617354621521721,0.7857191747193911,0.5733812600800907,0.41698333082410255,552.1613448738641
"('INDPRO', 'UNRATE', 'USOIL')",3,Standard,XGBOOST,N/A,Baxter_King,6-32Q,12,0.6270219038208587,0.7918471467529946,0.5899832908794707,0.40785375354462305,448.6071088024245
"('USM2', 'USPPIYY', 'INDPRO', 'UNRATE')",4,MinMax,LSTM,50,Baxter_King,6-32Q,12,0.011062785399659408,0.10517977657163666,0.08041581721537085,0.11297680935384524,18.582552082678806
"('USM2', 'USPPIYY', 'INDPRO', 'UNRATE')",4,MinMax,GRU,50,Baxter_King,6-32Q,12,0.009058403922038032,0.09517564773637231,0.07000694358464023,0.2736897572527086,16.114217271335267
"('USM2', 'USPPIYY', 'INDPRO', 'UNRATE')",4,MinMax,CNN,50,Baxter_King,6-32Q,12,0.00982282985390374,0.0991101904644711,0.06766372673659,0.21239746018645123,15.16152925008481
"('USM2', 'USPPIYY', 'INDPRO', 'UNRATE')",4,MinMax,RNN,50,Baxter_King,6-32Q,12,0.02103247691378497,0.14502578016954423,0.09896903981951435,-0.6864012186145729,23.144336951888388
"('USM2', 'USPPIYY', 'INDPRO', 'UNRATE')",4,MinMax,ANN,50,Baxter_King,6-32Q,12,0.010764575166245923,0.10375247065128582,0.07748096491270372,0.13688755001902242,18.75657332744745
"('USM2', 'USPPIYY', 'INDPRO', 'UNRATE')",4,MinMax,RANDOM_FOREST,N/A,Baxter_King,6-32Q,12,0.005049851917055705,0.07106231010216109,0.055892487316308116,0.5950987388858453,12.26150498558608
"('USM2', 'USPPIYY', 'INDPRO', 'UNRATE')",4,MinMax,XGBOOST,N/A,Baxter_King,6-32Q,12,0.00601550566307751,0.07755969096816664,0.06123433252234494,0.5176718309317198,13.725454833116126
"('USM2', 'USPPIYY', 'INDPRO', 'UNRATE')",4,Standard,LSTM,50,Baxter_King,6-32Q,12,0.8010960788124368,0.8950397079529135,0.7137654246464701,0.24346177824366322,918.3098640642183
"('USM2', 'USPPIYY', 'INDPRO', 'UNRATE')",4,Standard,GRU,50,Baxter_King,6-32Q,12,0.7475437720103888,0.8646061369261664,0.677399594880797,0.29403544603521015,728.1821894427361
"('USM2', 'USPPIYY', 'INDPRO', 'UNRATE')",4,Standard,CNN,50,Baxter_King,6-32Q,12,2.7930010312902964,1.6712274026266731,1.1394010649574795,-1.637651199976354,620.9914351804005
"('USM2', 'USPPIYY', 'INDPRO', 'UNRATE')",4,Standard,RNN,50,Baxter_King,6-32Q,12,0.6489315848079465,0.8055628993492355,0.6509372488487073,0.3871627134414284,935.738546519657
"('USM2', 'USPPIYY', 'INDPRO', 'UNRATE')",4,Standard,ANN,50,Baxter_King,6-32Q,12,5.388194187945149,2.321248411511605,1.4744720534429927,-4.088496819843088,705.6954077340154
"('USM2', 'USPPIYY', 'INDPRO', 'UNRATE')",4,Standard,RANDOM_FOREST,N/A,Baxter_King,6-32Q,12,0.4347560464917312,0.6593603312997615,0.5173642044723392,0.589425569529372,437.2731711872597
"('USM2', 'USPPIYY', 'INDPRO', 'UNRATE')",4,Standard,XGBOOST,N/A,Baxter_King,6-32Q,12,0.5053262358031754,0.7108630218285203,0.5621119870457261,0.5227805728270623,463.7145822495003
"('USM2', 'USPPIYY', 'INDPRO', 'USOIL')",4,MinMax,LSTM,50,Baxter_King,6-32Q,12,0.013835595036111462,0.11762480621072861,0.08307819481896839,-0.10934933744602171,18.45755803372145
"('USM2', 'USPPIYY', 'INDPRO', 'USOIL')",4,MinMax,GRU,50,Baxter_King,6-32Q,12,0.01340696959969248,0.1157884692000567,0.08423960653197132,-0.07498179903059055,18.513925121644554
"('USM2', 'USPPIYY', 'INDPRO', 'USOIL')",4,MinMax,CNN,50,Baxter_King,6-32Q,12,0.018447070376237235,0.135819992549835,0.09158797311695524,-0.47910120571514314,20.306468870100414
"('USM2', 'USPPIYY', 'INDPRO', 'USOIL')",4,MinMax,RNN,50,Baxter_King,6-32Q,12,0.011217836376592913,0.10591428787747625,0.07945175455625515,0.10054469508029218,16.392457961571548
"('USM2', 'USPPIYY', 'INDPRO', 'USOIL')",4,MinMax,ANN,50,Baxter_King,6-32Q,12,0.0077867889464634955,0.08824278410421725,0.06723536944369686,0.375648887088336,16.03275250046754
"('USM2', 'USPPIYY', 'INDPRO', 'USOIL')",4,MinMax,RANDOM_FOREST,N/A,Baxter_King,6-32Q,12,0.003786122651637364,0.061531476917406784,0.048019492629058864,0.6964255860249762,10.693246289793631
"('USM2', 'USPPIYY', 'INDPRO', 'USOIL')",4,MinMax,XGBOOST,N/A,Baxter_King,6-32Q,12,0.004746082474385824,0.06889181718016896,0.05111130048513464,0.6194552215006249,11.36685582314764
"('USM2', 'USPPIYY', 'INDPRO', 'USOIL')",4,Standard,LSTM,50,Baxter_King,6-32Q,12,0.8139473790208792,0.9021903230587652,0.729532292853485,0.23132528168089794,950.5347894231777
"('USM2', 'USPPIYY', 'INDPRO', 'USOIL')",4,Standard,GRU,50,Baxter_King,6-32Q,12,0.5195923495108062,0.7208275449168173,0.5688286370398331,0.5093079562693277,743.4004899510805
"('USM2', 'USPPIYY', 'INDPRO', 'USOIL')",4,Standard,CNN,50,Baxter_King,6-32Q,12,0.5734874845331632,0.7572895645215001,0.5855360567819475,0.45841052874530885,597.4688143343263
"('USM2', 'USPPIYY', 'INDPRO', 'USOIL')",4,Standard,RNN,50,Baxter_King,6-32Q,12,0.451140709841035,0.6716700900300943,0.5355716602292241,0.573952239423033,775.6238561481413
"('USM2', 'USPPIYY', 'INDPRO', 'USOIL')",4,Standard,ANN,50,Baxter_King,6-32Q,12,1.537312580876786,1.2398840997757758,0.9149238325470853,-0.4518055411584081,849.6643162487234
"('USM2', 'USPPIYY', 'INDPRO', 'USOIL')",4,Standard,RANDOM_FOREST,N/A,Baxter_King,6-32Q,12,0.33756656369218746,0.5810047880114134,0.4501023006896619,0.6812092649377727,827.9561816453502
"('USM2', 'USPPIYY', 'INDPRO', 'USOIL')",4,Standard,XGBOOST,N/A,Baxter_King,6-32Q,12,0.4048538159189758,0.6362812396409121,0.4743459932803673,0.6176646046992806,765.7717238695492
"('USM2', 'USPPIYY', 'UNRATE', 'USOIL')",4,MinMax,LSTM,50,Baxter_King,6-32Q,12,0.014304698496487111,0.11960225121830739,0.07976028547181785,-0.1469624369623852,18.205721798750133
"('USM2', 'USPPIYY', 'UNRATE', 'USOIL')",4,MinMax,GRU,50,Baxter_King,6-32Q,12,0.011901600531413772,0.10909445692341006,0.0721686529710288,0.045719925336738965,17.05067502955679
"('USM2', 'USPPIYY', 'UNRATE', 'USOIL')",4,MinMax,CNN,50,Baxter_King,6-32Q,12,0.008152455320566587,0.09029094816517648,0.06511406397100061,0.34632945783511015,14.204568728572356
"('USM2', 'USPPIYY', 'UNRATE', 'USOIL')",4,MinMax,RNN,50,Baxter_King,6-32Q,12,0.03469272526095443,0.1862598326557673,0.11177757583570457,-1.781691114981736,26.205465691231318
"('USM2', 'USPPIYY', 'UNRATE', 'USOIL')",4,MinMax,ANN,50,Baxter_King,6-32Q,12,0.009728973885408984,0.098635560957542,0.07664664743816801,0.21992290858193075,18.939727113627086
"('USM2', 'USPPIYY', 'UNRATE', 'USOIL')",4,MinMax,RANDOM_FOREST,N/A,Baxter_King,6-32Q,12,0.0033448907756552814,0.057835030696415136,0.044404749046552956,0.7318039190856958,9.727018027846785
"('USM2', 'USPPIYY', 'UNRATE', 'USOIL')",4,MinMax,XGBOOST,N/A,Baxter_King,6-32Q,12,0.0035308087882264458,0.059420609120291304,0.046242380717197995,0.7168968606233175,10.4768938030097
"('USM2', 'USPPIYY', 'UNRATE', 'USOIL')",4,Standard,LSTM,50,Baxter_King,6-32Q,12,1.1179857107011089,1.0573484339143406,0.8227434214013862,-0.055802099014943485,900.6728520210427
"('USM2', 'USPPIYY', 'UNRATE', 'USOIL')",4,Standard,GRU,50,Baxter_King,6-32Q,12,0.7294538811037597,0.854080722826455,0.6326645792750448,0.3111191570409553,677.959824206973
"('USM2', 'USPPIYY', 'UNRATE', 'USOIL')",4,Standard,CNN,50,Baxter_King,6-32Q,12,1.620384605474859,1.2729432844690525,0.9471335562238223,-0.5302570071302437,841.943992919361
"('USM2', 'USPPIYY', 'UNRATE', 'USOIL')",4,Standard,RNN,50,Baxter_King,6-32Q,12,0.3456303404936926,0.5879033428155453,0.4674806598228896,0.673594004392378,555.6606646487287
"('USM2', 'USPPIYY', 'UNRATE', 'USOIL')",4,Standard,ANN,50,Baxter_King,6-32Q,12,3.130917499668994,1.7694398830333269,1.1967236554483824,-1.9567723776363142,755.3708115932868
"('USM2', 'USPPIYY', 'UNRATE', 'USOIL')",4,Standard,RANDOM_FOREST,N/A,Baxter_King,6-32Q,12,0.2808306187196156,0.5299345419196748,0.4105534290253418,0.734789493395319,680.2363685719531
"('USM2', 'USPPIYY', 'UNRATE', 'USOIL')",4,Standard,XGBOOST,N/A,Baxter_King,6-32Q,12,0.2988896804416575,0.5467080394887728,0.4266616558601602,0.7177348968205424,518.0839776293996
"('USM2', 'INDPRO', 'UNRATE', 'USOIL')",4,MinMax,LSTM,50,Baxter_King,6-32Q,12,0.012882394017326106,0.11350063443578677,0.07863972003481247,-0.0329208993569865,18.35565230023705
"('USM2', 'INDPRO', 'UNRATE', 'USOIL')",4,MinMax,GRU,50,Baxter_King,6-32Q,12,0.01470720500912378,0.12127326584669756,0.08964147176073796,-0.1792357386849177,20.456613603144984
"('USM2', 'INDPRO', 'UNRATE', 'USOIL')",4,MinMax,CNN,50,Baxter_King,6-32Q,12,0.018122850406117424,0.13462113655038507,0.09122600147195625,-0.4531049830662135,19.784939950645953
"('USM2', 'INDPRO', 'UNRATE', 'USOIL')",4,MinMax,RNN,50,Baxter_King,6-32Q,12,0.021985844606755886,0.14827624424281824,0.09972872797002952,-0.7628430207762655,23.723487345772806
"('USM2', 'INDPRO', 'UNRATE', 'USOIL')",4,MinMax,ANN,50,Baxter_King,6-32Q,12,0.012476486545434347,0.11169819401151634,0.07992603008329614,-0.00037490593695466146,19.452290628285912
"('USM2', 'INDPRO', 'UNRATE', 'USOIL')",4,MinMax,RANDOM_FOREST,N/A,Baxter_King,6-32Q,12,0.007366501952101458,0.08582832837764846,0.06185407763892158,0.40934784239280886,13.668522779455428
"('USM2', 'INDPRO', 'UNRATE', 'USOIL')",4,MinMax,XGBOOST,N/A,Baxter_King,6-32Q,12,0.0076100315881630475,0.0872354950015362,0.06639799773153954,0.38982143679129566,13.931547963662815
"('USM2', 'INDPRO', 'UNRATE', 'USOIL')",4,Standard,LSTM,50,Baxter_King,6-32Q,12,0.7358220462691939,0.8578007031176845,0.7081216652566816,0.30510519632197364,1489.560291086994
"('USM2', 'INDPRO', 'UNRATE', 'USOIL')",4,Standard,GRU,50,Baxter_King,6-32Q,12,0.6404415208401246,0.8002759029485548,0.660475722788189,0.39518055058567614,1902.3086471763133
"('USM2', 'INDPRO', 'UNRATE', 'USOIL')",4,Standard,CNN,50,Baxter_King,6-32Q,12,3.2271331865018333,1.7964223296602149,1.3034614208132547,-2.047636440695377,1277.7834298329776
"('USM2', 'INDPRO', 'UNRATE', 'USOIL')",4,Standard,RNN,50,Baxter_King,6-32Q,12,0.9151643890052662,0.9566422471359218,0.760181040629572,0.13573807464001786,1973.1498532775788
"('USM2', 'INDPRO', 'UNRATE', 'USOIL')",4,Standard,ANN,50,Baxter_King,6-32Q,12,3.736877853129654,1.933100580189674,1.3014981592278585,-2.529028540644326,789.7379996932708
"('USM2', 'INDPRO', 'UNRATE', 'USOIL')",4,Standard,RANDOM_FOREST,N/A,Baxter_King,6-32Q,12,0.6035465755547201,0.7768826008829907,0.5661804368425389,0.43002335787964674,633.3817927892044
"('USM2', 'INDPRO', 'UNRATE', 'USOIL')",4,Standard,XGBOOST,N/A,Baxter_King,6-32Q,12,0.6367553576532335,0.7979695217570866,0.60817710159878,0.3986616852663605,699.8016249939044
"('USPPIYY', 'INDPRO', 'UNRATE', 'USOIL')",4,MinMax,LSTM,50,Baxter_King,6-32Q,12,0.009306854064094514,0.09647203773163762,0.06887326172663842,0.25376882145201807,15.773368108466324
"('USPPIYY', 'INDPRO', 'UNRATE', 'USOIL')",4,MinMax,GRU,50,Baxter_King,6-32Q,12,0.005883798250326405,0.07670592056892614,0.06147368081281737,0.528232239117332,14.365642276937768
"('USPPIYY', 'INDPRO', 'UNRATE', 'USOIL')",4,MinMax,CNN,50,Baxter_King,6-32Q,12,0.011842135024056474,0.10882157425830814,0.07695519157052334,0.05048791840212796,17.220478195451914
"('USPPIYY', 'INDPRO', 'UNRATE', 'USOIL')",4,MinMax,RNN,50,Baxter_King,6-32Q,12,0.007248877240217222,0.08514033850189476,0.060875306812677804,0.418779088093155,13.49678066925179
"('USPPIYY', 'INDPRO', 'UNRATE', 'USOIL')",4,MinMax,ANN,50,Baxter_King,6-32Q,12,0.010674686799505693,0.10331837590431672,0.08105829227084528,0.14409487285747735,17.48209267968626
"('USPPIYY', 'INDPRO', 'UNRATE', 'USOIL')",4,MinMax,RANDOM_FOREST,N/A,Baxter_King,6-32Q,12,0.003633578240456116,0.060279169208409936,0.04619052452154565,0.7086567218043429,10.21142143809277
"('USPPIYY', 'INDPRO', 'UNRATE', 'USOIL')",4,MinMax,XGBOOST,N/A,Baxter_King,6-32Q,12,0.005172098733304899,0.0719173048250899,0.05743904556438983,0.5852968890733168,12.987294881872893
"('USPPIYY', 'INDPRO', 'UNRATE', 'USOIL')",4,Standard,LSTM,50,Baxter_King,6-32Q,12,0.6053815431563352,0.7780626858784163,0.5819218775307972,0.4282904532218631,475.86779564411427
"('USPPIYY', 'INDPRO', 'UNRATE', 'USOIL')",4,Standard,GRU,50,Baxter_King,6-32Q,12,1.2111826742633631,1.1005374479150463,0.8771110454432552,-0.14381534355734482,916.2537877916909
"('USPPIYY', 'INDPRO', 'UNRATE', 'USOIL')",4,Standard,CNN,50,Baxter_King,6-32Q,12,1.6408663279656417,1.2809630470726474,0.8608234372125146,-0.5495995133807472,648.1440176098718
"('USPPIYY', 'INDPRO', 'UNRATE', 'USOIL')",4,Standard,RNN,50,Baxter_King,6-32Q,12,0.4202485665428784,0.6482658147263963,0.4848565880836913,0.6031261272688894,609.1547824029649
"('USPPIYY', 'INDPRO', 'UNRATE', 'USOIL')",4,Standard,ANN,50,Baxter_King,6-32Q,12,1.4720157745750904,1.2132665719350757,0.794594010104748,-0.3901406160234806,1001.6719801422583
"('USPPIYY', 'INDPRO', 'UNRATE', 'USOIL')",4,Standard,RANDOM_FOREST,N/A,Baxter_King,6-32Q,12,0.3222469509586381,0.5676679936006944,0.43270528546403025,0.6956767837310442,701.713598951929
"('USPPIYY', 'INDPRO', 'UNRATE', 'USOIL')",4,Standard,XGBOOST,N/A,Baxter_King,6-32Q,12,0.41461726828026185,0.6439078103892372,0.5146284501118984,0.6084442064437308,747.2370200876414
"('USM2', 'USPPIYY', 'INDPRO', 'UNRATE', 'USOIL')",5,MinMax,LSTM,50,Baxter_King,6-32Q,12,0.012605748115779386,0.11227532282643139,0.07515547141280768,-0.010739204475993303,17.234828309399308
"('USM2', 'USPPIYY', 'INDPRO', 'UNRATE', 'USOIL')",5,MinMax,GRU,50,Baxter_King,6-32Q,12,0.005896513591348296,0.0767887595377624,0.06196082064053164,0.5272127126639183,14.721680642053395
"('USM2', 'USPPIYY', 'INDPRO', 'UNRATE', 'USOIL')",5,MinMax,CNN,50,Baxter_King,6-32Q,12,0.009155570155218618,0.0956847435865228,0.07156999035509372,0.26589888912454573,15.819567317222095
"('USM2', 'USPPIYY', 'INDPRO', 'UNRATE', 'USOIL')",5,MinMax,RNN,50,Baxter_King,6-32Q,12,0.017782022979268813,0.1333492518886732,0.09537706851934681,-0.4257771609399448,21.806452939539025
"('USM2', 'USPPIYY', 'INDPRO', 'UNRATE', 'USOIL')",5,MinMax,ANN,50,Baxter_King,6-32Q,12,0.01002120350237893,0.10010596137283198,0.0743730085449929,0.196491698639635,18.152196369110797
"('USM2', 'USPPIYY', 'INDPRO', 'UNRATE', 'USOIL')",5,MinMax,RANDOM_FOREST,N/A,Baxter_King,6-32Q,12,0.003950563058764292,0.06285350474527487,0.04746493524023646,0.6832406195512191,10.578794801759487
"('USM2', 'USPPIYY', 'INDPRO', 'UNRATE', 'USOIL')",5,MinMax,XGBOOST,N/A,Baxter_King,6-32Q,12,0.004220910513721759,0.06496853479740604,0.0512966832540546,0.6615639392744035,11.770064045687871
"('USM2', 'USPPIYY', 'INDPRO', 'UNRATE', 'USOIL')",5,Standard,LSTM,50,Baxter_King,6-32Q,12,0.7465737906977362,0.8640450165921543,0.6384025995478502,0.29495147590580817,1205.0603955419447
"('USM2', 'USPPIYY', 'INDPRO', 'UNRATE', 'USOIL')",5,Standard,GRU,50,Baxter_King,6-32Q,12,0.7861469454788722,0.886649279861475,0.716440343688522,0.2575794241142295,896.2807815694829
"('USM2', 'USPPIYY', 'INDPRO', 'UNRATE', 'USOIL')",5,Standard,CNN,50,Baxter_King,6-32Q,12,1.3282424580377439,1.1524940164867425,0.8255627583885556,-0.25436413164670246,472.6770567473865
"('USM2', 'USPPIYY', 'INDPRO', 'UNRATE', 'USOIL')",5,Standard,RNN,50,Baxter_King,6-32Q,12,0.5163414145103535,0.7185690046963851,0.5524543177656872,0.512378070640545,860.8220841935719
"('USM2', 'USPPIYY', 'INDPRO', 'UNRATE', 'USOIL')",5,Standard,ANN,50,Baxter_King,6-32Q,12,3.289330358508964,1.8136511126754682,1.1591177486271502,-2.1063741366510262,1021.905357438707
"('USM2', 'USPPIYY', 'INDPRO', 'UNRATE', 'USOIL')",5,Standard,RANDOM_FOREST,N/A,Baxter_King,6-32Q,12,0.3274855853855451,0.5722635628672729,0.4374340053095954,0.6907295279915843,629.3916124229705
"('USM2', 'USPPIYY', 'INDPRO', 'UNRATE', 'USOIL')",5,Standard,XGBOOST,N/A,Baxter_King,6-32Q,12,0.35500654882719274,0.5958242600190032,0.47005822558370086,0.6647393112200451,312.07944531348016
