features,n_features,scaler,model,seq_length,mse,rmse,mae,r2,mape
"('USM2',)",1,MinMax,LSTM,50,0.003921318308417113,0.06262043043941101,0.05449743436653346,0.9393087257912247,28.967254958816536
"('USM2',)",1,MinMax,GRU,50,0.04097736387807796,0.20242866367705428,0.13262363246657352,0.36578256803613407,59.21218284574944
"('USM2',)",1,MinMax,CNN,50,0.005115828106176674,0.0715250173448191,0.05920240211753821,0.9208209836649911,43.200479480860004
"('USM2',)",1,MinMax,RNN,50,0.003613468474273117,0.06011213250478739,0.05199939036263023,0.944073398595025,30.19733549912502
"('USM2',)",1,MinMax,ANN,50,0.00495780297498627,0.07041166788953568,0.05477943532898543,0.9232667801585754,38.79500980023463
"('USM2',)",1,MinMax,RANDOM_FOREST,N/A,8.784677151874488e-06,0.002963895604078269,0.0019343193807918647,0.9998640372425989,0.7552088284280025
"('USM2',)",1,MinMax,XGBOOST,N/A,3.8805518390538813e-05,0.006229407547314497,0.004328967316686999,0.9993993967915334,1.779609480062384
"('USM2',)",1,Standard,LSTM,50,0.025011118101067233,0.15814903762295626,0.11879606358292398,0.9737623171454124,111.80667909927871
"('USM2',)",1,Standard,GRU,50,0.0314308720863559,0.1772875406969026,0.14313587704733996,0.9670277334138961,118.7631058173386
"('USM2',)",1,Standard,CNN,50,0.03334046717451255,0.18259372161855003,0.11708770150469718,0.9650244902921264,90.72494522301302
"('USM2',)",1,Standard,RNN,50,0.03849751990596136,0.19620784873689778,0.157296481198464,0.9596145316695104,129.46897905559683
"('USM2',)",1,Standard,ANN,50,0.4924098023598032,0.7017191762805141,0.43795059204401116,0.4834420365935027,188.34443225111718
"('USM2',)",1,Standard,RANDOM_FOREST,N/A,0.00012960674163008833,0.011384495668675373,0.007429833419962188,0.9998640372425989,8.109543991242269
"('USM2',)",1,Standard,XGBOOST,N/A,0.000536711740763018,0.023167039965498785,0.015645335197821186,0.9994369674965522,14.268376656906028
"('USPPIYY',)",1,MinMax,LSTM,50,0.005490703102838937,0.07409927869310833,0.06398593497573911,0.9150189448028037,39.6395169935244
"('USPPIYY',)",1,MinMax,GRU,50,0.006781619014793489,0.08235058600151847,0.07126356858371642,0.8950390999060678,45.24927223846097
"('USPPIYY',)",1,MinMax,CNN,50,0.0052878393927561895,0.07271753153646093,0.06108508919187732,0.9181587197680784,38.529111400700714
"('USPPIYY',)",1,MinMax,RNN,50,0.006048091361399342,0.07776947576909171,0.06813112363977407,0.9063921002111703,41.079328627445065
"('USPPIYY',)",1,MinMax,ANN,50,0.008105468632486878,0.09003037616541919,0.07211428550116958,0.8745495313887279,47.35061727402094
"('USPPIYY',)",1,MinMax,RANDOM_FOREST,N/A,0.0010834219312298736,0.0329153753013675,0.01788257440215796,0.9832315939843671,10.254662926100535
"('USPPIYY',)",1,MinMax,XGBOOST,N/A,0.0013800503193976542,0.03714902851216508,0.01903845797262103,0.9786405984495861,9.709910837466282
"('USPPIYY',)",1,Standard,LSTM,50,0.06727607397837496,0.2593763173043656,0.2174529603202943,0.9294246548429574,228.28451128723975
"('USPPIYY',)",1,Standard,GRU,50,0.103201773418076,0.32125032827699335,0.2819068235480135,0.8917371310617679,221.1901442255145
"('USPPIYY',)",1,Standard,CNN,50,0.0567204550226992,0.23816056563314422,0.20147111376217097,0.9404979295911614,157.67012311415277
"('USPPIYY',)",1,Standard,RNN,50,0.049924517282051765,0.22343794951183152,0.18333371689607983,0.9476271454230206,77.06068108199757
"('USPPIYY',)",1,Standard,ANN,50,0.06919543252616038,0.26305024715092057,0.22388273422383703,0.9274111694538781,179.74231463569913
"('USPPIYY',)",1,Standard,RANDOM_FOREST,N/A,0.015594754157301983,0.12487895802456866,0.06865713134505459,0.9836404669267028,42.00248520522502
"('USPPIYY',)",1,Standard,XGBOOST,N/A,0.02019301370656703,0.14210212421553392,0.07274752157489564,0.9788167051400778,65.15364035656344
"('INDPRO',)",1,MinMax,LSTM,50,0.006653477466919034,0.08156885108249984,0.061389242083999665,0.8970223803255358,45.795537497056046
"('INDPRO',)",1,MinMax,GRU,50,0.04802352346867677,0.21914270115309972,0.15688797836718965,0.25672730391388887,84.62592930457924
"('INDPRO',)",1,MinMax,CNN,50,0.006385240935213285,0.07990770260252315,0.0553390274932213,0.9011739476348308,42.20940111639338
"('INDPRO',)",1,MinMax,RNN,50,0.007217496108396539,0.0849558479940995,0.06447203682038155,0.8882929155546462,45.235264972618204
"('INDPRO',)",1,MinMax,ANN,50,0.009262632866421814,0.09624257304551773,0.0726368259345029,0.8566397963703836,47.96098867537854
"('INDPRO',)",1,MinMax,RANDOM_FOREST,N/A,7.184421343130697e-05,0.008476096591669244,0.003230406127893029,0.9988880482239063,2.2916871268058796
"('INDPRO',)",1,MinMax,XGBOOST,N/A,3.596081998802371e-05,0.0059967341101656085,0.004188544482476778,0.9994434249364605,1.6644869054619094
"('INDPRO',)",1,Standard,LSTM,50,0.062357830355207235,0.2497154988285814,0.16591353530382777,0.9345840929722256,102.84450334948234
"('INDPRO',)",1,Standard,GRU,50,0.08701272205368779,0.294979189187454,0.19468030208360654,0.9087201061410517,216.4281714268068
"('INDPRO',)",1,Standard,CNN,50,0.08506354213758642,0.29165654825082604,0.2078251642097483,0.9107648753616254,166.67497629079455
"('INDPRO',)",1,Standard,RNN,50,0.08192132063827387,0.28621900817079543,0.21703444661489435,0.9140611938558519,119.32709856770268
"('INDPRO',)",1,Standard,ANN,50,0.15509607235977194,0.3938223868189465,0.29102669164057393,0.8372978951950883,146.08456636117765
"('INDPRO',)",1,Standard,RANDOM_FOREST,N/A,0.0009047068334252398,0.030078344924966197,0.01212151371003468,0.9990509256373158,5.448347501375561
"('INDPRO',)",1,Standard,XGBOOST,N/A,0.00050359049003031,0.022440821955318616,0.01570542711740599,0.9994717130392728,18.258027620069363
"('UNRATE',)",1,MinMax,LSTM,50,0.004121344280696524,0.0641976968488475,0.04911764572976328,0.936212871239854,31.642443611842687
"('UNRATE',)",1,MinMax,GRU,50,0.0503182279407288,0.22431724842447762,0.1799344173193159,0.2212115596187949,100.28550271406425
"('UNRATE',)",1,MinMax,CNN,50,0.011140337268591769,0.10554779613327683,0.08317935456199232,0.8275780717686073,40.62259047151371
"('UNRATE',)",1,MinMax,RNN,50,0.05005898236305441,0.22373864745066824,0.16916514929091178,0.2252239715692036,104.49822294468451
"('UNRATE',)",1,MinMax,ANN,50,0.014266583578802127,0.11944280463385866,0.08324119860525829,0.7791923358670152,48.04142272873256
"('UNRATE',)",1,MinMax,RANDOM_FOREST,N/A,0.0008327867055427383,0.028858044035290027,0.015619145599512808,0.9871107412537701,11.602447862036232
"('UNRATE',)",1,MinMax,XGBOOST,N/A,0.0022091462562696504,0.04700155589200905,0.018044679986059926,0.9658084627002208,12.617863380242117
"('UNRATE',)",1,Standard,LSTM,50,0.012241003856141599,0.11063907020642211,0.0811110470783845,0.9871586877603236,92.1449948626768
"('UNRATE',)",1,Standard,GRU,50,0.046182248538821934,0.21490055499886904,0.16664127603090656,0.9515529379463589,147.00033381110217
"('UNRATE',)",1,Standard,CNN,50,0.03014769669804239,0.17363092091572396,0.1339471077241187,0.9683738367248051,85.6418960864002
"('UNRATE',)",1,Standard,RNN,50,0.07825542850419102,0.2797417174898857,0.231223541307749,0.9179068642015167,199.6641520393409
"('UNRATE',)",1,Standard,ANN,50,0.025033682874055878,0.1582203617555461,0.12189701678801407,0.973738645778344,121.90822059097172
"('UNRATE',)",1,Standard,RANDOM_FOREST,N/A,0.01297586334833794,0.11391164711449808,0.06260950698038495,0.9863877901850525,26.88242006802064
"('UNRATE',)",1,Standard,XGBOOST,N/A,0.03183620428008967,0.17842702788560277,0.06805760185314028,0.9666025234130091,32.77716807727033
"('USOIL',)",1,MinMax,LSTM,50,0.006874644474906581,0.08291347583418862,0.0626476982306681,0.8935993204074225,29.697071488559246
"('USOIL',)",1,MinMax,GRU,50,0.05692206956354104,0.23858346456437637,0.17213713846311215,0.11900216695074428,89.509590129132
"('USOIL',)",1,MinMax,CNN,50,0.012365318342949256,0.11119945297954148,0.08642165542638591,0.8086187176848525,45.33418465269133
"('USOIL',)",1,MinMax,RNN,50,0.011235454256052864,0.105997425704839,0.08180169691058814,0.8261059211514226,35.43539670824279
"('USOIL',)",1,MinMax,ANN,50,0.009738273661967382,0.09868269180543963,0.07729847935428358,0.8492781787517953,35.26821459078999
"('USOIL',)",1,MinMax,RANDOM_FOREST,N/A,0.0005754804015150012,0.02398917258921202,0.008541013331504005,0.9910931385561961,2.8473847209123546
"('USOIL',)",1,MinMax,XGBOOST,N/A,0.0010485748465802907,0.03238170543038601,0.010650960314140659,0.9837709314733193,3.415696503646595
"('USOIL',)",1,Standard,LSTM,50,0.1713544840320276,0.41394985690543196,0.31083849385567686,0.8202421583243018,179.5569513580326
"('USOIL',)",1,Standard,GRU,50,0.07887197349667165,0.2808415451756945,0.19769179827110692,0.917260083361375,138.5600618601315
"('USOIL',)",1,Standard,CNN,50,0.11825191982807773,0.34387776873196924,0.26932622918762994,0.8759489137247795,165.35654747127623
"('USOIL',)",1,Standard,RNN,50,0.133329512067784,0.36514313914927116,0.2679173853040117,0.8601319045931756,236.63920342639727
"('USOIL',)",1,Standard,ANN,50,0.09903552782628991,0.31469910680885305,0.2491945900349169,0.896107692589241,195.5057510692543
"('USOIL',)",1,Standard,RANDOM_FOREST,N/A,0.008334884490685951,0.09129558856092637,0.032240431705149245,0.9912563662682914,29.29967855207776
"('USOIL',)",1,Standard,XGBOOST,N/A,0.01553300646562003,0.12463148264230844,0.0409370315446608,0.9837052427733806,74.94680879558247
"('USM2', 'USPPIYY')",2,MinMax,LSTM,50,0.0004330447349667916,0.02080972693157677,0.015577570445697903,0.9932976528076995,6.412978981502183
"('USM2', 'USPPIYY')",2,MinMax,GRU,50,0.002603644677702112,0.05102592162521038,0.042434674209607275,0.9597027069346933,21.649136566305454
"('USM2', 'USPPIYY')",2,MinMax,CNN,50,0.00048774573948240043,0.0220849663681519,0.016732070784727562,0.9924510309822215,11.004293035608587
"('USM2', 'USPPIYY')",2,MinMax,RNN,50,0.0026709024878082063,0.05168077483753709,0.043648423049500604,0.9586617401284361,22.134372657085287
"('USM2', 'USPPIYY')",2,MinMax,ANN,50,0.003074262088181777,0.05544602860603974,0.045085640903765725,0.9524188375672064,23.12435343756739
"('USM2', 'USPPIYY')",2,MinMax,RANDOM_FOREST,N/A,2.566664482078986e-05,0.005066225895160012,0.003297563953253066,0.9996027505914289,1.4695420813768785
"('USM2', 'USPPIYY')",2,MinMax,XGBOOST,N/A,7.169303544918075e-05,0.008467173994266372,0.0053111075431941344,0.998890388045274,1.9951310280502916
"('USM2', 'USPPIYY')",2,Standard,LSTM,50,0.007240188414553689,0.08508929670971367,0.050647230288639294,0.9924047470944366,45.4616455373373
"('USM2', 'USPPIYY')",2,Standard,GRU,50,0.002346617497577654,0.04844189816241364,0.03327099539121335,0.9975383025487436,17.907814287511297
"('USM2', 'USPPIYY')",2,Standard,CNN,50,0.005394573802709338,0.07344776240777753,0.04871489735921852,0.9943408720873972,23.151819285858117
"('USM2', 'USPPIYY')",2,Standard,RNN,50,0.005979923499149128,0.07732996507919247,0.06199378303079955,0.993726816384963,41.816447784105506
"('USM2', 'USPPIYY')",2,Standard,ANN,50,0.010829600041774018,0.10406536427541115,0.08565698537479345,0.988639307919386,57.84417431600855
"('USM2', 'USPPIYY')",2,Standard,RANDOM_FOREST,N/A,0.0004259871959772189,0.020639457259754166,0.01359355288161157,0.9995531220594377,9.850041147313673
"('USM2', 'USPPIYY')",2,Standard,XGBOOST,N/A,0.0010507007928020865,0.032414515156054494,0.020241504607244602,0.9988977720202189,16.09287741204515
"('USM2', 'INDPRO')",2,MinMax,LSTM,50,0.0016452788895385266,0.04056203754175235,0.030341268631821964,0.9745355861520971,16.239732619370074
"('USM2', 'INDPRO')",2,MinMax,GRU,50,0.0017772828499278363,0.04215783260472289,0.03453722584852928,0.972492526158871,21.987118229509473
"('USM2', 'INDPRO')",2,MinMax,CNN,50,0.0019150690488701318,0.04376150190372963,0.03416516633256099,0.9703599729396535,22.34558591507763
"('USM2', 'INDPRO')",2,MinMax,RNN,50,0.002420331813279093,0.049196867921434725,0.03824505252034138,0.9625398883225986,16.92889644393376
"('USM2', 'INDPRO')",2,MinMax,ANN,50,0.0035863079382310995,0.05988579078739045,0.045959230340021584,0.9444937693507082,21.528348482537876
"('USM2', 'INDPRO')",2,MinMax,RANDOM_FOREST,N/A,6.395067163902501e-06,0.0025288470028656342,0.0015297675238087304,0.9999010218645105,0.7917243392650726
"('USM2', 'INDPRO')",2,MinMax,XGBOOST,N/A,4.069911793963713e-05,0.006379586031995895,0.004403201172099377,0.9993700890535645,1.764064564863867
"('USM2', 'INDPRO')",2,Standard,LSTM,50,0.02100173353868219,0.14491974861516352,0.10810381872053773,0.9779683250561683,116.7733311078637
"('USM2', 'INDPRO')",2,Standard,GRU,50,0.024373406531512865,0.15611984669321471,0.12303452310811322,0.9744313025880886,104.10576513258587
"('USM2', 'INDPRO')",2,Standard,CNN,50,0.009776793596020985,0.09887766985533683,0.07490641394237431,0.9897437448149823,67.29979228375821
"('USM2', 'INDPRO')",2,Standard,RNN,50,0.013642680112672544,0.11680188402877988,0.09843595963271229,0.9856882722061266,71.02023151002193
"('USM2', 'INDPRO')",2,Standard,ANN,50,0.08390353957274292,0.2896610770758524,0.20735403050686607,0.9119817653576618,136.11463240392894
"('USM2', 'INDPRO')",2,Standard,RANDOM_FOREST,N/A,0.0001001951024398997,0.01000975036851068,0.006067867792609539,0.9998948912515315,8.05304822403208
"('USM2', 'INDPRO')",2,Standard,XGBOOST,N/A,0.0005783534434859422,0.024048980092426835,0.016061746982865367,0.9993932836522252,16.933011846848483
"('USM2', 'UNRATE')",2,MinMax,LSTM,50,0.0009012903771501622,0.030021498582685078,0.023888744694428154,0.9860504919215723,11.03649955973106
"('USM2', 'UNRATE')",2,MinMax,GRU,50,0.001636213852754647,0.04045014033046915,0.03422174788738732,0.9746758881092175,16.956822174141877
"('USM2', 'UNRATE')",2,MinMax,CNN,50,0.0007221120581263277,0.026872142790003325,0.019616723215849778,0.9888236818635366,14.069220467439802
"('USM2', 'UNRATE')",2,MinMax,RNN,50,0.019123376477161405,0.1382872968756039,0.09178579933030623,0.7040224755328408,46.46883870055452
"('USM2', 'UNRATE')",2,MinMax,ANN,50,0.006461202845276033,0.08038160763057699,0.04880615162900827,0.8999982651856033,22.25612321632215
"('USM2', 'UNRATE')",2,MinMax,RANDOM_FOREST,N/A,1.230245353380792e-05,0.0035074853576042083,0.002285689621779116,0.9998095916928604,1.2229446689323191
"('USM2', 'UNRATE')",2,MinMax,XGBOOST,N/A,5.315487432604043e-05,0.0072907389423871455,0.0049073620979886755,0.9991773080378785,2.077901993811876
"('USM2', 'UNRATE')",2,Standard,LSTM,50,0.002359106970256206,0.04857063897311014,0.03615728249751445,0.9975252005825765,30.257480095776014
"('USM2', 'UNRATE')",2,Standard,GRU,50,0.00426686004700516,0.06532120671730705,0.05022599656712957,0.9955238898058918,51.50846279196239
"('USM2', 'UNRATE')",2,Standard,CNN,50,0.004302372133595529,0.06559247009829351,0.05368019519608982,0.9954866361788569,26.69510515736917
"('USM2', 'UNRATE')",2,Standard,RNN,50,0.01196635548134052,0.10939083819653508,0.08710530434925899,0.9874468051057953,33.10546841391676
"('USM2', 'UNRATE')",2,Standard,ANN,50,0.03385989931463618,0.18401059565860922,0.1223017604848775,0.9644795847944205,162.39458961709536
"('USM2', 'UNRATE')",2,Standard,RANDOM_FOREST,N/A,0.00017786466586001474,0.013336591238394268,0.008630557515360411,0.9998134127120981,6.564882092878417
"('USM2', 'UNRATE')",2,Standard,XGBOOST,N/A,0.0007493271276095978,0.02737384020574384,0.01902846549656964,0.9992139252851826,16.312544325593603
"('USM2', 'USOIL')",2,MinMax,LSTM,50,0.0014927445699676268,0.03863605272239423,0.03347004646640146,0.9768963999109432,17.731441182344998
"('USM2', 'USOIL')",2,MinMax,GRU,50,0.0026734921472322637,0.05170582314625949,0.034902626692841277,0.9586216592888176,15.759066193980548
"('USM2', 'USOIL')",2,MinMax,CNN,50,0.0015673366296922212,0.039589602545267125,0.0258163421100768,0.9757419189954752,17.707969593421925
"('USM2', 'USOIL')",2,MinMax,RNN,50,0.002075941836089865,0.04556250471703531,0.036215925724390266,0.9678701025251744,21.202054222702913
"('USM2', 'USOIL')",2,MinMax,ANN,50,0.0016364468164645732,0.040453019868293805,0.028859794424108878,0.9746722824686427,19.98066818657437
"('USM2', 'USOIL')",2,MinMax,RANDOM_FOREST,N/A,1.1680544447064636e-05,0.003417681150585092,0.002119051184577612,0.9998192171432697,0.6909071265317918
"('USM2', 'USOIL')",2,MinMax,XGBOOST,N/A,5.739441331074796e-05,0.00757591006485346,0.005097517417673655,0.9991116915786159,1.9822614118853947
"('USM2', 'USOIL')",2,Standard,LSTM,50,0.003390582860413486,0.058228711649953975,0.04484043304570597,0.9964431403096716,33.08708136533433
"('USM2', 'USOIL')",2,Standard,GRU,50,0.00768560989245215,0.0876676102814041,0.060805247240236504,0.9919374817995987,28.35695753217023
"('USM2', 'USOIL')",2,Standard,CNN,50,0.03132555896899761,0.17699027930651334,0.11925855432687897,0.9671382111687294,48.122061683923626
"('USM2', 'USOIL')",2,Standard,RNN,50,0.044200396622614824,0.21023890368486708,0.1500122755014283,0.953631981427425,107.35783138509586
"('USM2', 'USOIL')",2,Standard,ANN,50,0.08522551928415924,0.29193410092717714,0.19493198354861996,0.9105949547293573,91.28628618038476
"('USM2', 'USOIL')",2,Standard,RANDOM_FOREST,N/A,0.00011726386313093324,0.010828844034842003,0.007030829806025654,0.9998769854254935,10.364602600579204
"('USM2', 'USOIL')",2,Standard,XGBOOST,N/A,0.0007926434391490817,0.028153924045309947,0.018836903387017004,0.9991684847079157,18.1825470146158
"('USPPIYY', 'INDPRO')",2,MinMax,LSTM,50,0.0006534126392817891,0.025561937314722238,0.01986237384949317,0.9898869608271769,7.697189120525574
"('USPPIYY', 'INDPRO')",2,MinMax,GRU,50,0.0019398454475552534,0.04404367658989487,0.03274584640731219,0.9699765021045322,14.02837691296211
"('USPPIYY', 'INDPRO')",2,MinMax,CNN,50,0.0015938540069115326,0.039923101168515614,0.030551641996234294,0.9753315025779505,18.571444037980086
"('USPPIYY', 'INDPRO')",2,MinMax,RNN,50,0.002842713371013492,0.05331710205003167,0.0413069072714906,0.956002577927224,19.264082816269866
"('USPPIYY', 'INDPRO')",2,MinMax,ANN,50,0.0036138567115846674,0.060115361693868795,0.05131275709274121,0.944067389744103,34.878066005533334
"('USPPIYY', 'INDPRO')",2,MinMax,RANDOM_FOREST,N/A,3.40623438561665e-05,0.005836295388015115,0.003588479853812411,0.9994728081505827,1.657564420945576
"('USPPIYY', 'INDPRO')",2,MinMax,XGBOOST,N/A,6.757994972667095e-05,0.00822070250809935,0.005114875504851531,0.9989540473541583,1.879277837442751
"('USPPIYY', 'INDPRO')",2,Standard,LSTM,50,0.003465628102814931,0.058869585549882475,0.04394413946537016,0.9963644147900079,36.48748713778196
"('USPPIYY', 'INDPRO')",2,Standard,GRU,50,0.0011889686480887982,0.034481424681831206,0.027308820120892675,0.9987527234013872,20.753329865371576
"('USPPIYY', 'INDPRO')",2,Standard,CNN,50,0.002691228835275665,0.05187705499809781,0.033233462177289196,0.9971767912020666,47.516389806746524
"('USPPIYY', 'INDPRO')",2,Standard,RNN,50,0.010424332850291823,0.10209962218486326,0.07995909501282943,0.9890644497302603,55.94170085763932
"('USPPIYY', 'INDPRO')",2,Standard,ANN,50,0.018805685621561572,0.13713382376919844,0.09088254166033925,0.9802720688772184,82.46593301622092
"('USPPIYY', 'INDPRO')",2,Standard,RANDOM_FOREST,N/A,0.0004592067208871875,0.021429109194905593,0.013341426505365853,0.9995182734230974,11.68660876886021
"('USPPIYY', 'INDPRO')",2,Standard,XGBOOST,N/A,0.0009718938464784327,0.03117521205185993,0.01929011822362504,0.9989804437207013,22.669868675898687
"('USPPIYY', 'UNRATE')",2,MinMax,LSTM,50,0.005090755077950105,0.07134952752436491,0.05905320127631888,0.9212090455134967,41.37335591261661
"('USPPIYY', 'UNRATE')",2,MinMax,GRU,50,0.002043657049667876,0.045206825255351385,0.03363230258739058,0.9683697826509379,28.843961233980096
"('USPPIYY', 'UNRATE')",2,MinMax,CNN,50,0.0004575181828919143,0.02138967467943153,0.01680635062201718,0.9929188708211238,13.589562479049325
"('USPPIYY', 'UNRATE')",2,MinMax,RNN,50,0.005449139009069513,0.07381828370444217,0.06640346894873587,0.9156622432075225,39.41020018556176
"('USPPIYY', 'UNRATE')",2,MinMax,ANN,50,0.0032964314797821223,0.05741455808226797,0.049520791979799174,0.9489802634944333,33.687376783319586
"('USPPIYY', 'UNRATE')",2,MinMax,RANDOM_FOREST,N/A,0.00011885206492869849,0.010901929413122178,0.006609486240504368,0.9981604953498971,4.843779762165988
"('USPPIYY', 'UNRATE')",2,MinMax,XGBOOST,N/A,9.005140266516329e-05,0.009489541752116552,0.006520199233782837,0.9986062507702308,2.9209029607154133
"('USPPIYY', 'UNRATE')",2,Standard,LSTM,50,0.0034440749013218367,0.05868624115857001,0.04627111899866139,0.9963870249773251,46.702615606024125
"('USPPIYY', 'UNRATE')",2,Standard,GRU,50,0.009123268510026355,0.09551580241000102,0.06739319826411784,0.9904293192812879,25.567421219437346
"('USPPIYY', 'UNRATE')",2,Standard,CNN,50,0.004864300674093252,0.06974453866858144,0.05774022474866835,0.9948971502241329,57.027261674719384
"('USPPIYY', 'UNRATE')",2,Standard,RNN,50,0.009218439086716445,0.09601270273623405,0.0695745387714771,0.9903294814652337,35.4497541187636
"('USPPIYY', 'UNRATE')",2,Standard,ANN,50,0.02209805949623607,0.1486541607094671,0.11452298606435035,0.9768182344179444,99.24204902987395
"('USPPIYY', 'UNRATE')",2,Standard,RANDOM_FOREST,N/A,0.0017217597756584665,0.04149409326227609,0.02545327527870143,0.9981938037810638,20.47225119914841
"('USPPIYY', 'UNRATE')",2,Standard,XGBOOST,N/A,0.0012719682776492222,0.03566466427220677,0.024243272122841542,0.9986656534052097,26.680144320585963
"('USPPIYY', 'USOIL')",2,MinMax,LSTM,50,0.0012362742129267293,0.035160691303310995,0.028431899199620775,0.9808658590421186,12.484384140041252
"('USPPIYY', 'USOIL')",2,MinMax,GRU,50,0.0026324739475435976,0.05130764024532406,0.04229200666480854,0.9592565087473559,21.423765642271
"('USPPIYY', 'USOIL')",2,MinMax,CNN,50,0.00059252657551141,0.024341868776069968,0.0195868028394948,0.9908293104405325,9.549376533709806
"('USPPIYY', 'USOIL')",2,MinMax,RNN,50,0.0016682435565552004,0.04084413735844106,0.03231852713071912,0.9741801559642365,12.466060626191783
"('USPPIYY', 'USOIL')",2,MinMax,ANN,50,0.0029923227188460113,0.05470212718757847,0.044271686568026124,0.9536870347248246,19.60690414806465
"('USPPIYY', 'USOIL')",2,MinMax,RANDOM_FOREST,N/A,8.510384922854111e-05,0.009225174753279263,0.004441097070848478,0.9986828253552728,1.2956998282123293
"('USPPIYY', 'USOIL')",2,MinMax,XGBOOST,N/A,9.665390901087083e-05,0.009831271993535264,0.0059771189382087555,0.9985040620439974,2.193333594682641
"('USPPIYY', 'USOIL')",2,Standard,LSTM,50,0.0014167089410004048,0.037639194212953135,0.028958007614178067,0.9985138145467538,21.294822146594043
"('USPPIYY', 'USOIL')",2,Standard,GRU,50,0.001978595821440938,0.04448140984097669,0.03621814697020734,0.9979243722951289,47.74523830300314
"('USPPIYY', 'USOIL')",2,Standard,CNN,50,0.002064155726189499,0.045432980599884695,0.03956740243087906,0.9978346164658697,30.275090174037533
"('USPPIYY', 'USOIL')",2,Standard,RNN,50,0.0038977315489445914,0.06243181519821918,0.043453827883485605,0.9959111206536119,26.070188033905143
"('USPPIYY', 'USOIL')",2,Standard,ANN,50,0.012130404306332719,0.11013811468484795,0.07095569609892804,0.987274711198381,32.62847228176937
"('USPPIYY', 'USOIL')",2,Standard,RANDOM_FOREST,N/A,0.0011236836687841586,0.03352139121194343,0.01667157192967155,0.9988212100070336,11.683833540382011
"('USPPIYY', 'USOIL')",2,Standard,XGBOOST,N/A,0.0013741667823427867,0.03706975562831224,0.022585910884428982,0.9985584430060773,24.570239430635965
"('INDPRO', 'UNRATE')",2,MinMax,LSTM,50,0.0022284925306768717,0.04720691189515442,0.03551524203609618,0.9655090353258997,13.076113677174542
"('INDPRO', 'UNRATE')",2,MinMax,GRU,50,0.0009787436959857807,0.03128487967031008,0.024366631085376452,0.9848517265467385,13.639691253327383
"('INDPRO', 'UNRATE')",2,MinMax,CNN,50,0.0007385596213360895,0.027176453435577085,0.02099564230379505,0.9885691186043676,10.201784164118314
"('INDPRO', 'UNRATE')",2,MinMax,RNN,50,0.0018227749733147197,0.04269396881662233,0.03484870125151354,0.9717884326072492,21.083761850759867
"('INDPRO', 'UNRATE')",2,MinMax,ANN,50,0.004685601071330363,0.06845145046914902,0.0491024016522529,0.9274797205718722,22.542055483036457
"('INDPRO', 'UNRATE')",2,MinMax,RANDOM_FOREST,N/A,2.9842338562971823e-05,0.005462814161489646,0.0026724257360561804,0.9995381222817672,1.4047107302692425
"('INDPRO', 'UNRATE')",2,MinMax,XGBOOST,N/A,5.487561183670187e-05,0.0074078074918765184,0.005083195089718837,0.9991506757311166,2.4824067208506175
"('INDPRO', 'UNRATE')",2,Standard,LSTM,50,0.003860375559217216,0.0621319206142641,0.04976579088303153,0.9959503086102328,51.77369223814399
"('INDPRO', 'UNRATE')",2,Standard,GRU,50,0.0033650492366952126,0.058009044438735696,0.04254571968365046,0.9964699261222266,29.841129266888
"('INDPRO', 'UNRATE')",2,Standard,CNN,50,0.003649314356053697,0.0604095551717913,0.04686032573301159,0.9961717204195384,33.8996200298344
"('INDPRO', 'UNRATE')",2,Standard,RNN,50,0.06488866823141387,0.25473254254494826,0.19793397624222928,0.9319291408311833,112.44379269027777
"('INDPRO', 'UNRATE')",2,Standard,ANN,50,0.013799176850251503,0.11746989763446422,0.09252100002837325,0.985524100746387,146.69553780476696
"('INDPRO', 'UNRATE')",2,Standard,RANDOM_FOREST,N/A,0.00044812633586218385,0.021168994682369397,0.010321069197947548,0.9995298971988525,6.187021582275366
"('INDPRO', 'UNRATE')",2,Standard,XGBOOST,N/A,0.0008683377025359022,0.029467570353456395,0.019731106034995616,0.999089078338771,14.941233904728248
"('INDPRO', 'USOIL')",2,MinMax,LSTM,50,0.0023140074681474603,0.04810413150808837,0.03228649625578554,0.9641854981603925,14.675602222076245
"('INDPRO', 'USOIL')",2,MinMax,GRU,50,0.0006696262933978064,0.025877138431399372,0.018320964925389673,0.9896360178405367,8.014090862367308
"('INDPRO', 'USOIL')",2,MinMax,CNN,50,0.001972287228785242,0.04441044053806765,0.028388449491122326,0.969474392128858,14.28925419068919
"('INDPRO', 'USOIL')",2,MinMax,RNN,50,0.0039395669247371925,0.06276596947978412,0.04692243398108413,0.9390262871596463,25.409752043181022
"('INDPRO', 'USOIL')",2,MinMax,ANN,50,0.00281354851500419,0.05304289316208336,0.035907240835568205,0.9564539700698921,17.78806342900821
"('INDPRO', 'USOIL')",2,MinMax,RANDOM_FOREST,N/A,3.784424697326396e-05,0.006151767792534432,0.0025930911634423444,0.9994142746419364,1.0914328897727248
"('INDPRO', 'USOIL')",2,MinMax,XGBOOST,N/A,5.5821618629057906e-05,0.007471386660390286,0.004947861945439683,0.9991360341353259,1.969146000115344
"('INDPRO', 'USOIL')",2,Standard,LSTM,50,0.02786969172485835,0.16694218078382211,0.11201850172269964,0.9707635568399177,66.13124782976094
"('INDPRO', 'USOIL')",2,Standard,GRU,50,0.005057570929087376,0.0711166009387919,0.056825195780072925,0.9946944018449814,33.24057070243544
"('INDPRO', 'USOIL')",2,Standard,CNN,50,0.008356105274248123,0.09141173488260751,0.056271693672168645,0.99123410480094,25.791802295983963
"('INDPRO', 'USOIL')",2,Standard,RNN,50,0.0222350846389893,0.14911433411643998,0.1275819904224122,0.9766744894552387,132.93756224558814
"('INDPRO', 'USOIL')",2,Standard,ANN,50,0.02110417257386172,0.1452727523448968,0.1075528996332972,0.9778608623307472,41.37940545842615
"('INDPRO', 'USOIL')",2,Standard,RANDOM_FOREST,N/A,0.0004156476998812981,0.020387439757882746,0.008916638577288326,0.9995639686124924,6.494804858490795
"('INDPRO', 'USOIL')",2,Standard,XGBOOST,N/A,0.0007621344791012517,0.0276067832081402,0.018145171783106425,0.9992004898511774,11.03495223568382
"('UNRATE', 'USOIL')",2,MinMax,LSTM,50,0.0004999336815674231,0.022359196800587965,0.01733391807629254,0.992262394998875,8.754360283742466
"('UNRATE', 'USOIL')",2,MinMax,GRU,50,0.0012950022912965233,0.03598614026672663,0.029020559060398406,0.9799569091360514,12.988464016188791
"('UNRATE', 'USOIL')",2,MinMax,CNN,50,0.000735010563338319,0.027111078240053807,0.020535597072071053,0.988624048307897,11.714678165422212
"('UNRATE', 'USOIL')",2,MinMax,RNN,50,0.0013616488013538236,0.03690052575985637,0.02996673506379443,0.9789254035813344,16.343924422129458
"('UNRATE', 'USOIL')",2,MinMax,ANN,50,0.0012469208835261274,0.03531176692727408,0.029363863381420642,0.9807010777226906,16.153782877740234
"('UNRATE', 'USOIL')",2,MinMax,RANDOM_FOREST,N/A,6.178574716407133e-05,0.00786039103124465,0.004238703282556163,0.9990437257502713,1.680199158814311
"('UNRATE', 'USOIL')",2,MinMax,XGBOOST,N/A,4.3498452815230864e-05,0.0065953356863188446,0.004563148045777124,0.9993267630118677,1.8527072218120926
"('UNRATE', 'USOIL')",2,Standard,LSTM,50,0.008365955959827628,0.09146559987135944,0.07156870087864332,0.9912237710300509,43.74284953612237
"('UNRATE', 'USOIL')",2,Standard,GRU,50,0.013122026584119312,0.11455141458803253,0.07525409724761249,0.9862344589901041,80.3635768540927
"('UNRATE', 'USOIL')",2,Standard,CNN,50,0.005140928316453834,0.07170026719931966,0.05858245091732171,0.9946069565462757,21.491927559899608
"('UNRATE', 'USOIL')",2,Standard,RNN,50,0.00693610722829264,0.08328329501342176,0.06688874180160895,0.9927237406594154,68.63067574670183
"('UNRATE', 'USOIL')",2,Standard,ANN,50,0.01760177879953504,0.13267169554782604,0.10481448373820046,0.9815350162294785,99.62455142719786
"('UNRATE', 'USOIL')",2,Standard,RANDOM_FOREST,N/A,0.0009517453835720327,0.030850370882244394,0.016452418269688525,0.999001580279955,18.220067683391918
"('UNRATE', 'USOIL')",2,Standard,XGBOOST,N/A,0.0006617814553510605,0.025725113320470727,0.017499072943307787,0.9993057642655405,11.927840185169593
"('USM2', 'USPPIYY', 'INDPRO')",3,MinMax,LSTM,50,0.0010895674659851143,0.03300859684968621,0.02561354301823735,0.983136477927558,9.758904673671372
"('USM2', 'USPPIYY', 'INDPRO')",3,MinMax,GRU,50,0.0007892704671752284,0.0280939578410595,0.020446602318959596,0.98778425351357,6.973103782696886
"('USM2', 'USPPIYY', 'INDPRO')",3,MinMax,CNN,50,0.00109863834246567,0.03314571378724058,0.025021444748468732,0.9829960855879171,14.592871622801626
"('USM2', 'USPPIYY', 'INDPRO')",3,MinMax,RNN,50,0.0012629412733096363,0.03553788504272076,0.028401546224496362,0.9804531259389255,11.388861207312372
"('USM2', 'USPPIYY', 'INDPRO')",3,MinMax,ANN,50,0.002303409662575848,0.047993850257880416,0.036939187307032446,0.964349523182941,18.77737823089561
"('USM2', 'USPPIYY', 'INDPRO')",3,MinMax,RANDOM_FOREST,N/A,2.7378899736797606e-05,0.005232485044106444,0.0032431102427012857,0.9995762495720142,1.2704726076608719
"('USM2', 'USPPIYY', 'INDPRO')",3,MinMax,XGBOOST,N/A,7.181894641138594e-05,0.008474605973812938,0.005596775566720226,0.9988884392882152,2.1736413230951555
"('USM2', 'USPPIYY', 'INDPRO')",3,Standard,LSTM,50,0.002095078285742371,0.04577202514355653,0.03336009188087507,0.9978021774398604,21.100916914857397
"('USM2', 'USPPIYY', 'INDPRO')",3,Standard,GRU,50,0.002734000719224237,0.05228767272717573,0.038309342558615005,0.9971319217515446,17.604969554411166
"('USM2', 'USPPIYY', 'INDPRO')",3,Standard,CNN,50,0.0015197725090781511,0.03898425976055145,0.031292173067686085,0.9984056966608538,16.985638713932808
"('USM2', 'USPPIYY', 'INDPRO')",3,Standard,RNN,50,0.007940882687225332,0.0891116304823637,0.06526898973361489,0.9916696902277227,36.864513950083285
"('USM2', 'USPPIYY', 'INDPRO')",3,Standard,ANN,50,0.02033803981643517,0.1426114995939499,0.10755477878792116,0.978664566836585,52.74605155077575
"('USM2', 'USPPIYY', 'INDPRO')",3,Standard,RANDOM_FOREST,N/A,0.0003557350120130069,0.01886093878928106,0.011897310017819664,0.9996268194653373,9.507275071938398
"('USM2', 'USPPIYY', 'INDPRO')",3,Standard,XGBOOST,N/A,0.0010323551217311822,0.032130283561325475,0.020889732776263676,0.9989170173773184,18.27413409293438
"('USM2', 'USPPIYY', 'UNRATE')",3,MinMax,LSTM,50,0.0011435218246650786,0.03381599953668498,0.02875513319944431,0.98230141213594,16.76145345034388
"('USM2', 'USPPIYY', 'UNRATE')",3,MinMax,GRU,50,0.0014196415469336146,0.03767813088428903,0.031910873367936736,0.978027834614146,16.214690021682145
"('USM2', 'USPPIYY', 'UNRATE')",3,MinMax,CNN,50,0.00048033919684872215,0.021916642006674338,0.018131208745897843,0.992565663989431,8.770043436013223
"('USM2', 'USPPIYY', 'UNRATE')",3,MinMax,RNN,50,0.0013677332861821764,0.03698287828417599,0.030671201717628282,0.9788312324102912,15.443855427068653
"('USM2', 'USPPIYY', 'UNRATE')",3,MinMax,ANN,50,0.0011757344827913203,0.03428898486090424,0.02615118597724125,0.9818028483587693,13.773434288690165
"('USM2', 'USPPIYY', 'UNRATE')",3,MinMax,RANDOM_FOREST,N/A,2.6679440451365182e-05,0.005165214463249825,0.0031043534289561486,0.9995870752872331,1.0217797447827481
"('USM2', 'USPPIYY', 'UNRATE')",3,MinMax,XGBOOST,N/A,7.702933767069135e-05,0.008776635897124328,0.005602732929427624,0.9988077966931026,2.2336909852909645
"('USM2', 'USPPIYY', 'UNRATE')",3,Standard,LSTM,50,0.00080122505321247,0.028305919049069404,0.02225136608653793,0.9991594822448004,18.06340502807851
"('USM2', 'USPPIYY', 'UNRATE')",3,Standard,GRU,50,0.0019241151965144056,0.04386473750650294,0.034800399908781386,0.9979815246924254,35.88311162954893
"('USM2', 'USPPIYY', 'UNRATE')",3,Standard,CNN,50,0.0027981178036927596,0.052897238148061757,0.04145211261239687,0.9970646603152087,14.252889257220325
"('USM2', 'USPPIYY', 'UNRATE')",3,Standard,RNN,50,0.011491553579217172,0.1071986640738455,0.08306227383249762,0.9879448916637943,70.64594058306272
"('USM2', 'USPPIYY', 'UNRATE')",3,Standard,ANN,50,0.013390141735098273,0.11571577997446275,0.09826758884111189,0.9859531952628502,46.16827677980065
"('USM2', 'USPPIYY', 'UNRATE')",3,Standard,RANDOM_FOREST,N/A,0.00038359512714889577,0.019585584677228703,0.01195396013374938,0.9995975930684095,9.269225578321135
"('USM2', 'USPPIYY', 'UNRATE')",3,Standard,XGBOOST,N/A,0.001096026009305986,0.03310628353207267,0.02135751432229294,0.9988502240197201,19.57250011823529
"('USM2', 'USPPIYY', 'USOIL')",3,MinMax,LSTM,50,0.0003213277467011196,0.017925617052172,0.01340699677677461,0.9950267260007776,5.647220984832234
"('USM2', 'USPPIYY', 'USOIL')",3,MinMax,GRU,50,0.0023637436274259916,0.048618346613454384,0.040189134098123185,0.9634157185496974,21.797437961394536
"('USM2', 'USPPIYY', 'USOIL')",3,MinMax,CNN,50,0.00022056916475412413,0.014851571120730767,0.01206820937893079,0.9965861930587582,6.449710399180561
"('USM2', 'USPPIYY', 'USOIL')",3,MinMax,RNN,50,0.0014835189028098706,0.038516475731949704,0.029260877802469856,0.9770391879865831,11.494863009685883
"('USM2', 'USPPIYY', 'USOIL')",3,MinMax,ANN,50,0.0030084923196303814,0.05484972488199354,0.043113459323879444,0.953436773563178,19.314676330908238
"('USM2', 'USPPIYY', 'USOIL')",3,MinMax,RANDOM_FOREST,N/A,3.4305525890808125e-05,0.005857091931223901,0.003271753845452765,0.9994690443583103,0.9836019139929845
"('USM2', 'USPPIYY', 'USOIL')",3,MinMax,XGBOOST,N/A,7.998644353831789e-05,0.008943514048645414,0.005758099102708517,0.9987620287882908,2.162130048553129
"('USM2', 'USPPIYY', 'USOIL')",3,Standard,LSTM,50,0.0017978347889132955,0.042400881935559964,0.031971115533686624,0.9981139979897804,25.460583064459296
"('USM2', 'USPPIYY', 'USOIL')",3,Standard,GRU,50,0.002487303713470016,0.04987287552838733,0.03626635324502106,0.9973907169710146,18.44276774901971
"('USM2', 'USPPIYY', 'USOIL')",3,Standard,CNN,50,0.0022519312877423117,0.047454518096197246,0.03366043684560716,0.9976376322442144,24.991290413227826
"('USM2', 'USPPIYY', 'USOIL')",3,Standard,RNN,50,0.005023658224589479,0.07087776960789242,0.05264185950083464,0.9947299776549776,36.35247303459139
"('USM2', 'USPPIYY', 'USOIL')",3,Standard,ANN,50,0.017776539467267743,0.1333286895880543,0.10609484624516548,0.9813516851621948,39.23572032529205
"('USM2', 'USPPIYY', 'USOIL')",3,Standard,RANDOM_FOREST,N/A,0.00048800029882579336,0.02209072879797752,0.012246434060295014,0.9994880677856226,10.240076336521598
"('USM2', 'USPPIYY', 'USOIL')",3,Standard,XGBOOST,N/A,0.001239105805977351,0.03520093473158562,0.022395171574058938,0.9987001274781424,23.418393824024513
"('USM2', 'INDPRO', 'UNRATE')",3,MinMax,LSTM,50,0.0009382174880719126,0.030630336075072904,0.023299247466549735,0.9854789613192544,10.902410516056477
"('USM2', 'INDPRO', 'UNRATE')",3,MinMax,GRU,50,0.0013439410633451518,0.03665980173630446,0.02817668681005522,0.979199470897113,14.275452440214343
"('USM2', 'INDPRO', 'UNRATE')",3,MinMax,CNN,50,0.0005708979010339799,0.023893469840815917,0.017970999963319932,0.9911640631206872,9.122039828151012
"('USM2', 'INDPRO', 'UNRATE')",3,MinMax,RNN,50,0.004045579676574994,0.06360487148461974,0.045457391026002575,0.9373854999331659,17.141275503850125
"('USM2', 'INDPRO', 'UNRATE')",3,MinMax,ANN,50,0.0013063937019648663,0.036144068696881186,0.026510054295536534,0.9797806012788154,11.193321661318635
"('USM2', 'INDPRO', 'UNRATE')",3,MinMax,RANDOM_FOREST,N/A,9.667491702141787e-06,0.0031092590278299086,0.0019960420548702385,0.9998503736897496,1.0874699205115823
"('USM2', 'INDPRO', 'UNRATE')",3,MinMax,XGBOOST,N/A,5.647162931600371e-05,0.007514760762393152,0.004942749535182891,0.9991259737490636,2.130683130394539
"('USM2', 'INDPRO', 'UNRATE')",3,Standard,LSTM,50,0.0032824601944697464,0.057292758656480716,0.04833851137284596,0.9965565653955458,28.213020656613136
"('USM2', 'INDPRO', 'UNRATE')",3,Standard,GRU,50,0.003340401301993181,0.05779620490995219,0.0411033040673282,0.9964957828108849,28.74514114735304
"('USM2', 'INDPRO', 'UNRATE')",3,Standard,CNN,50,0.002749609006603163,0.05243671430022254,0.04236974810123811,0.99711554802157,26.933892136309378
"('USM2', 'INDPRO', 'UNRATE')",3,Standard,RNN,50,0.011488532403693045,0.10718457166818854,0.08183738534715065,0.9879480610001242,37.05764479436362
"('USM2', 'INDPRO', 'UNRATE')",3,Standard,ANN,50,0.01824589321476612,0.1350773601117749,0.11208318363091745,0.980859313940576,90.57599560549221
"('USM2', 'INDPRO', 'UNRATE')",3,Standard,RANDOM_FOREST,N/A,0.00017102011708168256,0.013077466003843503,0.008144767990374991,0.9998205929228908,8.212293897910511
"('USM2', 'INDPRO', 'UNRATE')",3,Standard,XGBOOST,N/A,0.0008190701715004368,0.028619402011580128,0.01907926260398752,0.9991407619879831,11.834877639604146
"('USM2', 'INDPRO', 'USOIL')",3,MinMax,LSTM,50,0.00028908303900021824,0.017002442148121494,0.013589131252800167,0.9955257858176398,7.506265192310857
"('USM2', 'INDPRO', 'USOIL')",3,MinMax,GRU,50,0.00044873803639384997,0.02118343778506808,0.017321322483001715,0.9930547634564051,8.047600813429383
"('USM2', 'INDPRO', 'USOIL')",3,MinMax,CNN,50,0.00029786389880418987,0.017258733986135536,0.013770221332400372,0.9953898821423356,9.645302046748258
"('USM2', 'INDPRO', 'USOIL')",3,MinMax,RNN,50,0.0010740122433212666,0.032772126011616436,0.02481678731391323,0.9833772301975392,9.223753609631325
"('USM2', 'INDPRO', 'USOIL')",3,MinMax,ANN,50,0.00115144002439176,0.0339328752744556,0.024174620501755194,0.982178860077409,11.485299744349138
"('USM2', 'INDPRO', 'USOIL')",3,MinMax,RANDOM_FOREST,N/A,8.677864013303398e-06,0.00294582144966449,0.001746102412875748,0.9998656904176212,0.6063107873584469
"('USM2', 'INDPRO', 'USOIL')",3,MinMax,XGBOOST,N/A,5.126881926538483e-05,0.007160224805506097,0.004729366227563517,0.9992064990078167,1.825800388604145
"('USM2', 'INDPRO', 'USOIL')",3,Standard,LSTM,50,0.0029478148947640315,0.0542937832054834,0.03933822464885676,0.9969076219619487,30.983324550271025
"('USM2', 'INDPRO', 'USOIL')",3,Standard,GRU,50,0.0038254502014851543,0.06185022394046083,0.05027995008933479,0.9959869467347682,34.71827996829345
"('USM2', 'INDPRO', 'USOIL')",3,Standard,CNN,50,0.005349216459575125,0.07313833782343653,0.05883294509658708,0.9943884537900414,30.493558351127714
"('USM2', 'INDPRO', 'USOIL')",3,Standard,RNN,50,0.01360011342645353,0.11661952420779949,0.09385253282994262,0.9857329263958623,71.98450085750558
"('USM2', 'INDPRO', 'USOIL')",3,Standard,ANN,50,0.015120857515477327,0.1229668960146483,0.10430158405681372,0.9841376038297315,52.538836864715435
"('USM2', 'INDPRO', 'USOIL')",3,Standard,RANDOM_FOREST,N/A,0.00010642981435948335,0.01031648265444591,0.006419273000662229,0.999888350784473,9.41739634599099
"('USM2', 'INDPRO', 'USOIL')",3,Standard,XGBOOST,N/A,0.0007555400493937134,0.027487088776254814,0.017857593704160093,0.9992074076768649,13.012595865486281
"('USM2', 'UNRATE', 'USOIL')",3,MinMax,LSTM,50,0.0006584094722585091,0.025659490880734735,0.021439695307608503,0.9898096235297393,10.179898441843985
"('USM2', 'UNRATE', 'USOIL')",3,MinMax,GRU,50,0.0011049096260476131,0.033240180896734195,0.025587832707760477,0.9828990232834631,12.213463453451471
"('USM2', 'UNRATE', 'USOIL')",3,MinMax,CNN,50,0.0008447831194863619,0.029065153009856355,0.021079802477945348,0.9869250696018127,14.327412237515846
"('USM2', 'UNRATE', 'USOIL')",3,MinMax,RNN,50,0.014975496489656624,0.122374411090132,0.0883437833106885,0.7682203044023777,55.21032009003114
"('USM2', 'UNRATE', 'USOIL')",3,MinMax,ANN,50,0.0007649241251177236,0.027657261706787308,0.021511144841555956,0.9881610682492218,9.411112237478129
"('USM2', 'UNRATE', 'USOIL')",3,MinMax,RANDOM_FOREST,N/A,1.1879042938214464e-05,0.0034465987492329976,0.002077722607658645,0.9998161449299453,0.6842896142118791
"('USM2', 'UNRATE', 'USOIL')",3,MinMax,XGBOOST,N/A,5.468260600550891e-05,0.007394768827049897,0.004662231002900844,0.999153662933099,1.7008016256917355
"('USM2', 'UNRATE', 'USOIL')",3,Standard,LSTM,50,0.006172831370870145,0.07856736835907223,0.06042231417498221,0.993524448160643,45.8869063060101
"('USM2', 'UNRATE', 'USOIL')",3,Standard,GRU,50,0.004131775971281072,0.06427889211304962,0.048536446161850974,0.995665598510126,47.83780956601398
"('USM2', 'UNRATE', 'USOIL')",3,Standard,CNN,50,0.004800972721713962,0.06928905196143155,0.056948114601756125,0.9949635838287261,42.36291192478295
"('USM2', 'UNRATE', 'USOIL')",3,Standard,RNN,50,0.024185954536001964,0.15551834147778829,0.12095841434347752,0.9746279473757706,54.559233446420066
"('USM2', 'UNRATE', 'USOIL')",3,Standard,ANN,50,0.01696289014052218,0.13024166054117314,0.1024890394979559,0.982205236486999,108.14093754101926
"('USM2', 'UNRATE', 'USOIL')",3,Standard,RANDOM_FOREST,N/A,0.000145648560920277,0.012068494558986096,0.007492508534310658,0.9998472087199696,7.540065959423051
"('USM2', 'UNRATE', 'USOIL')",3,Standard,XGBOOST,N/A,0.0008045875687461917,0.0283652528412174,0.01750903099798786,0.9991559548288804,19.598791318593577
"('USPPIYY', 'INDPRO', 'UNRATE')",3,MinMax,LSTM,50,0.0002835666159389033,0.01683943633079514,0.01260775285732425,0.9956111649473951,6.7624358002449005
"('USPPIYY', 'INDPRO', 'UNRATE')",3,MinMax,GRU,50,0.0007520818012706836,0.027424109853752477,0.020702610134350062,0.9883598322711084,9.130046613295164
"('USPPIYY', 'INDPRO', 'UNRATE')",3,MinMax,CNN,50,0.0003493784365593418,0.018691667570319717,0.014352563623395393,0.9945925781004972,9.812197859787798
"('USPPIYY', 'INDPRO', 'UNRATE')",3,MinMax,RNN,50,0.001455168032795264,0.038146664766336574,0.03168254948352392,0.9774779818540487,15.519451484800378
"('USPPIYY', 'INDPRO', 'UNRATE')",3,MinMax,ANN,50,0.0019117332315045355,0.043723371684998576,0.033776647201748715,0.9704116022618666,16.495984961457467
"('USPPIYY', 'INDPRO', 'UNRATE')",3,MinMax,RANDOM_FOREST,N/A,2.8426666930135594e-05,0.0053316664308765225,0.0031284327642108456,0.999560033003749,1.026625790766188
"('USPPIYY', 'INDPRO', 'UNRATE')",3,MinMax,XGBOOST,N/A,7.76479512324901e-05,0.008811807489527338,0.005697113520559191,0.9987982222483992,2.272643554737084
"('USPPIYY', 'INDPRO', 'UNRATE')",3,Standard,LSTM,50,0.0016156786313575387,0.040195505113849964,0.027833753031700638,0.9983050872274805,33.090579415899754
"('USPPIYY', 'INDPRO', 'UNRATE')",3,Standard,GRU,50,0.002097523032154083,0.0457987230406491,0.03123047608654132,0.9977996128011765,28.639753108842374
"('USPPIYY', 'INDPRO', 'UNRATE')",3,Standard,CNN,50,0.003612368399218738,0.060102981616711314,0.04735356483772223,0.9962104782349338,33.83724757736951
"('USPPIYY', 'INDPRO', 'UNRATE')",3,Standard,RNN,50,0.00653086312159822,0.08081375576965978,0.06112111277829986,0.9931488582534059,69.71251357137156
"('USPPIYY', 'INDPRO', 'UNRATE')",3,Standard,ANN,50,0.008891924845021779,0.09429700337243904,0.07438105167643481,0.9906720082201941,70.47346104940503
"('USPPIYY', 'INDPRO', 'UNRATE')",3,Standard,RANDOM_FOREST,N/A,0.00040411808813617156,0.020102688579793786,0.012201298899148144,0.9995760636453968,9.89050212769246
"('USPPIYY', 'INDPRO', 'UNRATE')",3,Standard,XGBOOST,N/A,0.001073152265220366,0.032759002811751856,0.02074790311034763,0.9988742195100693,20.01508461125082
"('USPPIYY', 'INDPRO', 'USOIL')",3,MinMax,LSTM,50,0.0024525661719549856,0.04952339015005925,0.04091962292323583,0.9620409886803167,21.194247876353607
"('USPPIYY', 'INDPRO', 'USOIL')",3,MinMax,GRU,50,0.0011744192570299421,0.034269800948210104,0.027052255552816127,0.9818232044535956,11.196274599859422
"('USPPIYY', 'INDPRO', 'USOIL')",3,MinMax,CNN,50,0.0004525882426314868,0.02127412143030792,0.016490410944928296,0.9929951728024081,9.562255086661423
"('USPPIYY', 'INDPRO', 'USOIL')",3,MinMax,RNN,50,0.0022267720558380617,0.04718868567610314,0.03556944606968012,0.9655356635672203,16.240247690568403
"('USPPIYY', 'INDPRO', 'USOIL')",3,MinMax,ANN,50,0.0036143620528009054,0.060119564642476454,0.04760222739321998,0.9440595684452663,21.989502226722195
"('USPPIYY', 'INDPRO', 'USOIL')",3,MinMax,RANDOM_FOREST,N/A,3.816734379799467e-05,0.006177972466594091,0.003267953806695066,0.9994092739874515,0.9684604337421613
"('USPPIYY', 'INDPRO', 'USOIL')",3,MinMax,XGBOOST,N/A,8.22873768807024e-05,0.009071238993693331,0.005698849923650931,0.9987264166381322,2.0977237564069373
"('USPPIYY', 'INDPRO', 'USOIL')",3,Standard,LSTM,50,0.0009620368405118874,0.0310167187257435,0.021991796260156696,0.998990784121934,21.709381310247668
"('USPPIYY', 'INDPRO', 'USOIL')",3,Standard,GRU,50,0.0017481385107413555,0.04181074635475138,0.03446833898030473,0.9981661314122232,19.8784818558193
"('USPPIYY', 'INDPRO', 'USOIL')",3,Standard,CNN,50,0.00358781262286995,0.05989835242199864,0.03997952551116409,0.9962362382457212,33.08695782048128
"('USPPIYY', 'INDPRO', 'USOIL')",3,Standard,RNN,50,0.007121565100986166,0.08438936604209185,0.06180108984093041,0.9925291877878902,26.088369217097444
"('USPPIYY', 'INDPRO', 'USOIL')",3,Standard,ANN,50,0.01101685506782909,0.10496120744269805,0.08713797871118431,0.9884428697606957,45.80549894520201
"('USPPIYY', 'INDPRO', 'USOIL')",3,Standard,RANDOM_FOREST,N/A,0.0005313183970143062,0.023050344835041106,0.01227390155297959,0.9994426253340879,10.789087565080122
"('USPPIYY', 'INDPRO', 'USOIL')",3,Standard,XGBOOST,N/A,0.00122090749844969,0.0349414867807552,0.021844821168435308,0.9987192182448755,24.69331164431977
"('USPPIYY', 'UNRATE', 'USOIL')",3,MinMax,LSTM,50,0.00036869521712073756,0.019201437892010523,0.014791322582623993,0.9942936072101805,6.967166972335188
"('USPPIYY', 'UNRATE', 'USOIL')",3,MinMax,GRU,50,0.0009572122499575326,0.03093884693968947,0.025182544741686824,0.9851849743966279,10.884672783271688
"('USPPIYY', 'UNRATE', 'USOIL')",3,MinMax,CNN,50,0.00023676437423005155,0.015387149646053734,0.01201737989776218,0.9963355355446608,5.898805502832767
"('USPPIYY', 'UNRATE', 'USOIL')",3,MinMax,RNN,50,0.0014310655419580538,0.03782942693139897,0.030982154255301132,0.9778510224402657,14.366344830525968
"('USPPIYY', 'UNRATE', 'USOIL')",3,MinMax,ANN,50,0.00227034037839361,0.04764808892698227,0.03549243953710818,0.9648613451867514,16.02674736596665
"('USPPIYY', 'UNRATE', 'USOIL')",3,MinMax,RANDOM_FOREST,N/A,2.8694641732283107e-05,0.005356737974951091,0.0032071346899344554,0.9995558854872969,1.0112755914353937
"('USPPIYY', 'UNRATE', 'USOIL')",3,MinMax,XGBOOST,N/A,0.00010557796642620249,0.010275113937383005,0.006140420279500653,0.9983659420616217,2.274496330133555
"('USPPIYY', 'UNRATE', 'USOIL')",3,Standard,LSTM,50,0.001870331915160916,0.04324733419716082,0.03380132342439881,0.9980379455478757,45.586808583755776
"('USPPIYY', 'UNRATE', 'USOIL')",3,Standard,GRU,50,0.002444406897271775,0.04944094353136654,0.03636475110107209,0.9974357174805613,51.11401742527937
"('USPPIYY', 'UNRATE', 'USOIL')",3,Standard,CNN,50,0.005024922045982754,0.07088668454641361,0.05984703547680627,0.9947286518547968,36.70902467889452
"('USPPIYY', 'UNRATE', 'USOIL')",3,Standard,RNN,50,0.006602959304289241,0.0812585952640657,0.06373958585524675,0.9930732264176427,27.838076027384485
"('USPPIYY', 'UNRATE', 'USOIL')",3,Standard,ANN,50,0.013936911539660257,0.1180546972367481,0.08333068816676235,0.9853796114403041,42.13083805313582
"('USPPIYY', 'UNRATE', 'USOIL')",3,Standard,RANDOM_FOREST,N/A,0.00042988117816603673,0.020733576106548447,0.012729112886684657,0.999549037113323,13.050918920545302
"('USPPIYY', 'UNRATE', 'USOIL')",3,Standard,XGBOOST,N/A,0.0015546129122144124,0.039428579890916846,0.023432881853376074,0.9983691476571538,29.10371060647277
"('INDPRO', 'UNRATE', 'USOIL')",3,MinMax,LSTM,50,0.0005899998929560568,0.024289913399517436,0.01852131242761036,0.9908684165706001,8.912957254539387
"('INDPRO', 'UNRATE', 'USOIL')",3,MinMax,GRU,50,0.0008161758511811442,0.028568791559692268,0.02115130851686971,0.9873678318130183,11.579036537512103
"('INDPRO', 'UNRATE', 'USOIL')",3,MinMax,CNN,50,0.00019946955061471221,0.01412336895413811,0.009939127266829089,0.9969127573329936,5.2832851237184215
"('INDPRO', 'UNRATE', 'USOIL')",3,MinMax,RNN,50,0.0015813211410842098,0.03976582881173495,0.0337338010209317,0.9755254770367225,20.102904019136208
"('INDPRO', 'UNRATE', 'USOIL')",3,MinMax,ANN,50,0.0014092423346756873,0.03753987659377275,0.026394810806625923,0.9781887859557769,11.38276373659991
"('INDPRO', 'UNRATE', 'USOIL')",3,MinMax,RANDOM_FOREST,N/A,3.64784031748354e-05,0.006039735356357545,0.0026883771786876563,0.9994354141654275,1.091873121769413
"('INDPRO', 'UNRATE', 'USOIL')",3,MinMax,XGBOOST,N/A,5.37364699475434e-05,0.007330516349312878,0.004574487561803652,0.9991683065295675,1.7086901122152762
"('INDPRO', 'UNRATE', 'USOIL')",3,Standard,LSTM,50,0.0031545160376963734,0.05616507845357623,0.047005891468641314,0.9966907840336312,42.672738332352004
"('INDPRO', 'UNRATE', 'USOIL')",3,Standard,GRU,50,0.0032266869100043036,0.05680393393070856,0.04335706941143186,0.996615073845414,43.06105473076833
"('INDPRO', 'UNRATE', 'USOIL')",3,Standard,CNN,50,0.005156139833897059,0.07180626597934932,0.05263177360927868,0.9945909990441442,49.35829099398744
"('INDPRO', 'UNRATE', 'USOIL')",3,Standard,RNN,50,0.015574848012346819,0.12479923081632682,0.09800355344844694,0.9836613492845439,93.6371855283446
"('INDPRO', 'UNRATE', 'USOIL')",3,Standard,ANN,50,0.012154981842083107,0.1102496342038517,0.0841191497655799,0.987248928361094,70.41815492766771
"('INDPRO', 'UNRATE', 'USOIL')",3,Standard,RANDOM_FOREST,N/A,0.0003456311767118912,0.018591158562926927,0.009308567340783126,0.9996374188006079,4.272536076443876
"('INDPRO', 'UNRATE', 'USOIL')",3,Standard,XGBOOST,N/A,0.0008181776033203874,0.02860380400087351,0.017227796177280635,0.9991416983284034,12.85558872404175
"('USM2', 'USPPIYY', 'INDPRO', 'UNRATE')",4,MinMax,LSTM,50,0.000608560042318566,0.02466900975553267,0.01854623804467884,0.9905811562602351,7.124735331643903
"('USM2', 'USPPIYY', 'INDPRO', 'UNRATE')",4,MinMax,GRU,50,0.0007309589888020817,0.027036253231579294,0.019940545142755017,0.9886867555919826,7.175818566260249
"('USM2', 'USPPIYY', 'INDPRO', 'UNRATE')",4,MinMax,CNN,50,0.00034038418574901133,0.018449503672159077,0.014320407880138561,0.9947317844844983,8.124866284324249
"('USM2', 'USPPIYY', 'INDPRO', 'UNRATE')",4,MinMax,RNN,50,0.000635406589402632,0.02520727254985418,0.021575275911246538,0.9901656451941887,11.232635575573813
"('USM2', 'USPPIYY', 'INDPRO', 'UNRATE')",4,MinMax,ANN,50,0.001955330525302998,0.04421911945417952,0.035372269865556485,0.9697368354858558,22.253814577800448
"('USM2', 'USPPIYY', 'INDPRO', 'UNRATE')",4,MinMax,RANDOM_FOREST,N/A,2.4179095534118295e-05,0.004917224372968788,0.0029443775124275828,0.9996257737827527,1.0009086475066349
"('USM2', 'USPPIYY', 'INDPRO', 'UNRATE')",4,MinMax,XGBOOST,N/A,7.711555666867586e-05,0.008781546371151031,0.005797361997165277,0.9988064622590075,2.2735814038459354
"('USM2', 'USPPIYY', 'INDPRO', 'UNRATE')",4,Standard,LSTM,50,0.0008793868287506956,0.029654457148137033,0.024291687802027565,0.9990774873547825,21.5313308605835
"('USM2', 'USPPIYY', 'INDPRO', 'UNRATE')",4,Standard,GRU,50,0.0013286880829797966,0.03645117395886992,0.02919471312414767,0.9986061520163544,20.703271686237596
"('USM2', 'USPPIYY', 'INDPRO', 'UNRATE')",4,Standard,CNN,50,0.00272911773000378,0.052240958356482896,0.0428141644121413,0.9971370442063677,19.212428057330307
"('USM2', 'USPPIYY', 'INDPRO', 'UNRATE')",4,Standard,RNN,50,0.007751946876759208,0.08804514113089494,0.06661953646366908,0.9918678915978034,43.15017556123123
"('USM2', 'USPPIYY', 'INDPRO', 'UNRATE')",4,Standard,ANN,50,0.011809309934420125,0.10867064890953824,0.07592771150323371,0.9876115522889148,62.352234420402944
"('USM2', 'USPPIYY', 'INDPRO', 'UNRATE')",4,Standard,RANDOM_FOREST,N/A,0.00037233930791910977,0.019296095665162674,0.011703969926574413,0.9996094008817998,9.277172715008872
"('USM2', 'USPPIYY', 'INDPRO', 'UNRATE')",4,Standard,XGBOOST,N/A,0.001156176557460041,0.03400259633410427,0.02204161686652286,0.9987871236417355,21.369118870781616
"('USM2', 'USPPIYY', 'INDPRO', 'USOIL')",4,MinMax,LSTM,50,0.0006536747868167198,0.02556706449353777,0.01861735030437405,0.9898829035008713,7.332674618422688
"('USM2', 'USPPIYY', 'INDPRO', 'USOIL')",4,MinMax,GRU,50,0.001080912059987086,0.03287722707265754,0.024654508367954464,0.9832704399213311,8.037738398374291
"('USM2', 'USPPIYY', 'INDPRO', 'USOIL')",4,MinMax,CNN,50,0.00016064949183274523,0.012674758058154215,0.008918420829450806,0.9975135855869203,5.9225161821424965
"('USM2', 'USPPIYY', 'INDPRO', 'USOIL')",4,MinMax,RNN,50,0.0007775172525792829,0.02788399635237537,0.02101441466491012,0.9879661611052964,7.513950106053692
"('USM2', 'USPPIYY', 'INDPRO', 'USOIL')",4,MinMax,ANN,50,0.0022613177880648422,0.047553315216342616,0.037340149215073656,0.9650009901889286,16.57746249558609
"('USM2', 'USPPIYY', 'INDPRO', 'USOIL')",4,MinMax,RANDOM_FOREST,N/A,3.6518565594130116e-05,0.006043059290965968,0.003191697615497495,0.999434792561107,0.9563109092619556
"('USM2', 'USPPIYY', 'INDPRO', 'USOIL')",4,MinMax,XGBOOST,N/A,7.989274234419592e-05,0.008938274013711816,0.005698292654437063,0.9987634790263022,2.1274889085493105
"('USM2', 'USPPIYY', 'INDPRO', 'USOIL')",4,Standard,LSTM,50,0.00102378554626933,0.031996648985000445,0.023998934576038973,0.9989260072114498,18.397001635381503
"('USM2', 'USPPIYY', 'INDPRO', 'USOIL')",4,Standard,GRU,50,0.0014686164341098885,0.038322531676676694,0.03264475392741758,0.9984593614696671,27.678600596437203
"('USM2', 'USPPIYY', 'INDPRO', 'USOIL')",4,Standard,CNN,50,0.004708200623653328,0.068616329132746,0.0539823832169803,0.9950609055428867,28.134599413388123
"('USM2', 'USPPIYY', 'INDPRO', 'USOIL')",4,Standard,RNN,50,0.006620914058594712,0.08136899937073525,0.0588561113093603,0.993054391148172,41.924124268027654
"('USM2', 'USPPIYY', 'INDPRO', 'USOIL')",4,Standard,ANN,50,0.009926475771002025,0.09963170063289106,0.07882173387141955,0.9895867221093092,41.77014731461794
"('USM2', 'USPPIYY', 'INDPRO', 'USOIL')",4,Standard,RANDOM_FOREST,N/A,0.0004890101988121023,0.022113574989406446,0.011752263865266654,0.9994870083593527,10.858594599289741
"('USM2', 'USPPIYY', 'INDPRO', 'USOIL')",4,Standard,XGBOOST,N/A,0.0011605056208868446,0.034066194693373734,0.02141073968609622,0.9987825822776593,24.23666760350897
"('USM2', 'USPPIYY', 'UNRATE', 'USOIL')",4,MinMax,LSTM,50,0.00042106489429630066,0.020519865844987894,0.015570786019174181,0.9934830679507521,8.804357830634704
"('USM2', 'USPPIYY', 'UNRATE', 'USOIL')",4,MinMax,GRU,50,0.0015070960039416665,0.038821334391564474,0.029707361151355416,0.9766742789949395,13.44258309589529
"('USM2', 'USPPIYY', 'UNRATE', 'USOIL')",4,MinMax,CNN,50,0.00038364706212600723,0.019586910479348376,0.015444396578219569,0.9940621935748237,7.514060911685823
"('USM2', 'USPPIYY', 'UNRATE', 'USOIL')",4,MinMax,RNN,50,0.0015075996621966496,0.038827820724277706,0.03000682104165553,0.9766664837437367,12.759940226900065
"('USM2', 'USPPIYY', 'UNRATE', 'USOIL')",4,MinMax,ANN,50,0.0030767059326148446,0.055468062275645116,0.043490828341549784,0.952381013544532,22.74913567445653
"('USM2', 'USPPIYY', 'UNRATE', 'USOIL')",4,MinMax,RANDOM_FOREST,N/A,2.378952129631315e-05,0.004877450286400995,0.0027851782678694017,0.999631803325634,0.7747956629379723
"('USM2', 'USPPIYY', 'UNRATE', 'USOIL')",4,MinMax,XGBOOST,N/A,8.19378343031599e-05,0.00905195196093969,0.005761514696163206,0.9987318266004849,2.272685090699562
"('USM2', 'USPPIYY', 'UNRATE', 'USOIL')",4,Standard,LSTM,50,0.0007583336975321849,0.027537859349124887,0.021926199571040642,0.9992044770260412,18.478868773340597
"('USM2', 'USPPIYY', 'UNRATE', 'USOIL')",4,Standard,GRU,50,0.001412165550999969,0.037578791239207904,0.031116180143830274,0.9985185807481461,23.65224166951294
"('USM2', 'USPPIYY', 'UNRATE', 'USOIL')",4,Standard,CNN,50,0.002020477526697875,0.04494972220935158,0.0326501154564011,0.9978804366783564,21.958556603111624
"('USM2', 'USPPIYY', 'UNRATE', 'USOIL')",4,Standard,RNN,50,0.015266336329877728,0.12355701651414916,0.0987208120828432,0.9839849906207229,97.03449802924227
"('USM2', 'USPPIYY', 'UNRATE', 'USOIL')",4,Standard,ANN,50,0.006455200934046798,0.0803442650974343,0.06262325085047568,0.9932282309736913,29.83380107386464
"('USM2', 'USPPIYY', 'UNRATE', 'USOIL')",4,Standard,RANDOM_FOREST,N/A,0.0003313509552351748,0.018203047965524202,0.010499037222780611,0.9996523993352918,9.512200822146468
"('USM2', 'USPPIYY', 'UNRATE', 'USOIL')",4,Standard,XGBOOST,N/A,0.0012113340852395208,0.03480422510614941,0.02225821133471051,0.9987292611457418,21.121815530882124
"('USM2', 'INDPRO', 'UNRATE', 'USOIL')",4,MinMax,LSTM,50,0.0002937267569746904,0.017138458418851164,0.012785284520256096,0.9954539137739111,5.790159078482561
"('USM2', 'INDPRO', 'UNRATE', 'USOIL')",4,MinMax,GRU,50,0.0003898239692020316,0.019743960322134758,0.015204614617496259,0.9939665919603594,5.809556851915807
"('USM2', 'INDPRO', 'UNRATE', 'USOIL')",4,MinMax,CNN,50,0.00039991390203435515,0.01999784743502048,0.01534627435471789,0.9938104274176952,9.271590286047692
"('USM2', 'INDPRO', 'UNRATE', 'USOIL')",4,MinMax,RNN,50,0.0009713615582817862,0.03116667384052694,0.02386976875495275,0.9849659818324363,14.407859920364563
"('USM2', 'INDPRO', 'UNRATE', 'USOIL')",4,MinMax,ANN,50,0.0008184478591702982,0.028608527735105457,0.0230903243958742,0.9873326673481551,12.816898782357903
"('USM2', 'INDPRO', 'UNRATE', 'USOIL')",4,MinMax,RANDOM_FOREST,N/A,1.0468521987165118e-05,0.0032355095405770507,0.0018528938450150995,0.9998379759334712,0.5978405960242662
"('USM2', 'INDPRO', 'UNRATE', 'USOIL')",4,MinMax,XGBOOST,N/A,6.320682664892723e-05,0.00795027211162783,0.004898429148658998,0.9990217313295423,1.8470661064434253
"('USM2', 'INDPRO', 'UNRATE', 'USOIL')",4,Standard,LSTM,50,0.004319127784262297,0.06572007139574863,0.049681656130907456,0.9954690588180032,53.80560962850603
"('USM2', 'INDPRO', 'UNRATE', 'USOIL')",4,Standard,GRU,50,0.0031193705569872764,0.055851325472071625,0.04428733594109246,0.9967276530761462,41.58766515729161
"('USM2', 'INDPRO', 'UNRATE', 'USOIL')",4,Standard,CNN,50,0.0023924436640205254,0.048912612524997325,0.04096398387605409,0.9974902290313299,17.37443474149945
"('USM2', 'INDPRO', 'UNRATE', 'USOIL')",4,Standard,RNN,50,0.016405567065136094,0.1280842186420173,0.09337279099285926,0.9827898911210075,59.04445224505118
"('USM2', 'INDPRO', 'UNRATE', 'USOIL')",4,Standard,ANN,50,0.016679450413899115,0.12914894662326562,0.10460291833197405,0.9825025763190478,73.30400047000997
"('USM2', 'INDPRO', 'UNRATE', 'USOIL')",4,Standard,RANDOM_FOREST,N/A,0.00015433876798712462,0.0124233154989771,0.007476095134103177,0.9998380923383653,8.974463952644875
"('USM2', 'INDPRO', 'UNRATE', 'USOIL')",4,Standard,XGBOOST,N/A,0.0008538299813470716,0.02922036928834185,0.018050273792843533,0.9991042975299306,14.237924483099851
"('USPPIYY', 'INDPRO', 'UNRATE', 'USOIL')",4,MinMax,LSTM,50,0.00014508395509728997,0.012045080120002938,0.0090818872909156,0.9977544974904989,3.8355368946022628
"('USPPIYY', 'INDPRO', 'UNRATE', 'USOIL')",4,MinMax,GRU,50,0.0005956700380758501,0.024406352412350563,0.019942078319829158,0.9907806582441387,9.163409991533083
"('USPPIYY', 'INDPRO', 'UNRATE', 'USOIL')",4,MinMax,CNN,50,0.00030237462931918916,0.017388922603749468,0.013640236639027798,0.9953200683804739,8.186112649884073
"('USPPIYY', 'INDPRO', 'UNRATE', 'USOIL')",4,MinMax,RNN,50,0.0013408925976414,0.036618200360495595,0.029358476243354293,0.9792466528021232,14.090267650009489
"('USPPIYY', 'INDPRO', 'UNRATE', 'USOIL')",4,MinMax,ANN,50,0.001430958255960943,0.037828008881792115,0.027015304747961075,0.977852682933844,10.92988577214796
"('USPPIYY', 'INDPRO', 'UNRATE', 'USOIL')",4,MinMax,RANDOM_FOREST,N/A,2.072804130278017e-05,0.004552805871413822,0.002660544272213159,0.9996791866562279,0.7616498315333864
"('USPPIYY', 'INDPRO', 'UNRATE', 'USOIL')",4,MinMax,XGBOOST,N/A,7.803300729246675e-05,0.008833629338639173,0.005622910264135923,0.9987922626345439,2.242295899881777
"('USPPIYY', 'INDPRO', 'UNRATE', 'USOIL')",4,Standard,LSTM,50,0.003194320384252335,0.05651831901474366,0.04216009791809279,0.9966490276508517,34.754106183418216
"('USPPIYY', 'INDPRO', 'UNRATE', 'USOIL')",4,Standard,GRU,50,0.0021817253734077993,0.04670894318444595,0.03176113144387421,0.9977112811113855,30.04822344998156
"('USPPIYY', 'INDPRO', 'UNRATE', 'USOIL')",4,Standard,CNN,50,0.00244228055855636,0.04941943502870465,0.04151334217181773,0.997437948096587,25.03365095316999
"('USPPIYY', 'INDPRO', 'UNRATE', 'USOIL')",4,Standard,RNN,50,0.007116118306338584,0.08435708806222855,0.06872434783606056,0.9925349016975986,56.1744292781391
"('USPPIYY', 'INDPRO', 'UNRATE', 'USOIL')",4,Standard,ANN,50,0.012411002310296062,0.11140467813469981,0.0876308105802982,0.9869803524492891,44.78482526426722
"('USPPIYY', 'INDPRO', 'UNRATE', 'USOIL')",4,Standard,RANDOM_FOREST,N/A,0.00030462186129861493,0.017453419759422936,0.010288929606852643,0.9996804392448578,9.498349554086222
"('USPPIYY', 'INDPRO', 'UNRATE', 'USOIL')",4,Standard,XGBOOST,N/A,0.0011936792845971297,0.034549664030162866,0.021720837901879883,0.9987477817515877,19.751345440309763
"('USM2', 'USPPIYY', 'INDPRO', 'UNRATE', 'USOIL')",5,MinMax,LSTM,50,0.00013745845595746492,0.01172426782180725,0.009062030403818836,0.9978725193451085,3.76388092306336
"('USM2', 'USPPIYY', 'INDPRO', 'UNRATE', 'USOIL')",5,MinMax,GRU,50,0.0011286994017591597,0.03359612182617452,0.025397517413464837,0.9825308226714455,10.09506959352534
"('USM2', 'USPPIYY', 'INDPRO', 'UNRATE', 'USOIL')",5,MinMax,CNN,50,0.0002424250708751454,0.015570005487319053,0.011501928207711273,0.996247923454726,11.077730619480063
"('USM2', 'USPPIYY', 'INDPRO', 'UNRATE', 'USOIL')",5,MinMax,RNN,50,0.002484819433179403,0.04984796317984721,0.03348001522040932,0.9615417964783227,12.85422319571778
"('USM2', 'USPPIYY', 'INDPRO', 'UNRATE', 'USOIL')",5,MinMax,ANN,50,0.00320899698222522,0.056648009516886116,0.03693093718940949,0.9503335101959678,13.535662661671985
"('USM2', 'USPPIYY', 'INDPRO', 'UNRATE', 'USOIL')",5,MinMax,RANDOM_FOREST,N/A,2.4399378926521706e-05,0.004939572747366082,0.0028253894707123265,0.9996223643987853,0.8150576999412906
"('USM2', 'USPPIYY', 'INDPRO', 'UNRATE', 'USOIL')",5,MinMax,XGBOOST,N/A,8.104540556027294e-05,0.00900252217771625,0.00583731127915517,0.9987456389547205,2.3294805727600143
"('USM2', 'USPPIYY', 'INDPRO', 'UNRATE', 'USOIL')",5,Standard,LSTM,50,0.0008551696511852962,0.029243283864595238,0.022324821641030855,0.9991028921616378,11.266288670028036
"('USM2', 'USPPIYY', 'INDPRO', 'UNRATE', 'USOIL')",5,Standard,GRU,50,0.0012776488124175464,0.035744213691415096,0.027790523888422493,0.9986596942925826,21.062671022454815
"('USM2', 'USPPIYY', 'INDPRO', 'UNRATE', 'USOIL')",5,Standard,CNN,50,0.00354834339926345,0.059567972932301885,0.04549067149330041,0.9962776430708601,28.361670955367437
"('USM2', 'USPPIYY', 'INDPRO', 'UNRATE', 'USOIL')",5,Standard,RNN,50,0.009316391092990112,0.09652145405551095,0.0755300151937949,0.9902267258161181,59.869629484776965
"('USM2', 'USPPIYY', 'INDPRO', 'UNRATE', 'USOIL')",5,Standard,ANN,50,0.016249377480101745,0.12747304609250437,0.10048763788142995,0.982953740365202,46.9555080656418
"('USM2', 'USPPIYY', 'INDPRO', 'UNRATE', 'USOIL')",5,Standard,RANDOM_FOREST,N/A,0.00036282594501422627,0.019047990576809573,0.011070975088341645,0.9996193807874469,9.299227034064534
"('USM2', 'USPPIYY', 'INDPRO', 'UNRATE', 'USOIL')",5,Standard,XGBOOST,N/A,0.001157632722667757,0.03402400215535728,0.022155003564267528,0.9987855960650495,21.27436074224057
