time,USIRYY,USM2,USPPIYY,INDPRO,UNRATE,USOIL,CPIAUCSL,Annual Inflation Rate
1959-01-01,1.4,286600000000.0,0.0,21.9616,6.0,3.0,29.01,1.2918994413407825
1959-02-01,1.0,287700000000.0,0.0,22.3917,5.9,3.0,29.0,1.0452961672473782
1959-03-01,0.3,289200000000.0,-0.6,22.7142,5.6,2.97,28.97,0.3463803255975062
1959-04-01,0.3,290100000000.0,0.0,23.1981,5.2,2.97,28.98,0.13821700069107656
1959-05-01,0.3,292200000000.0,0.0,23.5476,5.1,2.97,29.04,0.3455425017277136
1959-06-01,0.7,294100000000.0,-0.3,23.5744,5.0,2.97,29.11,0.6918021445866396
1959-07-01,0.7,295200000000.0,-0.3,23.0099,5.1,2.97,29.15,0.8999653859466772
1959-08-01,1.0,296400000000.0,-0.6,22.2304,5.2,2.97,29.18,0.8293020041465038
1959-09-01,1.4,296700000000.0,0.6,22.2035,5.5,2.97,29.25,1.1760636457972984
1959-10-01,1.7,296500000000.0,-0.3,22.0422,5.7,2.97,29.35,1.5219647180906293
1959-11-01,1.4,297100000000.0,-0.6,22.1766,5.8,2.97,29.35,1.3816925734024155
1959-12-01,1.7,297800000000.0,-0.3,23.5475,5.3,2.97,29.41,1.5188125647221273
1960-01-01,1.0,298200000000.0,0.0,24.1658,5.2,2.97,29.37,1.2409513960703222
1960-02-01,1.7,298400000000.0,-0.3,23.9508,4.8,2.97,29.41,1.4137931034482687
1960-03-01,1.7,299300000000.0,0.6,23.7357,5.4,2.97,29.41,1.5188125647221273
1960-04-01,1.7,300100000000.0,0.6,23.5476,5.2,2.97,29.54,1.9323671497584405
1960-05-01,1.7,300900000000.0,0.3,23.5207,5.1,2.97,29.57,1.8250688705234275
1960-06-01,1.7,302300000000.0,0.6,23.225,5.4,2.97,29.61,1.7176228100309165
1960-07-01,1.4,304100000000.0,1.21,23.1443,5.5,2.97,29.55,1.3722126929674117
1960-08-01,1.4,306900000000.0,1.21,23.1175,5.6,2.97,29.61,1.473612063056895
1960-09-01,1.0,308400000000.0,0.0,22.8755,5.5,2.97,29.61,1.2307692307692353
1960-10-01,1.4,309500000000.0,1.81,22.8487,6.1,2.97,29.75,1.3628620102214661
1960-11-01,1.4,310900000000.0,2.12,22.5261,6.1,2.97,29.78,1.4650766609880739
1960-12-01,1.4,312400000000.0,1.82,22.096,6.6,2.97,29.81,1.3600816048962905
1961-01-01,1.7,314100000000.0,1.51,22.1229,6.6,2.97,29.84,1.6002723867892366
1961-02-01,1.4,316500000000.0,1.81,22.096,6.9,2.97,29.84,1.4620877252635056
1961-03-01,1.4,318300000000.0,0.6,22.2304,6.9,2.97,29.84,1.4620877252635056
1961-04-01,1.0,319900000000.0,-0.3,22.6874,7.0,2.97,29.81,0.9140148950575577
1961-05-01,1.0,322200000000.0,-0.3,23.0368,7.1,2.97,29.84,0.9130875887723988
1961-06-01,0.7,324300000000.0,-0.3,23.3594,6.9,2.97,29.84,0.7767646065518496
1961-07-01,1.4,325600000000.0,-0.6,23.6282,7.0,2.97,29.92,1.25211505922167
1961-08-01,1.0,327600000000.0,0.0,23.8432,6.6,2.97,29.94,1.1144883485309176
1961-09-01,1.4,329500000000.0,-0.3,23.8164,6.7,2.97,29.98,1.249577845322536
1961-10-01,0.7,331100000000.0,-1.19,24.2733,6.5,2.97,29.98,0.7731092436974896
1961-11-01,0.7,333400000000.0,-0.89,24.6497,6.1,2.97,29.98,0.671591672263272
1961-12-01,0.7,335500000000.0,-0.6,24.8647,6.0,2.97,30.01,0.6709158000671067
1962-01-01,0.7,337500000000.0,-0.3,24.6496,5.8,2.97,30.04,0.6702412868632601
1962-02-01,1.0,340100000000.0,-0.3,25.0529,5.5,2.97,30.11,0.9048257372654245
1962-03-01,1.0,343100000000.0,-0.3,25.1873,5.6,2.97,30.17,1.1058981233244003
1962-04-01,1.3,345500000000.0,0.3,25.241,5.6,2.97,30.21,1.3418316001341912
1962-05-01,1.3,347500000000.0,0.3,25.2141,5.5,2.97,30.24,1.3404825737265424
1962-06-01,1.3,349300000000.0,0.3,25.1604,5.5,2.97,30.21,1.2399463806970434
1962-07-01,1.0,350800000000.0,0.3,25.4023,5.4,2.97,30.22,1.0026737967914423
1962-08-01,1.3,352800000000.0,0.3,25.4292,5.7,2.97,30.28,1.135604542418167
1962-09-01,1.3,354900000000.0,1.5,25.5905,5.6,2.97,30.42,1.4676450967311627
1962-10-01,1.3,357200000000.0,0.9,25.6174,5.4,2.97,30.38,1.3342228152101399
1962-11-01,1.3,359800000000.0,0.6,25.7249,5.7,2.97,30.38,1.3342228152101399
1962-12-01,1.3,362700000000.0,0.3,25.7249,5.5,2.97,30.38,1.2329223592135952
1963-01-01,1.3,365200000000.0,-0.3,25.913,5.7,2.97,30.44,1.331557922769644
1963-02-01,1.0,367900000000.0,-0.6,26.2088,5.9,2.97,30.48,1.2288276320159497
1963-03-01,1.3,370700000000.0,-0.6,26.37,5.7,2.97,30.51,1.1269472986410234
1963-04-01,1.0,373300000000.0,-0.6,26.612,5.7,2.97,30.48,0.893743793445867
1963-05-01,1.0,376100000000.0,0.0,26.9345,5.9,2.97,30.51,0.8928571428571619
1963-06-01,1.3,378400000000.0,0.3,27.0152,5.6,2.97,30.61,1.3240648791790655
1963-07-01,1.3,381100000000.0,0.3,26.9076,5.6,2.97,30.69,1.5552614162806178
1963-08-01,1.3,383600000000.0,-0.3,26.9614,5.4,2.97,30.75,1.5521796565389767
1963-09-01,1.0,386000000000.0,-1.18,27.2302,5.5,2.97,30.72,0.9861932938855844
1963-10-01,1.3,388300000000.0,-0.3,27.4184,5.5,2.97,30.75,1.2179065174456882
1963-11-01,1.3,391500000000.0,-0.3,27.5528,5.7,2.97,30.78,1.3166556945358954
1963-12-01,1.6,393200000000.0,-0.3,27.499,5.5,2.97,30.88,1.6458196181698526
1964-01-01,1.6,395200000000.0,0.3,27.7409,5.6,2.97,30.94,1.6425755584756896
1964-02-01,1.6,397600000000.0,0.3,27.9291,5.4,2.97,30.91,1.4107611548556331
1964-03-01,1.3,399800000000.0,0.3,27.9291,5.4,2.97,30.94,1.4093739757456536
1964-04-01,1.3,401700000000.0,0.6,28.3861,5.3,2.97,30.95,1.5419947506561726
1964-05-01,1.3,404200000000.0,0.3,28.5474,5.1,2.97,30.98,1.5404785316289749
1964-06-01,1.3,407100000000.0,0.3,28.628,5.2,2.97,31.01,1.3067624959163693
1964-07-01,1.3,410100000000.0,0.3,28.8162,4.9,2.92,31.02,1.0752688172043001
1964-08-01,1.0,413400000000.0,0.6,29.0043,5.0,2.92,31.05,0.9756097560975618
1964-09-01,1.3,416900000000.0,0.6,29.1119,5.1,2.92,31.08,1.171875
1964-10-01,1.0,419100000000.0,0.3,28.7087,5.1,2.92,31.12,1.2032520325203189
1964-11-01,1.3,422000000000.0,0.3,29.5957,4.8,2.92,31.21,1.3970110461338558
1964-12-01,1.0,424700000000.0,0.6,29.9452,5.0,2.92,31.25,1.1981865284974136
1965-01-01,1.0,427500000000.0,0.3,30.2677,4.9,2.92,31.28,1.098901098901095
1965-02-01,1.0,430400000000.0,0.6,30.4559,5.1,2.92,31.28,1.1970236169524417
1965-03-01,1.3,433200000000.0,0.9,30.8591,4.7,2.92,31.31,1.1958629605688387
1965-04-01,1.6,435400000000.0,1.5,30.9935,4.8,2.92,31.38,1.3893376413570246
1965-05-01,1.6,437100000000.0,1.8,31.2354,4.6,2.92,31.48,1.6139444803098701
1965-06-01,1.9,440100000000.0,2.09,31.4774,4.6,2.92,31.61,1.9348597226700903
1965-07-01,1.6,442900000000.0,1.79,31.7731,4.4,2.92,31.58,1.8052869116698789
1965-08-01,1.9,445800000000.0,1.79,31.9075,4.4,2.92,31.55,1.6103059581320522
1965-09-01,1.6,449500000000.0,2.08,31.9881,4.3,2.92,31.62,1.737451737451745
1965-10-01,1.9,452600000000.0,2.38,32.3107,4.2,2.92,31.65,1.7030848329048665
1965-11-01,1.6,455700000000.0,2.68,32.4451,4.1,2.92,31.75,1.7302146747837144
1965-12-01,1.9,459200000000.0,3.27,32.8483,4.0,2.92,31.85,1.9200000000000106
1966-01-01,1.9,462000000000.0,3.26,33.1709,4.0,2.92,31.88,1.9181585677749302
1966-02-01,2.6,464600000000.0,3.86,33.3859,3.8,2.92,32.08,2.5575447570332477
1966-03-01,2.6,467200000000.0,3.86,33.8429,3.8,2.92,32.18,2.7786649632705274
1966-04-01,2.9,469300000000.0,3.24,33.8967,3.8,2.92,32.28,2.8680688336520044
1966-05-01,2.9,470100000000.0,2.94,34.2192,3.9,2.92,32.35,2.763659466327839
1966-06-01,2.5,471200000000.0,2.34,34.3805,3.8,2.92,32.38,2.4359379943056148
1966-07-01,2.8,470900000000.0,2.92,34.5687,3.8,2.92,32.45,2.754908169727699
1966-08-01,3.5,472600000000.0,3.51,34.5955,3.8,2.92,32.65,3.4865293185419866
1966-09-01,3.5,475400000000.0,3.79,34.9181,3.7,2.97,32.75,3.5736875395319334
1966-10-01,3.8,475700000000.0,3.2,35.16,3.7,2.97,32.85,3.791469194312813
1966-11-01,3.8,477300000000.0,2.9,34.9181,3.6,2.97,32.88,3.5590551181102548
1966-12-01,3.5,480200000000.0,2.02,34.9987,3.8,2.97,32.92,3.3594976452119285
1967-01-01,3.5,481600000000.0,2.01,35.1638,3.9,2.97,32.9,3.19949811794229
1967-02-01,2.8,485100000000.0,1.14,34.765,3.8,3.0,33.0,2.8678304239401653
1967-03-01,2.8,489700000000.0,0.86,34.5691,3.8,3.0,33.0,2.5481665630826544
1967-04-01,2.5,492100000000.0,0.57,34.8951,3.8,3.0,33.1,2.5402726146220633
1967-05-01,2.8,497200000000.0,1.14,34.5907,3.8,3.0,33.1,2.3183925811437467
1967-06-01,2.8,502000000000.0,2.0,34.5863,3.9,3.0,33.3,2.8412600370598895
1967-07-01,2.8,506300000000.0,1.7,34.5076,3.8,3.0,33.4,2.9275808936825687
1967-08-01,2.4,510800000000.0,0.85,35.1687,3.8,3.07,33.5,2.6033690658499253
1967-09-01,2.8,514700000000.00006,0.56,35.1116,3.8,3.07,33.6,2.595419847328251
1967-10-01,2.4,518200000000.00006,0.85,35.3976,4.0,3.07,33.7,2.5875190258751957
1967-11-01,2.7,521200000000.00006,0.85,35.9038,3.9,3.07,33.9,3.10218978102188
1967-12-01,3.0,524800000000.0,1.69,36.2905,3.8,3.07,34.0,3.280680437424044
1968-01-01,3.6,527400000000.0,1.69,36.2514,3.7,3.07,34.1,3.647416413373872
1968-02-01,4.0,530400000000.0,2.54,36.3813,3.8,3.07,34.2,3.6363636363636376
1968-03-01,3.9,533200000000.00006,2.83,36.4949,3.7,3.07,34.3,3.9393939393939315
1968-04-01,3.9,535700000000.00006,3.13,36.5477,3.5,3.07,34.4,3.92749244712991
1968-05-01,3.9,538900000000.0,3.11,36.9577,3.5,3.07,34.5,4.229607250755274
1968-06-01,4.2,542600000000.0,2.8,37.0934,3.7,3.07,34.7,4.2042042042042205
1968-07-01,4.5,545600000000.0,2.79,37.0366,3.7,3.07,34.9,4.491017964071853
1968-08-01,4.5,549400000000.0,2.8,37.1399,3.5,3.07,35.0,4.477611940298498
1968-09-01,4.5,553600000000.0,3.07,37.2806,3.4,3.07,35.1,4.464285714285721
1968-10-01,4.7,557600000000.0,3.07,37.3546,3.4,3.07,35.3,4.7477744807121525
1968-11-01,4.7,562400000000.0,3.63,37.8378,3.4,3.07,35.4,4.424778761061954
1968-12-01,4.7,566800000000.0,3.06,37.9573,3.4,3.07,35.6,4.705882352941182
1969-01-01,4.4,569300000000.0,3.32,38.1869,3.4,3.07,35.7,4.692082111436946
1969-02-01,4.7,571900000000.0,2.75,38.4313,3.4,3.07,35.8,4.678362573099393
1969-03-01,5.2,574400000000.0,3.31,38.7326,3.4,3.25,36.1,5.247813411078739
1969-04-01,5.5,575700000000.0,3.31,38.5901,3.4,3.35,36.3,5.523255813953476
1969-05-01,5.5,576500000000.0,3.56,38.4443,3.4,3.35,36.4,5.507246376811592
1969-06-01,5.5,578500000000.0,3.54,38.8198,3.5,3.35,36.6,5.475504322766556
1969-07-01,5.4,579500000000.0,3.8,39.0248,3.5,3.35,36.8,5.4441260744985565
1969-08-01,5.7,580100000000.0,3.81,39.1145,3.5,3.35,36.9,5.428571428571427
1969-09-01,5.7,582100000000.0,3.52,39.1057,3.7,3.35,37.1,5.698005698005693
1969-10-01,5.7,583400000000.0,4.07,39.1171,3.7,3.35,37.3,5.665722379603411
1969-11-01,5.9,585400000000.0,4.31,38.7484,3.5,3.35,37.5,5.932203389830515
1969-12-01,6.2,587900000000.0,4.85,38.6444,3.5,3.35,37.7,5.89887640449438
1970-01-01,6.2,589600000000.0,4.83,37.9288,3.9,3.35,37.9,6.162464985994376
1970-02-01,6.1,586300000000.0,4.83,37.9038,4.2,3.35,38.1,6.424581005586605
1970-03-01,5.8,587300000000.0,4.53,37.8546,4.4,3.35,38.3,6.094182825484751
1970-04-01,6.1,588400000000.0,4.0,37.7573,4.6,3.35,38.5,6.060606060606077
1970-05-01,6.0,591500000000.0,3.44,37.7133,4.8,3.35,38.6,6.043956043956045
1970-06-01,6.0,595200000000.0,3.16,37.5913,4.9,3.35,38.8,6.010928961748618
1970-07-01,6.0,599100000000.0,3.14,37.6836,5.0,3.31,38.9,5.7065217391304435
1970-08-01,5.4,604900000000.0,2.89,37.6164,5.1,3.31,39.0,5.691056910569103
1970-09-01,5.7,611200000000.0,3.14,37.3571,5.4,3.31,39.2,5.660377358490565
1970-10-01,5.6,616400000000.0,2.86,36.6098,5.5,3.31,39.4,5.630026809651478
1970-11-01,5.6,621100000000.0,2.58,36.3881,5.9,3.31,39.6,5.600000000000005
1970-12-01,5.6,626500000000.0,2.06,37.2237,6.1,3.56,39.8,5.570291777188308
1971-01-01,5.3,632900000000.0,2.3,37.5101,5.9,3.56,39.9,5.277044854881274
1971-02-01,5.0,641000000000.0,2.81,37.4386,5.9,3.56,39.9,4.724409448818889
1971-03-01,4.7,649900000000.0,2.81,37.398,6.0,3.56,40.0,4.438642297650142
1971-04-01,4.2,658400000000.0,3.33,37.608,5.9,3.56,40.1,4.155844155844157
1971-05-01,4.4,666700000000.0,3.58,37.7989,5.9,3.56,40.3,4.404145077720201
1971-06-01,4.6,673000000000.0,3.57,37.9574,5.9,3.56,40.5,4.381443298969079
1971-07-01,4.4,679600000000.0,3.05,37.8472,6.0,3.56,40.6,4.370179948586128
1971-08-01,4.6,685500000000.0,3.83,37.6276,6.1,3.56,40.7,4.358974358974366
1971-09-01,4.1,692500000000.0,3.05,38.2391,6.0,3.56,40.8,4.081632653061207
1971-10-01,3.8,698400000000.0,2.78,38.5253,5.8,3.56,40.9,3.8071065989847774
1971-11-01,3.3,704600000000.0,2.52,38.6888,6.0,3.56,41.0,3.535353535353525
1971-12-01,3.3,710300000000.0,3.27,39.1355,6.0,3.56,41.1,3.266331658291466
1972-01-01,3.3,717700000000.0,3.0,40.0728,5.8,3.56,41.2,3.2581453634085378
1972-02-01,3.5,725700000000.0,2.99,40.4789,5.7,3.56,41.4,3.759398496240607
1972-03-01,3.5,733500000000.0,2.73,40.761,5.8,3.56,41.4,3.499999999999992
1972-04-01,3.5,738400000000.0,2.48,41.1654,5.7,3.56,41.5,3.4912718204488824
1972-05-01,3.2,743300000000.0,2.47,41.1693,5.7,3.56,41.6,3.2258064516129226
1972-06-01,2.7,749700000000.0,2.71,41.2778,5.7,3.56,41.7,2.9629629629629672
1972-07-01,2.9,759500000000.0,3.45,41.2389,5.6,3.56,41.8,2.9556650246305383
1972-08-01,2.9,768700000000.0,3.19,41.805,5.6,3.56,41.9,2.9484029484029284
1972-09-01,3.2,778300000000.0,3.69,42.1288,5.5,3.56,42.1,3.1862745098039325
1972-10-01,3.4,786900000000.0,3.2,42.6703,5.6,3.56,42.2,3.1784841075794823
1972-11-01,3.7,793900000000.0,3.69,43.1755,5.3,3.56,42.4,3.4146341463414664
1972-12-01,3.4,802300000000.0,3.9,43.6617,5.2,3.56,42.5,3.406326034063256
1973-01-01,3.6,810300000000.0,4.61,43.9783,4.9,3.56,42.7,3.6407766990291357
1973-02-01,3.9,814100000000.0,5.56,44.6103,5.0,3.56,43.0,3.864734299516903
1973-03-01,4.6,815300000000.0,7.25,44.6294,4.9,3.56,43.4,4.8309178743961345
1973-04-01,5.1,819700000000.0,8.23,44.568,5.0,3.56,43.7,5.301204819277117
1973-05-01,5.5,826800000000.0,8.43,44.8608,4.9,3.56,43.9,5.528846153846145
1973-06-01,6.0,833300000000.0,8.87,44.9186,4.9,3.56,44.2,5.995203836930463
1973-07-01,5.7,836500000000.0,8.33,45.085,4.8,3.56,44.2,5.741626794258381
1973-08-01,7.4,838800000000.0,11.9,45.0221,4.8,4.31,45.0,7.398568019093088
1973-09-01,7.4,839300000000.0,11.16,45.3801,4.8,4.31,45.2,7.3634204275534465
1973-10-01,7.8,842600000000.0,11.69,45.7462,4.6,4.31,45.6,8.056872037914697
1973-11-01,8.3,848900000000.0,11.37,45.9548,4.8,4.31,45.9,8.25471698113207
1973-12-01,8.7,855500000000.0,11.74,45.8252,4.9,4.31,46.3,8.94117647058823
1974-01-01,9.4,859700000000.0,13.69,45.5207,5.1,10.11,46.8,9.601873536299754
1974-02-01,10.0,864200000000.0,14.19,45.3825,5.2,10.11,47.3,9.999999999999986
1974-03-01,10.4,870100000000.0,13.06,45.3798,5.1,10.11,47.8,10.138248847926267
1974-04-01,10.1,872900000000.0,13.2,45.247,5.1,10.11,48.1,10.068649885583515
1974-05-01,10.7,874600000000.0,13.78,45.6083,5.1,10.11,48.6,10.70615034168565
1974-06-01,10.9,877800000000.0,13.0,45.5216,5.4,10.11,49.0,10.859728506787313
1974-07-01,11.5,881400000000.0,16.04,45.6136,5.5,10.11,49.3,11.538461538461519
1974-08-01,10.9,884100000000.0,14.26,45.1303,5.5,10.11,49.9,10.888888888888882
1974-09-01,11.9,887900000000.0,15.81,45.1377,5.9,10.11,50.6,11.946902654867241
1974-10-01,12.1,893300000000.0,18.16,44.995,6.0,11.16,51.0,11.842105263157897
1974-11-01,12.2,898600000000.0,19.57,43.5148,6.6,11.16,51.5,12.200435729847502
1974-12-01,12.3,902100000000.0,18.28,41.9503,7.2,11.16,51.9,12.095032397408211
1975-01-01,11.8,906300000000.0,15.92,41.3689,8.1,11.16,52.3,11.752136752136755
1975-02-01,11.2,914100000000.0,13.83,40.4252,8.1,11.16,52.6,11.205073995771686
1975-03-01,10.3,925000000000.0,12.75,39.9804,8.6,11.16,52.8,10.460251046025103
1975-04-01,10.2,935100000000.0,12.65,40.0572,8.8,11.16,53.0,10.187110187110182
1975-05-01,9.5,947900000000.0,12.11,39.9402,9.0,11.16,53.1,9.259259259259256
1975-06-01,9.4,963000000000.0,12.87,40.1927,8.8,11.16,53.5,9.183673469387754
1975-07-01,9.7,975100000000.0,10.98,40.6115,8.6,11.16,54.0,9.533468559837743
1975-08-01,8.6,983100000000.0,9.31,41.0114,8.4,11.16,54.2,8.617234468937895
1975-09-01,7.9,991500000000.0,9.23,41.5422,8.4,11.16,54.6,7.905138339920947
1975-10-01,7.4,997800000000.0,8.32,41.7224,8.4,11.16,54.9,7.647058823529407
1975-11-01,7.4,1006900000000.0,6.58,41.7797,8.3,11.16,55.3,7.37864077669903
1975-12-01,6.9,1016200000000.0,6.57,42.3462,8.2,11.16,55.6,7.129094412331405
1976-01-01,6.7,1026600000000.0,5.81,42.9082,7.9,11.16,55.8,6.692160611854692
1976-02-01,6.3,1040300000000.0,5.46,43.3407,7.7,12.03,55.9,6.273764258555126
1976-03-01,6.1,1050000000000.0,5.83,43.4281,7.6,12.1,56.0,6.060606060606055
1976-04-01,6.0,1060800000000.0,5.79,43.6518,7.7,12.17,56.1,5.849056603773595
1976-05-01,6.2,1072100000000.0,5.23,43.8315,7.4,12.17,56.4,6.214689265536721
1976-06-01,6.0,1077600000000.0,4.66,43.8775,7.6,12.17,56.7,5.981308411214958
1976-07-01,5.4,1086300000000.0,3.75,44.1248,7.8,12.17,57.0,5.555555555555558
1976-08-01,5.7,1098700000000.0,3.41,44.4262,7.8,12.17,57.3,5.719557195571956
1976-09-01,5.5,1110800000000.0,2.87,44.5711,7.6,13.9,57.6,5.494505494505497
1976-10-01,5.5,1125000000000.0,2.84,44.56,7.7,13.9,57.9,5.464480874316946
1976-11-01,4.9,1138200000000.0,3.17,45.2454,7.8,13.9,58.1,5.063291139240511
1976-12-01,4.9,1152000000000.0,3.83,45.731,7.8,13.9,58.4,5.035971223021574
1977-01-01,5.2,1165200000000.0,4.16,45.4156,7.5,13.9,58.7,5.197132616487465
1977-02-01,5.9,1177600000000.0,5.51,46.1358,7.6,13.9,59.3,6.082289803220031
1977-03-01,6.4,1188500000000.0,6.18,46.7158,7.4,13.9,59.6,6.428571428571428
1977-04-01,7.0,1199600000000.0,6.3,47.1719,7.2,13.9,60.0,6.951871657754016
1977-05-01,6.7,1209000000000.0,6.95,47.541,7.0,13.9,60.2,6.737588652482285
1977-06-01,6.9,1217800000000.0,6.77,47.9063,7.2,13.9,60.5,6.701940035273357
1977-07-01,6.8,1226700000000.0,6.91,47.9714,6.9,13.9,60.8,6.666666666666665
1977-08-01,6.6,1237000000000.0,7.08,48.0157,7.0,14.85,61.1,6.631762652705064
1977-09-01,6.6,1246200000000.0,7.22,48.2097,6.8,14.85,61.3,6.423611111111094
1977-10-01,6.4,1254000000000.0,7.14,48.2839,6.8,14.85,61.6,6.390328151986191
1977-11-01,6.7,1262400000000.0,7.12,48.3755,6.8,14.85,62.0,6.712564543889843
1977-12-01,6.7,1270300000000.0,6.74,48.4573,6.4,14.85,62.3,6.67808219178081
1978-01-01,6.8,1279700000000.0,7.19,47.7512,6.4,14.85,62.7,6.814310051107331
1978-02-01,6.4,1285500000000.0,6.96,48.0098,6.3,14.85,63.0,6.2394603709949426
1978-03-01,6.6,1292200000000.0,6.6,48.9358,6.3,14.85,63.4,6.375838926174482
1978-04-01,6.5,1300400000000.0,7.18,49.9074,6.1,14.85,63.9,6.499999999999995
1978-05-01,7.0,1310500000000.0,7.28,50.1513,6.0,14.85,64.5,7.14285714285714
1978-06-01,7.4,1318500000000.0,7.88,50.4751,5.9,14.85,65.0,7.438016528925617
1978-07-01,7.7,1324100000000.0,8.31,50.4371,6.2,14.85,65.5,7.7302631578947345
1978-08-01,7.8,1333500000000.0,8.0,50.6393,5.9,14.85,65.9,7.855973813420625
1978-09-01,8.3,1345000000000.0,8.27,50.7631,6.0,14.85,66.5,8.482871125611746
1978-10-01,8.9,1352300000000.0,8.48,51.1523,5.8,14.85,67.1,8.92857142857142
1978-11-01,8.9,1359100000000.0,8.61,51.5456,5.9,14.85,67.5,8.870967741935477
1978-12-01,9.0,1366000000000.0,9.32,51.806,6.0,14.85,67.9,8.988764044943842
1979-01-01,9.3,1371600000000.0,9.84,51.525,5.9,14.85,68.5,9.250398724082931
1979-02-01,9.9,1377800000000.0,10.36,51.778,5.9,15.85,69.2,9.84126984126985
1979-03-01,10.1,1387800000000.0,10.77,51.9382,5.8,15.85,69.9,10.252365930599371
1979-04-01,10.5,1402100000000.0,10.48,51.3251,5.8,15.85,70.6,10.485133020344284
1979-05-01,10.9,1410200000000.0,10.25,51.7782,5.6,18.1,71.4,10.697674418604652
1979-06-01,10.9,1423000000000.0,9.89,51.7865,5.7,19.1,72.2,11.076923076923073
1979-07-01,11.3,1434800000000.0,10.09,51.7029,5.7,21.75,73.0,11.45038167938932
1979-08-01,11.8,1446600000000.0,11.11,51.3658,6.0,26.5,73.7,11.836115326251884
1979-09-01,12.2,1454100000000.0,12.02,51.3623,5.9,28.5,74.4,11.879699248120312
1979-10-01,12.1,1460400000000.0,12.43,51.7175,6.0,29.0,75.2,12.071535022354718
1979-11-01,12.6,1465900000000.0,12.93,51.6341,5.9,31.0,76.0,12.592592592592599
1979-12-01,13.3,1473700000000.0,12.79,51.6694,6.0,32.5,76.9,13.254786450662737
1980-01-01,13.9,1482700000000.0,13.3,51.944,6.3,32.5,78.0,13.868613138686126
1980-02-01,14.2,1494600000000.0,13.54,51.9633,6.3,37.0,79.0,14.161849710982644
1980-03-01,14.8,1499800000000.0,13.85,51.7454,6.3,38.0,80.1,14.592274678111572
1980-04-01,14.7,1502200000000.0,13.7,50.7197,6.9,39.5,80.9,14.589235127478762
1980-05-01,14.4,1512300000000.0,13.48,49.4766,7.5,39.5,81.7,14.425770308123242
1980-06-01,14.4,1529200000000.0,13.82,48.8383,7.6,39.5,82.5,14.265927977839322
1980-07-01,13.1,1545500000000.0,14.58,48.4907,7.8,39.5,82.6,13.15068493150684
1980-08-01,12.9,1561500000000.0,14.87,48.6456,7.7,38.0,83.2,12.890094979647216
1980-09-01,12.6,1574000000000.0,13.13,49.4578,7.5,36.0,83.9,12.768817204301076
1980-10-01,12.8,1584800000000.0,13.04,50.0861,7.5,36.0,84.7,12.632978723404253
1980-11-01,12.6,1595800000000.0,12.44,50.9209,7.5,36.0,85.6,12.631578947368416
1980-12-01,12.5,1599800000000.0,11.83,51.257,7.2,37.0,86.4,12.353706111833551
1981-01-01,11.8,1606900000000.0,11.38,50.9328,7.5,38.0,87.2,11.794871794871797
1981-02-01,11.4,1618700000000.0,10.74,50.7237,7.4,38.0,88.0,11.392405063291132
1981-03-01,10.5,1636600000000.0,10.88,50.9806,7.4,38.0,88.6,10.611735330836458
1981-04-01,10.0,1659200000000.0,10.89,50.7661,7.2,38.0,89.1,10.135970333745359
1981-05-01,9.8,1664200000000.0,10.84,51.0552,7.5,38.0,89.7,9.79192166462668
1981-06-01,9.6,1670300000000.0,10.42,51.3214,7.5,36.0,90.5,9.696969696969692
1981-07-01,10.8,1681900000000.0,9.12,51.6555,7.2,36.0,91.5,10.774818401937058
1981-08-01,10.8,1694300000000.0,7.92,51.5903,7.4,36.0,92.2,10.817307692307686
1981-09-01,11.0,1706000000000.0,7.92,51.3429,7.6,36.0,93.1,10.96543504171632
1981-10-01,10.1,1721800000000.0,7.47,50.9463,7.9,35.0,93.4,10.271546635182993
1981-11-01,9.6,1736100000000.0,7.23,50.3546,8.3,36.0,93.8,9.579439252336464
1981-12-01,8.9,1755500000000.0,7.09,49.8086,8.5,35.0,94.1,8.912037037037024
1982-01-01,8.4,1770400000000.0,6.45,48.7877,8.6,33.85,94.4,8.25688073394495
1982-02-01,7.6,1774500000000.0,5.54,49.7839,8.9,31.56,94.7,7.613636363636367
1982-03-01,6.8,1786500000000.0,4.22,49.4477,9.0,28.48,94.7,6.884875846501148
1982-04-01,6.5,1803900000000.0,3.24,48.9913,9.3,33.45,95.0,6.621773288439958
1982-05-01,6.7,1815400000000.0,3.02,48.6669,9.4,35.93,95.9,6.911928651059096
1982-06-01,7.1,1826000000000.0,3.42,48.5415,9.6,35.07,97.0,7.182320441988943
1982-07-01,6.4,1831500000000.0,3.61,48.3775,9.8,34.16,97.5,6.557377049180335
1982-08-01,5.9,1845200000000.0,4.03,47.9382,9.8,33.95,97.7,5.965292841648595
1982-09-01,5.0,1858400000000.0,3.62,47.8139,10.1,35.63,97.7,4.940923737916236
1982-10-01,5.1,1869700000000.0,3.48,47.3575,10.4,35.68,98.1,5.032119914346889
1982-11-01,4.6,1883700000000.0,3.68,47.2078,10.8,34.15,98.0,4.47761194029852
1982-12-01,3.8,1905900000000.0,3.56,46.8713,10.8,31.72,97.7,3.825717321997879
1983-01-01,3.7,1959400000000.0,2.22,47.7398,10.4,31.19,97.9,3.7076271186440746
1983-02-01,3.5,1996800000000.0,2.22,47.4484,10.4,28.95,98.0,3.484688489968324
1983-03-01,3.6,2015200000000.0,2.23,47.8426,10.3,29.29,98.1,3.5902851108764455
1983-04-01,3.9,2028600000000.0,2.13,48.4483,10.2,30.63,98.8,4.0000000000000036
1983-05-01,3.5,2043100000000.0,2.32,48.747,10.1,30.25,99.2,3.44108446298228
1983-06-01,2.6,2053500000000.0,1.91,49.0434,10.1,31.38,99.4,2.4742268041237248
1983-07-01,2.5,2064800000000.0,1.39,49.7739,9.4,32.0,99.8,2.358974358974364
1983-08-01,2.6,2074000000000.0,1.39,50.364,9.5,31.59,100.1,2.456499488229258
1983-09-01,2.9,2083200000000.0,1.4,51.0937,9.2,30.36,100.4,2.763561924257929
1983-10-01,2.9,2099200000000.0,1.28,51.4902,8.8,30.37,100.8,2.752293577981657
1983-11-01,3.3,2112300000000.0,0.69,51.721,8.5,29.23,101.1,3.1632653061224536
1983-12-01,3.8,2123500000000.0,0.59,51.9769,8.3,29.6,101.4,3.7871033776867957
1984-01-01,4.2,2138200000000.0,1.98,53.0088,8.0,29.98,102.1,4.290091930541351
1984-02-01,4.6,2158200000000.0,2.37,53.2486,7.8,30.55,102.6,4.693877551020398
1984-03-01,4.8,2175200000000.0,2.77,53.5028,7.8,30.85,102.9,4.892966360856277
1984-04-01,4.6,2191700000000.0,2.87,53.8233,7.7,30.26,103.3,4.5546558704453455
1984-05-01,4.2,2204100000000.0,2.37,54.1104,7.4,30.83,103.5,4.3346774193548265
1984-06-01,4.2,2215100000000.0,2.07,54.3075,7.2,29.75,103.7,4.325955734406439
1984-07-01,4.2,2223500000000.0,2.36,54.4587,7.5,27.6,104.1,4.308617234468937
1984-08-01,4.3,2230400000000.0,1.76,54.5239,7.5,29.23,104.4,4.295704295704317
1984-09-01,4.3,2244400000000.0,1.57,54.3696,7.3,29.66,104.7,4.2828685258964105
1984-10-01,4.3,2258900000000.0,1.37,54.3474,7.4,28.46,105.1,4.265873015873023
1984-11-01,4.1,2281400000000.0,1.96,54.529,7.2,27.31,105.3,4.154302670623156
1984-12-01,3.9,2306400000000.0,1.66,54.5556,7.3,26.41,105.5,4.043392504930954
1985-01-01,3.5,2332400000000.0,0.87,54.527,7.3,26.41,105.7,3.52595494613126
1985-02-01,3.5,2354100000000.0,0.58,54.6871,7.2,26.73,106.3,3.6062378167641462
1985-03-01,3.7,2366200000000.0,0.29,54.7673,7.2,28.29,106.8,3.790087463556846
1985-04-01,3.7,2375400000000.0,0.58,54.6467,7.3,27.63,107.0,3.581800580832528
1985-05-01,3.8,2389500000000.0,1.06,54.7396,7.2,27.84,107.2,3.5748792270531515
1985-06-01,3.8,2412600000000.0,1.06,54.711,7.4,26.87,107.5,3.6644165863066513
1985-07-01,3.6,2429500000000.0,0.86,54.4365,7.4,27.12,107.7,3.458213256484166
1985-08-01,3.3,2444000000000.0,0.77,54.6121,7.1,28.08,107.9,3.3524904214559337
1985-09-01,3.1,2456400000000.0,0.1,54.8147,7.1,29.08,108.1,3.2473734479465
1985-10-01,3.2,2468000000000.0,1.06,54.6228,7.1,30.38,108.5,3.2350142721217834
1985-11-01,3.5,2477800000000.0,1.34,54.8123,7.0,29.75,109.0,3.5137701804368593
1985-12-01,3.8,2492100000000.0,1.83,55.3553,7.0,26.3,109.5,3.791469194312791
1986-01-01,3.9,2502100000000.0,1.34,55.6453,6.7,18.83,109.9,3.9735099337748325
1986-02-01,3.1,2512900000000.0,-0.19,55.2634,7.2,13.26,109.7,3.19849482596426
1986-03-01,2.3,2533100000000.0,-1.44,54.8728,7.2,10.42,109.1,2.1535580524344455
1986-04-01,1.6,2557800000000.0,-2.01,54.935,7.1,13.34,108.7,1.5887850467289688
1986-05-01,1.5,2584800000000.0,-1.81,55.0399,7.2,14.3,109.0,1.679104477611948
1986-06-01,1.8,2605000000000.0,-1.62,54.826,7.2,12.78,109.4,1.7674418604651132
1986-07-01,1.6,2626600000000.0,-2.47,55.167,7.0,11.15,109.5,1.671309192200554
1986-08-01,1.6,2646500000000.0,-1.82,55.0726,6.9,15.9,109.6,1.575532900834098
1986-09-01,1.8,2667800000000.0,-0.87,55.2237,7.0,14.77,110.0,1.757631822386685
1986-10-01,1.5,2687400000000.0,-1.33,55.4589,7.0,15.27,110.2,1.5668202764977046
1986-11-01,1.3,2701300000000.0,-1.89,55.6763,6.9,15.0,110.4,1.2844036697247763
1986-12-01,1.1,2728000000000.0,-2.27,56.2078,6.6,17.94,110.8,1.187214611872145
1987-01-01,1.5,2743900000000.0,-1.42,55.9911,6.6,18.75,111.4,1.364877161055511
1987-02-01,2.1,2747500000000.0,0.1,56.7373,6.6,16.6,111.8,1.9143117593436676
1987-03-01,3.0,2753700000000.0,1.66,56.8136,6.6,18.83,112.2,2.8414298808432603
1987-04-01,3.8,2767700000000.0,2.74,57.185,6.3,18.73,112.7,3.679852805887762
1987-05-01,3.9,2772900000000.0,2.43,57.5424,6.3,19.38,113.0,3.669724770642202
1987-06-01,3.7,2774600000000.0,2.33,57.8502,6.2,20.29,113.5,3.7477148080438782
1987-07-01,3.9,2779000000000.0,3.41,58.2421,6.1,21.37,113.8,3.926940639269394
1987-08-01,4.3,2788200000000.0,3.12,58.6784,6.0,19.73,114.3,4.2883211678832245
1987-09-01,4.4,2799500000000.0,3.22,58.9088,5.9,19.59,114.7,4.2727272727272725
1987-10-01,4.5,2814800000000.0,2.51,59.7008,6.0,19.96,115.0,4.355716878402904
1987-11-01,4.5,2818900000000.0,2.61,59.9956,5.8,18.51,115.4,4.528985507246386
1987-12-01,4.4,2826400000000.0,2.22,60.3246,5.7,16.7,115.6,4.332129963898912
1988-01-01,4.0,2847400000000.0,2.21,60.309,5.7,16.94,116.0,4.129263913824044
1988-02-01,3.9,2870400000000.0,1.92,60.6122,5.7,16.01,116.2,3.9355992844364973
1988-03-01,3.9,2890700000000.0,1.92,60.7452,5.7,17.08,116.5,3.832442067736186
1988-04-01,3.9,2910700000000.0,1.81,61.108,5.4,17.99,117.2,3.9929015084294583
1988-05-01,3.9,2926000000000.0,1.99,60.9843,5.6,17.51,117.5,3.9823008849557473
1988-06-01,4.0,2938400000000.0,2.09,61.1615,5.4,15.16,118.0,3.96475770925111
1988-07-01,4.1,2947200000000.0,2.45,61.171,5.4,16.31,118.5,4.130052724077338
1988-08-01,4.0,2952000000000.0,2.64,61.4771,5.6,15.18,119.0,4.111986001749779
1988-09-01,4.2,2956900000000.0,2.74,61.2785,5.4,13.37,119.5,4.184829991281602
1988-10-01,4.2,2965300000000.0,3.01,61.5488,5.4,13.58,119.9,4.260869565217407
1988-11-01,4.2,2980200000000.0,3.29,61.7049,5.3,15.32,120.3,4.246100519930662
1988-12-01,4.4,2988200000000.0,3.97,61.9851,5.3,17.24,120.7,4.4117647058823595
1989-01-01,4.7,2991700000000.0,4.52,62.1677,5.4,17.03,121.2,4.482758620689653
1989-02-01,4.8,2992200000000.0,5.28,61.8916,5.2,18.15,121.6,4.647160068846801
1989-03-01,5.0,2999700000000.0,5.46,62.0508,5.0,20.19,122.2,4.892703862660941
1989-04-01,5.1,3006000000000.0,5.61,62.0289,5.2,20.42,123.1,5.034129692832767
1989-05-01,5.4,3011600000000.0,6.23,61.6871,5.2,19.9,123.7,5.276595744680845
1989-06-01,5.2,3027900000000.0,6.13,61.6857,5.3,20.27,124.1,5.1694915254237195
1989-07-01,5.0,3052400000000.0,5.06,61.0896,5.2,18.31,124.5,5.063291139240511
1989-08-01,4.7,3074400000000.0,4.32,61.6847,5.2,18.83,124.5,4.621848739495804
1989-09-01,4.3,3092500000000.0,4.6,61.4794,5.3,20.13,124.8,4.435146443514637
1989-10-01,4.5,3114100000000.0,5.03,61.4014,5.3,19.94,125.4,4.587155963302747
1989-11-01,4.7,3133300000000.0,4.64,61.6081,5.4,19.89,125.9,4.655029093931851
1989-12-01,4.6,3152500000000.0,4.91,61.9588,5.4,21.82,126.3,4.639602319801162
1990-01-01,5.2,3166800000000.0,5.85,61.6352,5.4,22.68,127.5,5.198019801980203
1990-02-01,5.3,3179200000000.0,5.1,62.1951,5.3,21.54,128.0,5.263157894736836
1990-03-01,5.2,3190100000000.0,4.55,62.4916,5.2,20.28,128.6,5.237315875613735
1990-04-01,4.7,3201600000000.0,3.72,62.3511,5.4,18.54,128.9,4.711616571892785
1990-05-01,4.4,3200600000000.0,3.06,62.5353,5.4,17.4,129.1,4.365400161681476
1990-06-01,4.7,3213700000000.0,3.06,62.7479,5.2,17.07,129.9,4.673650282030639
1990-07-01,4.8,3224500000000.0,3.59,62.6435,5.5,20.69,130.5,4.819277108433728
1990-08-01,5.6,3242000000000.0,5.2,62.8704,5.7,27.32,131.6,5.702811244979911
1990-09-01,6.2,3254600000000.0,5.99,62.8839,5.9,39.51,132.5,6.169871794871806
1990-10-01,6.3,3259300000000.0,6.44,62.4973,5.9,35.23,133.4,6.379585326953752
1990-11-01,6.3,3262600000000.0,6.96,61.7175,6.2,28.85,133.7,6.195393169181873
1990-12-01,6.1,3271800000000.0,5.72,61.2885,6.3,28.44,134.2,6.254948535233562
1991-01-01,5.7,3287700000000.0,4.0,61.0842,6.4,21.54,134.7,5.647058823529405
1991-02-01,5.3,3304500000000.0,3.41,60.6387,6.6,19.16,134.8,5.312500000000009
1991-03-01,4.9,3321900000000.0,3.16,60.2973,6.8,19.63,134.8,4.821150855365497
1991-04-01,4.9,3332400000000.0,3.33,60.4524,6.7,20.96,135.1,4.809930178432875
1991-05-01,5.0,3343000000000.0,3.48,61.0587,6.9,21.13,135.6,5.034856700232382
1991-06-01,4.7,3351900000000.0,3.48,61.5514,6.9,20.56,136.0,4.695919938414161
1991-07-01,4.4,3356100000000.0,2.88,61.7201,6.8,21.68,136.2,4.367816091954024
1991-08-01,3.8,3355000000000.0,2.01,61.7289,6.9,22.26,136.6,3.7993920972644313
1991-09-01,3.4,3354900000000.0,0.83,62.2369,6.9,22.23,137.0,3.396226415094339
1991-10-01,2.9,3360100000000.0,-0.08,62.1718,7.0,23.37,137.2,2.8485757121439192
1991-11-01,3.0,3365500000000.0,-0.49,62.0894,7.0,21.48,137.8,3.0665669409125185
1991-12-01,3.1,3372200000000.0,-0.08,61.806,7.3,19.12,138.2,2.980625931445613
1992-01-01,2.6,3381200000000.0,-0.41,61.4823,7.3,18.9,138.3,2.672605790645899
1992-02-01,2.8,3400000000000.0,0.58,61.9192,7.4,18.68,138.6,2.8189910979228294
1992-03-01,3.2,3403900000000.0,1.08,62.4403,7.4,19.44,139.1,3.189910979228472
1992-04-01,3.2,3399700000000.0,1.07,62.9199,7.4,20.85,139.4,3.1828275351591495
1992-05-01,3.0,3398600000000.0,1.15,63.1268,7.6,22.11,139.7,3.0235988200590036
1992-06-01,3.1,3393400000000.0,1.64,63.1624,7.8,21.6,140.1,3.0147058823529305
1992-07-01,3.2,3393900000000.0,1.73,63.7348,7.7,21.87,140.5,3.1571218795888534
1992-08-01,3.1,3398800000000.0,1.56,63.3802,7.6,21.48,140.8,3.0746705710102518
1992-09-01,3.0,3410300000000.0,1.57,63.5834,7.6,21.71,141.1,2.9927007299270114
1992-10-01,3.2,3423800000000.0,1.8,64.0178,7.3,20.62,141.7,3.279883381924198
1992-11-01,3.0,3426500000000.0,1.39,64.2628,7.4,19.89,142.1,3.1204644412191396
1992-12-01,2.9,3424700000000.0,1.56,64.3599,7.4,19.5,142.3,2.966714905933454
1993-01-01,3.3,3419100000000.0,1.97,64.6135,7.3,20.26,142.8,3.2537960954446943
1993-02-01,3.2,3414500000000.0,1.97,64.9262,7.1,20.6,143.1,3.2467532467532534
1993-03-01,3.1,3411700000000.0,2.05,64.8627,7.0,20.44,143.3,3.0194104960460155
1993-04-01,3.2,3411300000000.0,2.53,65.0423,7.1,20.53,143.8,3.1563845050215145
1993-05-01,3.2,3436900000000.0,2.11,64.8006,7.1,20.02,144.2,3.2211882605583497
1993-06-01,3.0,3442400000000.0,1.29,64.9476,7.0,18.85,144.3,2.9978586723768963
1993-07-01,2.8,3442000000000.0,1.29,65.1142,6.9,17.88,144.5,2.8469750889679624
1993-08-01,2.8,3445700000000.0,0.49,65.0421,6.8,18.29,144.8,2.840909090909083
1993-09-01,2.7,3452200000000.0,0.41,65.3749,6.7,18.79,145.0,2.7639971651311157
1993-10-01,2.8,3456700000000.0,0.16,65.863,6.8,16.92,145.6,2.752293577981657
1993-11-01,2.7,3470100000000.0,0.4,66.1696,6.6,15.43,146.0,2.7445460942997935
1993-12-01,2.7,3474500000000.0,0.24,66.5531,6.5,14.17,146.3,2.8109627547435068
1994-01-01,2.5,3474900000000.0,0.24,66.7591,6.6,15.19,146.3,2.450980392156854
1994-02-01,2.5,3475700000000.0,0.24,66.8019,6.6,14.48,146.7,2.515723270440251
1994-03-01,2.5,3480100000000.0,0.16,67.4704,6.5,14.79,147.1,2.6517794836008246
1994-04-01,2.4,3481300000000.0,-0.4,67.8707,6.4,16.9,147.2,2.364394993045882
1994-05-01,2.3,3490800000000.0,-0.4,68.187,6.1,18.31,147.5,2.288488210818307
1994-06-01,2.5,3479500000000.0,0.08,68.645,6.1,19.37,147.9,2.494802494802495
1994-07-01,2.8,3488200000000.0,0.56,68.7317,6.1,20.3,148.4,2.69896193771626
1994-08-01,2.9,3485700000000.0,1.85,69.1882,6.0,17.56,149.0,2.900552486187835
1994-09-01,3.0,3486100000000.0,1.45,69.3935,5.9,18.39,149.3,2.965517241379323
1994-10-01,2.6,3484300000000.0,0.96,69.9576,5.8,18.19,149.4,2.609890109890123
1994-11-01,2.7,3487200000000.0,1.29,70.4288,5.6,18.05,149.8,2.602739726027403
1994-12-01,2.7,3486400000000.0,1.69,71.1273,5.5,17.76,150.1,2.597402597402576
1995-01-01,2.8,3492400000000.0,1.69,71.2635,5.6,18.39,150.5,2.8708133971291794
1995-02-01,2.9,3489900000000.0,1.68,71.1758,5.4,18.49,150.9,2.862985685071595
1995-03-01,2.9,3491100000000.0,1.76,71.2796,5.4,19.17,151.2,2.7872195785180187
1995-04-01,3.1,3499200000000.0,2.08,71.1538,5.8,20.38,151.8,3.125000000000022
1995-05-01,3.2,3524200000000.0,2.23,71.4997,5.6,18.89,152.1,3.1186440677966054
1995-06-01,3.0,3548900000000.0,2.07,71.7327,5.6,17.4,152.4,3.0425963488843744
1995-07-01,2.8,3567400000000.0,1.75,71.4334,5.7,17.56,152.6,2.8301886792452713
1995-08-01,2.6,3589000000000.0,1.26,72.3723,5.7,17.84,152.9,2.6174496644295386
1995-09-01,2.5,3602100000000.0,1.83,72.6543,5.6,17.54,153.1,2.54521098459477
1995-10-01,2.8,3613400000000.0,2.31,72.5336,5.5,17.64,153.5,2.7443105756358666
1995-11-01,2.6,3619900000000.0,2.06,72.717,5.6,18.18,153.7,2.603471295060067
1995-12-01,2.5,3629500000000.0,2.3,72.9638,5.6,19.55,153.9,2.5316455696202667
1996-01-01,2.7,3647900000000.0,2.21,72.5712,5.6,17.74,154.7,2.7906976744185963
1996-02-01,2.7,3661800000000.0,1.97,73.6207,5.5,19.54,155.0,2.717031146454607
1996-03-01,2.8,3686900000000.0,2.36,73.5141,5.5,21.47,155.5,2.8439153439153486
1996-04-01,2.9,3697700000000.0,2.35,74.2491,5.6,21.2,156.1,2.832674571805005
1996-05-01,2.9,3709600000000.0,2.34,74.8142,5.6,19.76,156.4,2.827087442472065
1996-06-01,2.8,3722500000000.0,2.73,75.3726,5.3,20.92,156.7,2.8215223097112663
1996-07-01,3.0,3737100000000.0,2.57,75.3738,5.5,20.42,157.0,2.8833551769331667
1996-08-01,2.9,3744000000000.0,2.97,75.7557,5.1,22.25,157.2,2.8122956180510084
1996-09-01,3.0,3753400000000.0,3.05,76.2302,5.2,24.38,157.7,3.0045721750489918
1996-10-01,3.0,3772800000000.0,3.11,76.2157,5.2,23.35,158.2,3.0618892508143203
1996-11-01,3.3,3795100000000.0,3.03,76.8973,5.4,23.75,158.7,3.2530904359141077
1996-12-01,3.3,3818600000000.0,2.79,77.3772,5.4,25.92,159.1,3.378817413905133
1997-01-01,3.0,3834600000000.0,2.47,77.5135,5.3,24.15,159.4,3.0381383322559907
1997-02-01,3.0,3846300000000.0,2.16,78.4255,5.2,20.3,159.7,3.0322580645161246
1997-03-01,2.8,3861200000000.0,1.54,78.9197,5.2,20.41,159.8,2.7652733118971096
1997-04-01,2.5,3877000000000.0,0.77,78.9848,5.1,20.21,159.9,2.434336963484962
1997-05-01,2.2,3889200000000.0,0.38,79.4296,4.9,20.88,159.9,2.237851662404089
1997-06-01,2.3,3906000000000.0,-0.08,79.7971,5.0,19.8,160.2,2.233567326100827
1997-07-01,2.2,3923900000000.0,-0.15,80.4666,4.9,20.14,160.4,2.165605095541401
1997-08-01,2.2,3957400000000.0,-0.15,81.2825,4.8,19.61,160.8,2.2900763358778775
1997-09-01,2.2,3973100000000.0,0.0,82.0327,4.9,21.18,161.2,2.21940393151554
1997-10-01,2.1,3992300000000.0,-0.3,82.7656,4.7,21.08,161.5,2.0859671302149163
1997-11-01,1.8,4014800000000.0,-0.68,83.427,4.6,19.15,161.7,1.8903591682419618
1997-12-01,1.7,4032900000000.0,-1.21,83.784,4.7,17.64,161.8,1.6970458830924073
1998-01-01,1.6,4056200000000.0,-1.73,84.1564,4.6,17.21,162.0,1.6311166875784044
1998-02-01,1.4,4088900000000.0,-1.51,84.3066,4.6,15.44,162.0,1.440200375704448
1998-03-01,1.4,4114300000000.0,-1.51,84.342,4.7,15.61,162.0,1.3767209011263937
1998-04-01,1.4,4140200000000.0,-0.91,84.6339,4.3,15.39,162.2,1.4383989993745905
1998-05-01,1.7,4164400000000.0,-0.76,85.1867,4.4,15.2,162.6,1.6885553470919357
1998-06-01,1.7,4184100000000.001,-0.68,84.6809,4.5,14.18,162.8,1.6229712858926382
1998-07-01,1.7,4203800000000.0,-0.23,84.3445,4.5,14.21,163.2,1.74563591022443
1998-08-01,1.6,4228700000000.0,-0.76,86.0816,4.5,13.34,163.4,1.6169154228855787
1998-09-01,1.5,4267600000000.001,-0.91,86.0023,4.6,16.14,163.5,1.4267990074441794
1998-10-01,1.5,4307700000000.0,-0.68,86.591,4.5,14.42,163.9,1.4860681114551078
1998-11-01,1.5,4346400000000.0,-0.61,86.5115,4.4,11.22,164.1,1.4842300556586308
1998-12-01,1.6,4375200000000.0,0.0,86.8615,4.4,12.05,164.4,1.606922126081578
1999-01-01,1.7,4402600000000.0,0.84,87.2205,4.3,12.75,164.7,1.6666666666666607
1999-02-01,1.6,4425300000000.0,0.46,87.726,4.4,12.27,164.7,1.6666666666666607
1999-03-01,1.7,4432100000000.0,0.77,87.9125,4.2,16.76,164.8,1.7283950617283939
1999-04-01,2.3,4460700000000.0,1.15,88.1082,4.3,18.66,165.9,2.281134401972884
1999-05-01,2.1,4485300000000.0,1.38,88.6483,4.2,16.84,166.0,2.091020910209096
1999-06-01,2.0,4507200000000.0,1.53,88.5903,4.3,19.29,166.0,1.9656019656019597
1999-07-01,2.1,4534500000000.0,1.45,89.1098,4.3,20.53,166.7,2.1446078431372584
1999-08-01,2.3,4551700000000.0,2.3,89.5007,4.2,22.11,167.1,2.2643818849449104
1999-09-01,2.6,4567700000000.0,3.14,89.1304,4.2,24.51,167.8,2.629969418960254
1999-10-01,2.6,4591500000000.0,2.82,90.2709,4.1,21.75,168.1,2.56253813300793
1999-11-01,2.6,4610500000000.0,3.06,90.7528,4.1,24.59,168.4,2.6203534430225606
1999-12-01,2.7,4638000000000.0,2.9,91.4784,4.0,25.6,168.8,2.676399026763998
2000-01-01,2.7,4666200000000.0,2.51,91.4092,4.0,27.64,169.3,2.792956891317555
2000-02-01,3.2,4679400000000.0,3.98,91.7245,4.1,30.43,170.0,3.2179720704310855
2000-03-01,3.8,4710200000000.0,4.35,92.083,4.0,26.9,171.0,3.762135922330101
2000-04-01,3.1,4766100000000.0,3.64,92.6659,3.8,25.74,170.9,3.013863773357439
2000-05-01,3.2,4753900000000.0,3.7,92.9347,4.0,29.01,171.2,3.1325301204819134
2000-06-01,3.7,4771800000000.0,4.45,93.0018,4.0,32.5,172.2,3.7349397590361377
2000-07-01,3.7,4789400000000.0,4.29,92.8373,4.0,27.43,172.7,3.5992801439711952
2000-08-01,3.4,4817500000000.0,3.37,92.591,4.1,33.12,172.7,3.3512866546977715
2000-09-01,3.5,4853200000000.0,3.49,92.9827,3.9,30.84,173.6,3.45649582836709
2000-10-01,3.4,4869200000000.0,3.7,92.64,3.9,32.7,173.9,3.4503271861986873
2000-11-01,3.4,4880300000000.0,3.78,92.6604,3.9,33.82,174.2,3.444180522565321
2000-12-01,3.4,4925000000000.0,3.56,92.3457,3.9,26.8,174.6,3.4360189573459543
2001-01-01,3.7,4975700000000.0,4.83,91.8908,4.2,28.66,175.6,3.7212049616065945
2001-02-01,3.5,5014100000000.0,3.97,91.2851,4.2,27.39,176.0,3.529411764705892
2001-03-01,2.9,5072000000000.0,3.0,91.0585,4.3,26.29,176.1,2.9824561403508643
2001-04-01,3.3,5135900000000.0,3.73,90.7384,4.4,28.46,176.4,3.2182562902282053
2001-05-01,3.6,5133000000000.0,3.93,90.2607,4.3,28.37,177.3,3.5630841121495394
2001-06-01,3.2,5173500000000.0,2.6,89.7811,4.5,26.25,177.7,3.193960511033689
2001-07-01,2.7,5203400000000.0,1.37,89.2352,4.6,26.35,177.4,2.7214823393167498
2001-08-01,2.7,5237200000000.0,1.95,89.157,4.9,27.2,177.4,2.7214823393167498
2001-09-01,2.6,5348400000000.0,1.58,88.6749,5.0,23.43,178.1,2.5921658986175045
2001-10-01,2.1,5337100000000.0,-0.29,88.4051,5.3,21.18,177.6,2.127659574468077
2001-11-01,1.9,5380800000000.0,-1.21,87.886,5.5,19.44,177.5,1.894374282433997
2001-12-01,1.6,5433800000000.0,-1.65,87.8518,5.7,19.84,177.4,1.603665521191311
2002-01-01,1.1,5454100000000.0,-2.69,88.4634,5.7,19.48,177.7,1.1958997722095743
2002-02-01,1.1,5483400000000.0,-2.62,88.4578,5.7,21.74,178.0,1.1363636363636465
2002-03-01,1.5,5495200000000.0,-1.56,89.1265,5.7,26.31,178.5,1.3628620102214661
2002-04-01,1.6,5495400000000.0,-2.12,89.5507,5.9,27.29,179.3,1.643990929705219
2002-05-01,1.2,5521500000000.0,-2.87,89.9348,5.8,25.31,179.5,1.2408347433727984
2002-06-01,1.1,5546500000000.0,-2.25,90.6736,5.8,26.86,179.6,1.0692177827799743
2002-07-01,1.5,5589100000000.0,-1.21,90.6436,5.8,27.02,180.0,1.465614430665152
2002-08-01,1.8,5631600000000.0,-1.49,90.5505,5.7,28.98,180.5,1.747463359639223
2002-09-01,1.5,5656000000000.0,-1.77,90.6373,5.7,30.45,180.8,1.516002245929271
2002-10-01,2.0,5700400000000.0,0.72,90.3988,5.7,27.22,181.2,2.0270270270270174
2002-11-01,2.2,5750600000000.0,1.01,90.8947,5.9,26.89,181.5,2.2535211267605604
2002-12-01,2.4,5772000000000.0,1.16,90.3906,6.0,31.2,181.8,2.4802705749718212
2003-01-01,2.6,5804600000000.0,2.47,91.1369,5.8,33.51,182.6,2.757456387169399
2003-02-01,3.0,5840700000000.0,3.34,91.2505,5.9,36.6,183.6,3.146067415730336
2003-03-01,3.0,5861400000000.0,3.97,91.0006,5.9,31.04,183.9,3.025210084033625
2003-04-01,2.2,5898800000000.0,2.38,90.4311,6.0,25.8,183.2,2.175125488008911
2003-05-01,2.1,5959300000000.0,2.45,90.4,6.1,29.56,182.9,1.8941504178273005
2003-06-01,2.1,5996000000000.0,2.88,90.5196,6.3,30.19,183.1,1.948775055679297
2003-07-01,2.1,6042700000000.0,3.03,90.9869,6.2,30.54,183.7,2.055555555555544
2003-08-01,2.2,6100800000000.0,3.53,90.7933,6.1,31.57,184.5,2.216066481994461
2003-09-01,2.3,6072800000000.0,3.52,91.3819,6.1,29.2,185.1,2.378318584070782
2003-10-01,2.0,6063600000000.0,3.41,91.5049,6.0,29.11,184.9,2.041942604856528
2003-11-01,1.8,6069100000000.0,3.44,92.1265,5.8,30.41,185.0,1.9283746556473913
2003-12-01,1.9,6067300000000.0,3.96,92.1732,5.7,32.52,185.5,2.0352035203520247
2004-01-01,2.0,6075500000000.0,3.27,92.3268,5.7,33.05,186.3,2.026286966046009
2004-02-01,1.7,6114300000000.0,2.11,92.8995,5.6,36.16,186.7,1.688453159041381
2004-03-01,1.7,6150100000000.0,1.46,92.5368,5.8,35.76,187.1,1.7400761283306032
2004-04-01,2.3,6191200000000.0,3.66,92.8957,5.6,37.38,187.4,2.2925764192139875
2004-05-01,3.1,6268100000000.0,4.86,93.5845,5.6,39.88,188.2,2.8977583378895444
2004-06-01,3.3,6270500000000.0,3.99,92.8651,5.6,37.05,188.9,3.1676679410158393
2004-07-01,2.9,6284300000000.0,3.85,93.5502,5.5,43.8,189.1,2.939575394665228
2004-08-01,2.7,6310600000000.0,3.34,93.6301,5.4,42.12,189.2,2.5474254742547275
2004-09-01,2.5,6345300000000.0,3.26,93.7353,5.4,49.64,189.8,2.5391680172879516
2004-10-01,3.2,6373300000000.0,4.47,94.5695,5.5,51.76,190.8,3.1909140075716547
2004-11-01,3.5,6399800000000.0,4.98,94.8015,5.4,49.13,191.7,3.621621621621607
2004-12-01,3.3,6418300000000.0,4.22,95.5415,5.4,43.45,191.7,3.3423180592991875
2005-01-01,3.0,6424500000000.0,4.13,95.8785,5.3,48.2,191.6,2.8448738593666034
2005-02-01,3.0,6432800000000.0,4.68,96.5709,5.4,51.75,192.4,3.0530262453133394
2005-03-01,3.1,6441900000000.0,4.99,96.4345,5.2,55.4,193.1,3.2068412613575736
2005-04-01,3.5,6455900000000.0,4.82,96.6347,5.2,49.72,193.7,3.3617929562433257
2005-05-01,2.8,6473300000000.0,3.63,96.7251,5.1,51.97,193.6,2.869287991498415
2005-06-01,2.5,6505800000000.0,3.7,97.1483,5.0,56.5,193.7,2.541026998411855
2005-07-01,3.2,6537400000000.0,4.71,96.8397,5.0,60.57,194.9,3.067160232681121
2005-08-01,3.6,6570200000000.0,5.25,97.1584,4.9,68.94,196.1,3.6469344608879517
2005-09-01,4.7,6604300000000.0,6.86,95.2764,5.0,66.24,198.8,4.741833508956805
2005-10-01,4.3,6638600000000.0,5.86,96.4411,5.0,59.76,199.1,4.350104821802936
2005-11-01,3.5,6655000000000.0,4.35,97.5016,5.0,57.32,198.1,3.3385498174230532
2005-12-01,3.4,6681900000000.0,5.38,97.9723,4.9,61.04,198.1,3.3385498174230532
2006-01-01,4.0,6724300000000.0,5.61,98.127,4.7,67.92,199.3,4.018789144050117
2006-02-01,3.6,6748600000000.0,3.88,98.1687,4.8,61.41,199.4,3.63825363825363
2006-03-01,3.4,6762900000000.0,3.58,98.3913,4.7,66.63,199.7,3.4179181771103018
2006-04-01,3.5,6800100000000.0,4.08,98.6826,4.7,71.88,200.7,3.613835828600931
2006-05-01,4.2,6806900000000.0,4.47,98.7074,4.6,71.29,201.3,3.9772727272727293
2006-06-01,4.3,6844900000000.0,4.93,99.0398,4.6,73.93,201.8,4.1817243159525175
2006-07-01,4.1,6886300000000.0,3.99,98.9751,4.7,74.4,202.9,4.104669061056954
2006-08-01,3.8,6917100000000.0,3.84,99.4047,4.7,70.26,203.8,3.926568077511483
2006-09-01,2.1,6944200000000.0,0.88,99.2246,4.5,62.91,202.8,2.012072434607637
2006-10-01,1.3,6993300000000.0,-1.24,99.1229,4.4,58.73,201.9,1.4063284781516971
2006-11-01,2.0,7028400000000.0,0.95,99.0963,4.5,63.13,202.0,1.9687026754164672
2006-12-01,2.5,7071600000000.0,1.13,100.1125,4.4,61.05,203.1,2.5239777889954462
2007-01-01,2.1,7109600000000.0,0.13,99.7546,4.6,58.14,203.437,2.075765178123423
2007-02-01,2.4,7125300000000.0,2.41,100.7166,4.5,61.79,204.226,2.420260782347028
2007-03-01,2.8,7159100000000.0,3.14,100.8952,4.4,65.87,205.288,2.798197295943927
2007-04-01,2.6,7231300000000.0,3.24,101.5723,4.5,65.71,205.904,2.5929247633283525
2007-05-01,2.7,7245400000000.0,3.91,101.6269,4.4,64.01,206.755,2.709885742672613
2007-06-01,2.7,7278600000000.0,3.34,101.6547,4.6,70.68,207.234,2.692765113974227
2007-07-01,2.4,7309000000000.0,4.21,101.4953,4.7,78.21,207.603,2.3178905864958077
2007-08-01,2.0,7385100000000.0,2.34,101.6943,4.6,74.04,207.667,1.897448478900876
2007-09-01,2.8,7403200000000.0,4.43,101.9428,4.7,81.66,208.547,2.8338264299802685
2007-10-01,3.5,7417200000000.0,6.1,101.6446,4.7,94.53,209.19,3.610698365527476
2007-11-01,4.3,7441800000000.0,7.26,102.2167,4.7,88.71,210.834,4.373267326732666
2007-12-01,4.1,7471600000000.0,6.17,102.2764,5.0,95.98,211.445,4.108813392417532
2008-01-01,4.3,7505500000000.0,7.43,102.1493,5.0,91.75,212.174,4.294695655165981
2008-02-01,4.0,7590600000000.0,6.49,101.7756,4.9,101.84,212.687,4.142959270611968
2008-03-01,4.0,7656200000000.0,6.7,101.4508,5.1,101.58,213.448,3.9749035501344343
2008-04-01,3.9,7699200000000.0,6.39,100.7554,5.0,113.46,213.942,3.9037609759888126
2008-05-01,4.2,7711200000000.0,7.34,100.1336,5.4,127.35,215.208,4.088413823123993
2008-06-01,5.0,7728900000000.0,9.09,99.8728,5.6,140.0,217.463,4.935966105947864
2008-07-01,5.6,7775400000000.0,9.85,99.4194,5.8,124.08,219.016,5.497512078341837
2008-08-01,5.4,7790200000000.0,9.69,97.8491,6.1,115.46,218.69,5.308017162091239
2008-09-01,4.9,7859500000000.0,8.84,93.5576,6.1,100.64,218.877,4.953319875136075
2008-10-01,3.7,7965300000000.0,5.22,94.4985,6.5,67.81,216.995,3.7310578899565128
2008-11-01,1.1,8015800000000.0,0.35,93.2617,6.8,54.43,213.153,1.0999174706166848
2008-12-01,0.1,8192100000000.0,-0.94,90.6266,7.3,44.6,211.398,-0.02222800255385904
2009-01-01,0.0,8273700000000.001,-0.93,88.3712,7.8,41.68,211.933,-0.11358601902212717
2009-02-01,0.2,8303100000000.0,-1.39,87.843,8.3,44.76,212.705,0.008463140671510772
2009-03-01,-0.4,8369299999999.999,-3.43,86.4689,8.7,49.66,212.495,-0.4464787676623838
2009-04-01,-0.7,8372900000000.0,-3.51,85.7903,9.0,51.12,212.709,-0.5763244243767063
2009-05-01,-1.3,8430700000000.001,-4.84,84.9436,9.4,66.31,213.022,-1.015761495855172
2009-06-01,-1.4,8440500000000.0,-4.44,84.6746,9.5,69.89,214.79,-1.2291746182109153
2009-07-01,-2.1,8445100000000.0,-6.86,85.6853,9.5,69.45,214.726,-1.9587610037622771
2009-08-01,-1.5,8445000000000.0,-4.39,86.6393,9.6,69.96,215.445,-1.4838355663267633
2009-09-01,-1.3,8444200000000.001,-4.94,87.3821,9.8,70.61,215.861,-1.377942862886472
2009-10-01,-0.2,8471100000000.0,-2.03,87.5809,10.0,77.0,216.509,-0.22396829420033848
2009-11-01,1.8,8500799999999.999,2.15,87.9388,9.9,77.28,217.234,1.9145871744709275
2009-12-01,2.7,8496000000000.0,4.27,88.2404,9.9,79.36,217.347,2.8141231232083674
2010-01-01,2.6,8458100000000.0,4.46,89.1897,9.8,72.89,217.488,2.6211113889767157
2010-02-01,2.1,8507400000000.0,4.18,89.5046,9.8,79.66,217.281,2.151336357866529
2010-03-01,2.3,8504500000000.0,5.91,90.1356,9.9,83.76,217.353,2.2861714393279886
2010-04-01,2.2,8535200000000.001,5.4,90.4607,9.9,86.15,217.403,2.2067707525304403
2010-05-01,2.0,8589900000000.0,5.08,91.7014,9.6,73.97,217.29,2.003548929218568
2010-06-01,1.1,8609000000000.0,2.7,91.9033,9.4,75.63,217.199,1.1215605940686268
2010-07-01,1.2,8618799999999.999,4.12,92.2549,9.4,78.95,217.605,1.3407784804821077
2010-08-01,1.1,8669100000000.0,3.27,92.5936,9.5,71.92,217.923,1.1501775395112546
2010-09-01,1.1,8700100000000.0,3.93,92.8533,9.5,79.97,218.275,1.1183122472331775
2010-10-01,1.2,8749400000000.0,4.26,92.6033,9.4,81.43,219.035,1.1666951489314625
2010-11-01,1.1,8770000000000.0,2.6,92.6686,9.8,84.11,219.59,1.084544776600338
2010-12-01,1.5,8801800000000.0,2.8,93.5916,9.3,91.38,220.472,1.437793022217937
2011-01-01,1.6,8823100000000.0,2.4,93.3889,9.1,92.19,221.187,1.7007834915029774
2011-02-01,2.1,8886900000000.0,3.3,93.0045,9.0,96.97,221.898,2.124898173333145
2011-03-01,2.7,8943500000000.0,4.0,93.9684,9.0,106.72,223.046,2.619241510354109
2011-04-01,3.2,9004900000000.0,4.2,93.6571,9.1,113.93,224.093,3.0772344447868694
2011-05-01,3.6,9075500000000.0,4.2,93.7723,9.0,102.7,224.806,3.4589718808964998
2011-06-01,3.6,9151000000000.0,4.3,94.0493,9.1,95.42,224.806,3.5023181506360412
2011-07-01,3.6,9316600000000.0,4.5,94.4958,9.0,95.7,225.395,3.5798809769996165
2011-08-01,3.8,9507600000000.0,4.4,95.0974,9.0,88.81,226.106,3.75499603070808
2011-09-01,3.9,9528300000000.0,4.5,95.0244,9.0,79.2,226.597,3.812621692818685
2011-10-01,3.5,9562100000000.0,3.7,95.6891,8.8,93.19,226.75,3.5222681306640524
2011-11-01,3.4,9612600000000.0,3.7,95.6778,8.6,100.36,227.169,3.451432214581729
2011-12-01,3.0,9660100000000.0,3.2,96.1809,8.5,98.83,227.223,3.062066838419386
2012-01-01,2.9,9733300000000.0,3.1,96.7595,8.3,98.48,227.842,3.0087663379855023
2012-02-01,2.9,9785700000000.0,2.8,97.0662,8.3,107.07,228.329,2.8981784423473878
2012-03-01,2.7,9830600000000.0,2.4,96.5609,8.2,103.02,228.807,2.5828752813320977
2012-04-01,2.3,9884600000000.0,2.0,97.251,8.2,104.87,229.187,2.2731633741348567
2012-05-01,1.7,9928400000000.0,1.6,97.4595,8.2,86.53,228.713,1.7379429374660749
2012-06-01,1.7,9999300000000.0,1.3,97.4768,8.2,84.96,228.524,1.653870448297634
2012-07-01,1.4,10051800000000.0,1.0,97.6714,8.2,88.06,228.59,1.4175114798464783
2012-08-01,1.7,10121300000000.0,1.2,97.2734,8.1,96.47,229.918,1.6859349154821235
2012-09-01,2.0,10200800000000.0,1.5,97.2217,7.8,92.19,231.015,1.9497168982819613
2012-10-01,2.2,10267300000000.0,1.9,97.5311,7.8,86.24,231.638,2.1556780595369363
2012-11-01,1.8,10337600000000.0,1.7,97.9084,7.7,88.91,231.249,1.7960197033926262
2012-12-01,1.7,10459700000000.0,1.9,98.1884,7.9,91.82,231.221,1.7595049796895523
2013-01-01,1.6,10482900000000.0,1.6,98.1736,8.0,97.49,231.679,1.684061762098299
2013-02-01,2.0,10501300000000.0,1.6,98.6434,7.7,92.05,232.937,2.0181404902574807
2013-03-01,1.5,10558300000000.0,1.3,99.047,7.5,97.23,232.282,1.5187472411246183
2013-04-01,1.1,10586300000000.0,0.9,98.9445,7.6,93.46,231.797,1.138808047576867
2013-05-01,1.4,10621000000000.0,0.9,99.0383,7.5,91.97,231.893,1.3903888279197085
2013-06-01,1.8,10678700000000.0,1.7,99.2221,7.5,96.56,232.445,1.7157935271568725
2013-07-01,2.0,10718400000000.0,2.0,98.8987,7.3,105.03,232.9,1.885471805415806
2013-08-01,1.5,10776600000000.0,1.7,99.4897,7.2,107.65,233.456,1.538809488600279
2013-09-01,1.2,10837200000000.0,1.1,100.021,7.2,102.33,233.544,1.0947341081747997
2013-10-01,1.0,10961600000000.0,1.3,99.9037,7.2,96.38,233.669,0.8767991434911471
2013-11-01,1.2,10969700000000.0,1.1,100.1582,6.9,92.72,234.1,1.2328701961954458
2013-12-01,1.5,11035000000000.0,1.2,100.374,6.7,98.42,234.719,1.5128383667573297
2014-01-01,1.6,11105700000000.0,1.3,99.9899,6.6,97.49,235.288,1.557758795574915
2014-02-01,1.1,11171200000000.0,1.2,100.7471,6.7,102.59,235.547,1.1204746347724948
2014-03-01,1.5,11208100000000.0,1.6,101.7435,6.7,101.58,236.028,1.6126949139408042
2014-04-01,2.0,11253100000000.0,1.8,101.8273,6.2,99.74,236.468,2.015125303606169
2014-05-01,2.1,11317900000000.0,2.1,102.2392,6.3,102.71,236.918,2.166947687079812
2014-06-01,2.1,11373500000000.0,1.8,102.5774,6.1,105.37,237.231,2.0589816945944195
2014-07-01,2.0,11427400000000.0,1.9,102.7954,6.2,98.17,237.498,1.9742378703305974
2014-08-01,1.7,11451900000000.0,1.9,102.6322,6.1,95.96,237.46,1.7150983482969062
2014-09-01,1.7,11493700000000.0,1.6,102.9417,5.9,91.16,237.477,1.6840509711232077
2014-10-01,1.7,11568100000000.0,1.5,102.9611,5.7,80.54,237.43,1.6095417021513292
2014-11-01,1.3,11608800000000.0,1.3,103.5978,5.8,66.15,236.983,1.231524989320798
2014-12-01,0.8,11692000000000.0,0.9,103.6151,5.6,53.27,236.252,0.6531213919623191
2015-01-01,-0.1,11764600000000.0,0.0,102.7923,5.7,48.24,234.747,-0.22993097820542818
2015-02-01,0.0,11870800000000.0,-0.5,102.1366,5.5,49.76,235.342,-0.08703146293520536
2015-03-01,-0.1,11883600000000.0,-0.9,101.7869,5.4,47.6,235.976,-0.022031284423873476
2015-04-01,-0.2,11923200000000.0,-1.1,101.2255,5.4,59.63,236.222,-0.10403098939391064
2015-05-01,0.0,11954400000000.0,-0.8,100.7675,5.6,60.3,237.001,0.03503321824429584
2015-06-01,0.1,12000500000000.0,-0.5,100.4588,5.3,59.47,237.657,0.1795718097550525
2015-07-01,0.2,12049900000000.0,-0.7,101.0893,5.2,47.12,238.034,0.22568611104094582
2015-08-01,0.2,12100200000000.0,-1.0,100.9165,5.1,49.2,238.033,0.2413037985344868
2015-09-01,0.0,12160700000000.0,-1.1,100.633,5.0,45.09,237.498,0.008842961634170088
2015-10-01,0.2,12200800000000.0,-1.4,100.1563,5.0,46.59,237.733,0.12761656067050708
2015-11-01,0.5,12289800000000.0,-1.3,99.4366,5.1,41.65,238.017,0.4363182169185187
2015-12-01,0.7,12350600000000.0,-1.1,98.9471,5.0,37.04,237.761,0.6387247515364791
2016-01-01,1.4,12480000000000.0,0.0,99.4391,4.8,33.62,237.652,1.2375025026943876
2016-02-01,1.0,12546700000000.0,0.1,98.9232,4.9,33.75,237.336,0.8472775790126619
2016-03-01,0.9,12609300000000.0,-0.1,98.1635,5.0,38.34,238.08,0.8916160965521946
2016-04-01,1.1,12692800000000.0,0.2,98.4775,5.1,45.92,238.992,1.1726257503534843
2016-05-01,1.0,12763300000000.0,0.0,98.2549,4.8,49.1,239.557,1.0784764621246223
2016-06-01,1.0,12828700000000.0,0.2,98.7315,4.9,48.33,240.222,1.0792865347959424
2016-07-01,0.8,12889600000000.0,0.0,98.8452,4.8,41.6,240.101,0.8683633430518256
2016-08-01,1.1,12976200000000.0,0.0,98.7427,4.9,44.7,240.545,1.0553158595656864
2016-09-01,1.5,13039100000000.0,0.6,98.6552,5.0,48.24,241.176,1.5486446201652182
2016-10-01,1.6,13109200000000.0,1.1,98.7237,4.9,46.86,241.741,1.685924966243646
2016-11-01,1.7,13179700000000.0,1.3,98.3443,4.7,49.44,242.026,1.6843334719788938
2016-12-01,2.1,13212500000000.0,1.7,99.0406,4.7,53.72,242.637,2.0507989115119862
2017-01-01,2.5,13283500000000.0,1.7,98.8158,4.7,52.81,243.618,2.5103933482571117
2017-02-01,2.7,13348100000000.0,2.0,98.4356,4.6,54.01,244.006,2.8103616813294208
2017-03-01,2.4,13416700000000.0,2.2,99.0492,4.4,50.6,243.892,2.44119623655914
2017-04-01,2.2,13477400000000.0,2.5,100.0416,4.4,49.33,244.193,2.176223471915395
2017-05-01,1.9,13535700000000.0,2.3,100.128,4.4,48.32,244.004,1.8563431667619756
2017-06-01,1.6,13559500000000.0,1.9,100.337,4.3,46.04,244.163,1.640565809959127
2017-07-01,1.7,13623500000000.0,2.0,100.0865,4.3,50.17,244.243,1.7251073506566073
2017-08-01,1.9,13682000000000.0,2.4,99.6323,4.4,47.23,245.183,1.92812155729698
2017-09-01,2.2,13727400000000.0,2.6,99.7482,4.3,51.67,246.435,2.1805652303711787
2017-10-01,2.0,13781600000000.0,2.8,100.9893,4.2,54.38,246.626,2.020757753132485
2017-11-01,2.2,13807600000000.0,3.0,101.2493,4.2,57.4,247.284,2.172493864295566
2017-12-01,2.1,13853000000000.0,2.5,101.4871,4.1,60.42,247.805,2.129930719552253
2018-01-01,2.1,13861800000000.0,2.6,101.4852,4.0,64.73,248.859,2.151318868063945
2018-02-01,2.2,13899400000000.0,2.8,101.7319,4.1,61.64,249.529,2.263468931091861
2018-03-01,2.4,13958000000000.0,2.9,102.1943,4.0,64.94,249.577,2.3309497646499366
2018-04-01,2.5,13980700000000.0,2.7,103.3551,4.0,68.57,250.227,2.4709963021052994
2018-05-01,2.8,14046200000000.0,3.1,102.381,3.8,67.04,250.792,2.781921607842497
2018-06-01,2.9,14107100000000.0,3.3,103.2256,4.0,74.15,251.018,2.8075506935940187
2018-07-01,2.9,14145300000000.0,3.4,103.3561,3.8,68.76,251.214,2.854124785561929
2018-08-01,2.7,14193200000000.0,3.0,104.0585,3.8,69.8,251.663,2.6429238568742575
2018-09-01,2.3,14224600000000.0,2.7,104.1038,3.7,73.25,252.182,2.332055105808828
2018-10-01,2.5,14234700000000.0,3.1,103.9297,3.8,65.31,252.772,2.492032470218053
2018-11-01,2.2,14245000000000.0,2.6,104.0126,3.8,50.93,252.594,2.147328577667773
2018-12-01,1.9,14355300000000.0,2.6,104.0451,3.9,45.41,252.767,2.0023809043401064
2019-01-01,1.6,14417100000000.0,1.9,103.3598,4.0,53.79,252.561,1.4875893578291333
2019-02-01,1.5,14454400000000.0,1.9,102.8251,3.8,57.22,253.319,1.5188615351321877
2019-03-01,1.9,14496700000000.0,2.0,102.8361,3.8,60.14,254.277,1.8831863513063984
2019-04-01,2.0,14531000000000.0,2.4,102.2748,3.7,63.91,255.233,2.000583470209061
2019-05-01,1.8,14643400000000.0,2.1,102.4176,3.6,53.5,255.296,1.7959105553606136
2019-06-01,1.6,14765400000000.0,1.6,102.5425,3.6,58.47,255.213,1.671194894390049
2019-07-01,1.8,14847200000000.0,1.6,102.0057,3.7,58.58,255.802,1.826331335037068
2019-08-01,1.7,14928800000000.0,1.9,102.7814,3.6,55.1,256.036,1.7376412106666406
2019-09-01,1.7,15019900000000.0,1.5,102.4601,3.5,54.07,256.43,1.6844977040391562
2019-10-01,1.8,15154500000000.0,1.0,101.5878,3.6,54.18,257.155,1.7339736996186295
2019-11-01,2.1,15252600000000.0,1.0,102.1494,3.6,55.17,257.879,2.092290394862917
2019-12-01,2.3,15313700000000.0,1.4,101.9421,3.6,61.06,258.63,2.3195274699624457
2020-01-01,2.5,15380600000000.0,2.0,101.3372,3.6,51.56,258.906,2.5122643638566533
2020-02-01,2.3,15432300000000.0,1.1,101.6718,3.5,44.76,259.246,2.339737643050843
2020-03-01,1.5,15962000000000.0,0.3,97.606,4.4,20.48,258.15,1.5231420852062971
2020-04-01,0.3,16983900000000.002,-1.5,84.6812,14.8,18.84,256.126,0.3498763874577149
2020-05-01,0.1,17850900000000.0,-1.1,86.0108,13.2,35.49,255.848,0.21621960391076112
2020-06-01,0.6,18142800000000.0,-0.7,91.6745,11.0,39.27,257.004,0.7017667595302868
2020-07-01,1.0,18293300000000.0,-0.3,95.0037,10.2,40.27,258.408,1.0187566946310067
2020-08-01,1.3,18365200000000.0,-0.3,95.9294,8.4,42.61,259.366,1.3005983533565635
2020-09-01,1.4,18591400000000.0,0.3,95.8914,7.8,40.22,259.951,1.373084272511016
2020-10-01,1.2,18743500000000.0,0.6,96.5256,6.8,35.79,260.249,1.2031654060780772
2020-11-01,1.2,18959300000000.0,0.8,96.9529,6.7,45.34,260.895,1.169540753609244
2020-12-01,1.4,19097500000000.0,0.8,98.2039,6.7,48.52,262.005,1.3049530216912242
2021-01-01,1.4,19323500000000.0,1.6,98.8135,6.4,52.2,262.518,1.3951009246599089
2021-02-01,1.7,19560900000000.0,3.0,95.5072,6.2,61.5,263.583,1.6729284154818336
2021-03-01,2.6,19800200000000.0,4.1,98.1929,6.1,59.16,264.91,2.6186325779585795
2021-04-01,4.2,20125600000000.0,6.5,98.3317,6.1,63.58,266.752,4.148739292379555
2021-05-01,5.0,20429900000000.0,7.0,99.1867,5.8,66.32,268.452,4.926362527750849
2021-06-01,5.4,20473400000000.0,7.6,99.6483,5.9,73.47,270.664,5.315092372103147
2021-07-01,5.4,20625300000000.0,8.0,100.0668,5.4,73.95,271.994,5.25757716479367
2021-08-01,5.3,20836000000000.0,8.7,100.0412,5.1,68.5,272.789,5.175312107215291
2021-09-01,5.4,20965800000000.0,8.8,98.9955,4.7,75.03,273.887,5.361010344257178
2021-10-01,6.2,21146200000000.0,8.9,100.3542,4.5,83.57,276.434,6.219044069333601
2021-11-01,6.8,21320400000000.0,9.9,101.2684,4.1,66.18,278.799,6.862530903236941
2021-12-01,7.0,21500400000000.0,10.0,101.1948,3.9,75.21,280.808,7.176580599606885
2022-01-01,7.5,21558800000000.0,10.1,101.2146,4.0,88.15,282.39,7.5697666445729395
2022-02-01,7.9,21615000000000.0,10.4,101.8458,3.8,95.72,284.535,7.948919315737357
2022-03-01,8.5,21721000000000.0,11.7,102.6732,3.6,100.28,287.553,8.547431203050081
2022-04-01,8.3,21722300000000.0,11.2,102.9024,3.7,104.69,288.764,8.251859404990402
2022-05-01,8.6,21691500000000.0,11.1,102.9659,3.6,114.67,291.359,8.532996587844366
2022-06-01,9.1,21650400000000.0,11.2,102.8224,3.6,106.371,294.996,8.989743741317646
2022-07-01,8.5,21642900000000.0,9.7,103.0505,3.5,98.62,294.977,8.449818746001725
2022-08-01,8.3,21619000000000.0,8.7,103.1703,3.6,89.2,295.209,8.218806476800754
2022-09-01,8.2,21539100000000.0,8.5,103.5326,3.5,79.49,296.341,8.19827154994579
2022-10-01,7.7,21471500000000.0,8.2,103.4442,3.6,86.18,297.863,7.7519407887596925
2022-11-01,7.1,21405200000000.0,7.4,103.1058,3.6,80.55,298.648,7.119465995215202
2022-12-01,6.5,21309300000000.0,6.4,101.8266,3.5,80.51,298.812,6.411498247913161
2023-01-01,6.4,21222800000000.0,5.7,102.7476,3.4,78.87,300.356,6.362123304649603
2023-02-01,6.0,21150700000000.0,4.7,102.8003,3.6,77.05,301.509,5.965522694923298
2023-03-01,5.0,20902800000000.0,2.7,102.8143,3.5,75.67,301.744,4.935090226845151
2023-04-01,4.9,20744900000000.0,2.3,103.2241,3.4,76.78,303.032,4.941059134795189
2023-05-01,4.1,20837600000000.0,1.1,102.9809,3.7,67.69,303.365,4.120689595996696
2023-06-01,3.0,20820300000000.0,0.3,102.3809,3.6,70.64,304.003,3.053261739142221
2023-07-01,3.2,20793200000000.0,1.1,103.0722,3.5,81.64,304.628,3.271780511700917
2023-08-01,3.7,20765400000000.0,1.9,103.0951,3.8,83.57,306.187,3.718721312697104
2023-09-01,3.7,20711000000000.0,1.8,103.3081,3.8,90.79,307.288,3.6940551594278226
2023-10-01,3.2,20691700000000.0,1.1,102.5781,3.8,81.02,307.531,3.2457874929078256
2023-11-01,3.1,20705200000000.0,0.8,102.8868,3.7,75.67,308.024,3.1394819319064515
2023-12-01,3.4,20754000000000.0,1.1,102.6309,3.7,71.33,308.742,3.3231597124613543
2024-01-01,3.1,20754200000000.0,1.0,101.483,3.7,75.85,309.685,3.1059809026621865
2024-02-01,3.2,20748600000000.0,1.6,102.7267,3.9,78.26,311.054,3.1657429794798686
2024-03-01,3.5,20841200000000.0,1.8,102.5186,3.8,83.17,312.23,3.475131237075124
2024-04-01,3.4,20870200000000.0,2.3,102.3568,3.9,81.93,313.207,3.3577311967053047
2024-05-01,3.3,20963400000000.0,2.4,102.9797,4.0,76.99,313.225,3.2502101428971697
2024-06-01,3.0,21024700000000.0,2.7,103.2534,4.1,81.46,313.049,2.975628529981611
2024-07-01,2.9,21058900000000.0,2.1,102.534,4.3,77.91,313.534,2.923565791719729
2024-08-01,2.5,21141200000000.0,1.9,103.0831,4.2,75.76,314.121,2.5912269299480206
