leading_indicators,n_indicators,scaler,model,seq_length,filter_applied,mse,rmse,mae,r2,mape
"('USM2',)",1,MinMax,LSTM,50,Kalman,0.31351768457830237,0.5599264992642359,0.5560236886696269,-110.8063741326474,227.43658390744974
"('USM2',)",1,MinMax,GRU,50,Kalman,0.447600321816934,0.6690293878574647,0.6618131011874322,-158.62279483618303,268.9247953592907
"('USM2',)",1,MinMax,CNN,50,Kalman,0.0069977627846954564,0.08365263166628685,0.07264735448397892,-1.495535411501709,32.404049207418204
"('USM2',)",1,MinMax,RNN,50,Kalman,0.01840432463955849,0.13566253955885718,0.10329190834462304,-5.563332492956242,36.80252437618135
"('USM2',)",1,MinMax,ANN,50,Kalman,0.00726043827657352,0.08520820545331019,0.05436789866109549,-1.5892104919358436,18.53610655611546
"('USM2',)",1,MinMax,RANDOM_FOREST,N/A,Kalman,0.005255039896890971,0.07249165398093059,0.06505333472929437,-0.8740472569643467,28.255683899873922
"('USM2',)",1,MinMax,XGBOOST,N/A,Kalman,0.005270782540513705,0.07260015523753173,0.06515844644435738,-0.8796613833415803,28.304613420650902
"('USM2',)",1,Standard,LSTM,50,Kalman,0.2377991534780441,0.4876465456435061,0.37171107398488323,-4.245003647617455,83.90898421735034
"('USM2',)",1,Standard,GRU,50,Kalman,0.17884590178399906,0.42290176375134575,0.40721028087272393,-2.944704568955153,70.03043977260225
"('USM2',)",1,Standard,CNN,50,Kalman,0.6977865126408578,0.8353361674444952,0.6020287801767451,-14.390688951285435,137.07996748970012
"('USM2',)",1,Standard,RNN,50,Kalman,6.114711587709067,2.4727942873820026,2.448196370972257,-133.86879205658713,386.13843353966314
"('USM2',)",1,Standard,ANN,50,Kalman,1.1318169710898167,1.063868869311353,0.8056751633495021,-23.96385733496538,176.9869537055445
"('USM2',)",1,Standard,RANDOM_FOREST,N/A,Kalman,0.08496597547389768,0.2914892373208618,0.26157972516958866,-0.8740472569643316,38.30479668442933
"('USM2',)",1,Standard,XGBOOST,N/A,Kalman,0.085390738658606,0.2922169376655056,0.26228429231677686,-0.8834160222462248,38.36421418211714
"('USPPIYY',)",1,MinMax,LSTM,50,Kalman,0.020911462183671597,0.1446079603053428,0.14289998981485832,-6.457425464573309,58.14029567776045
"('USPPIYY',)",1,MinMax,GRU,50,Kalman,0.017124494878662157,0.1308605932993663,0.13009705951778003,-5.106920838649278,53.34883348812938
"('USPPIYY',)",1,MinMax,CNN,50,Kalman,0.019639888764553973,0.14014238746558436,0.1379161214656155,-6.003958178904175,57.09151294117953
"('USPPIYY',)",1,MinMax,RNN,50,Kalman,0.019704368977129624,0.14037225144995583,0.13857813777037906,-6.026953050090094,56.28831405299722
"('USPPIYY',)",1,MinMax,ANN,50,Kalman,0.006247318529140868,0.07903998057401626,0.0735269556726992,-1.2279127052575998,31.445392752539114
"('USPPIYY',)",1,MinMax,RANDOM_FOREST,N/A,Kalman,0.017118332880910726,0.13083704705056104,0.12184840397339163,-5.104723352957432,51.43722422201069
"('USPPIYY',)",1,MinMax,XGBOOST,N/A,Kalman,0.014838937587505804,0.1218151779849531,0.11031111142007419,-4.291847603018752,47.66962929876987
"('USPPIYY',)",1,Standard,LSTM,50,Kalman,0.24129995951847644,0.49122292242776744,0.47566314416619077,-4.322218979056237,79.11749494448823
"('USPPIYY',)",1,Standard,GRU,50,Kalman,0.3158280553355888,0.561985814176469,0.5603739492389671,-5.966043730715115,92.60460795242227
"('USPPIYY',)",1,Standard,CNN,50,Kalman,0.2757283073828671,0.5250983787661766,0.5124787391108909,-5.081585896427724,81.87930565271823
"('USPPIYY',)",1,Standard,RNN,50,Kalman,0.21852002315031402,0.467461253100526,0.4496640068399212,-3.819774594389674,69.34028326796037
"('USPPIYY',)",1,Standard,ANN,50,Kalman,0.2303420881603663,0.47993967137585775,0.4635404963797281,-4.080527306050693,74.13962400307985
"('USPPIYY',)",1,Standard,RANDOM_FOREST,N/A,Kalman,0.2765129300939891,0.5258449677366791,0.4895004961481225,-5.0988918831044945,74.47083542274899
"('USPPIYY',)",1,Standard,XGBOOST,N/A,Kalman,0.24078927016400145,0.49070283284692934,0.44381302815499496,-4.310954988045991,61.296298360194015
"('INDPRO',)",1,MinMax,LSTM,50,Kalman,0.01048487441024628,0.10239567573997585,0.09249092750294143,-2.7391057943751678,40.608547661472514
"('INDPRO',)",1,MinMax,GRU,50,Kalman,0.32979385467962186,0.574276810153102,0.5716621536810689,-116.61076620782632,234.95846935480736
"('INDPRO',)",1,MinMax,CNN,50,Kalman,0.005705658206800577,0.07553580744786262,0.07002283045175953,-1.0347463238018082,30.084640999723554
"('INDPRO',)",1,MinMax,RNN,50,Kalman,0.013022541049173282,0.11411634873747618,0.09671289168209304,-3.6440860223244727,35.22273551341812
"('INDPRO',)",1,MinMax,ANN,50,Kalman,0.003648661664470909,0.06040415270882383,0.054671731338859116,-0.3011822018588455,21.724698800203612
"('INDPRO',)",1,MinMax,RANDOM_FOREST,N/A,Kalman,0.005103429475104631,0.07143829137867612,0.06403613076889414,-0.8199800946495572,27.7803927533259
"('INDPRO',)",1,MinMax,XGBOOST,N/A,Kalman,0.005271408227442474,0.07260446423907055,0.06515341871202376,-0.8798845152103361,28.303567614829134
"('INDPRO',)",1,Standard,LSTM,50,Kalman,0.09842921309684867,0.31373430334735264,0.29016860187442095,-1.1709984000121905,42.50110169611251
"('INDPRO',)",1,Standard,GRU,50,Kalman,0.0725660840341559,0.26938092737637515,0.16359590781520128,-0.6005497491714329,43.33682027240514
"('INDPRO',)",1,Standard,CNN,50,Kalman,0.09119342812123751,0.30198249638222,0.28593327425762166,-1.0114027158586714,44.80531355840352
"('INDPRO',)",1,Standard,RNN,50,Kalman,5.097381549412603,2.25773814899173,2.245489391636292,-111.43010931254439,357.8669053660027
"('INDPRO',)",1,Standard,ANN,50,Kalman,0.0897978355241091,0.29966286977887185,0.2829094522963863,-0.9806209062707654,43.78715107911217
"('INDPRO',)",1,Standard,RANDOM_FOREST,N/A,Kalman,0.08236947481007761,0.2870008271940651,0.2572476549888735,-0.8167776861791067,37.946299168150524
"('INDPRO',)",1,Standard,XGBOOST,N/A,Kalman,0.08565977162059772,0.29267690653790523,0.26269175732040906,-0.8893499326337828,38.3943098648931
"('UNRATE',)",1,MinMax,LSTM,50,Kalman,0.07525645307836891,0.2743290963029057,0.24717928267790468,-25.83788367502654,104.5790529814826
"('UNRATE',)",1,MinMax,GRU,50,Kalman,0.09608911650399245,0.30998244547714704,0.28630327869799027,-33.26720800254482,120.5481204688911
"('UNRATE',)",1,MinMax,CNN,50,Kalman,0.07477326482470313,0.27344700551423695,0.2434936055715568,-25.665569546276444,103.6338894591944
"('UNRATE',)",1,MinMax,RNN,50,Kalman,0.07752012012439682,0.27842435260658654,0.25025632651422547,-26.64515043256324,103.76312904129057
"('UNRATE',)",1,MinMax,ANN,50,Kalman,0.059314261670648495,0.24354519430826077,0.21229698550474982,-20.152594759272585,87.3222694967819
"('UNRATE',)",1,MinMax,RANDOM_FOREST,N/A,Kalman,0.2127285726150637,0.4612250780422328,0.4260538284737015,-74.86305828487838,175.28201049608361
"('UNRATE',)",1,MinMax,XGBOOST,N/A,Kalman,0.16961952185438908,0.41184890658394263,0.38192199268659766,-59.48955020244198,155.96007687428508
"('UNRATE',)",1,Standard,LSTM,50,Kalman,1.8868061822109525,1.3736106370478327,1.2515881577112355,-40.61623438645812,175.62839448275915
"('UNRATE',)",1,Standard,GRU,50,Kalman,2.2349928434068893,1.4949892452479012,1.3492784339049808,-48.29599388649792,188.1122438915224
"('UNRATE',)",1,Standard,CNN,50,Kalman,1.8594553908463305,1.3636184916780538,1.1757043818808968,-40.01297319576632,172.94043152536506
"('UNRATE',)",1,Standard,RNN,50,Kalman,1.9572851247806555,1.3990300657171937,1.2890457133974187,-42.17074921736329,177.07466933466984
"('UNRATE',)",1,Standard,ANN,50,Kalman,1.5426907023018424,1.2420510063205303,1.0996699481951013,-33.02627066738391,155.80660242608099
"('UNRATE',)",1,Standard,RANDOM_FOREST,N/A,Kalman,3.4278719380400564,1.8514513058787305,1.7102562787101012,-74.60666451340258,258.6690679664616
"('UNRATE',)",1,Standard,XGBOOST,N/A,Kalman,2.7595102213065763,1.6611773599789326,1.5391491781365614,-59.864981917301016,238.36291146155887
"('USOIL',)",1,MinMax,LSTM,50,Kalman,0.5891399646160339,0.7675545352716209,0.7653643456009628,-209.09852566675144,313.45985771320295
"('USOIL',)",1,MinMax,GRU,50,Kalman,0.7314334710696154,0.8552388386115398,0.8533256190198533,-259.84309862630965,348.393576908832
"('USOIL',)",1,MinMax,CNN,50,Kalman,0.9401180607306888,0.969596854744635,0.9667020713305187,-334.26399561254215,394.8208740659515
"('USOIL',)",1,MinMax,RNN,50,Kalman,0.0051830923481787725,0.07199369658642882,0.052342528619976535,-0.8483893915713219,17.91189739938845
"('USOIL',)",1,MinMax,ANN,50,Kalman,0.6674036143325239,0.816947742718299,0.8076073478352412,-237.0088329049478,327.71440602457494
"('USOIL',)",1,MinMax,RANDOM_FOREST,N/A,Kalman,0.0052692483416405715,0.07258958838318738,0.065147705703227,-0.8791142588199314,28.299685613797525
"('USOIL',)",1,MinMax,XGBOOST,N/A,Kalman,0.005272390244856226,0.07261122671361658,0.0651691619901921,-0.8802347213127906,28.30960150901235
"('USOIL',)",1,Standard,LSTM,50,Kalman,0.06753547936481015,0.2598758922347553,0.174970616225029,-0.489592500356516,43.539552282384896
"('USOIL',)",1,Standard,GRU,50,Kalman,1.0636359283908643,1.0313272654162036,1.009189895592919,-22.460026003255507,151.41310245126823
"('USOIL',)",1,Standard,CNN,50,Kalman,0.6949871822070517,0.8336589123898644,0.8048891405621161,-14.328945677091841,117.54780311014663
"('USOIL',)",1,Standard,RNN,50,Kalman,3.8264562205929407,1.9561329762040567,1.9443261725194625,-83.39801631300386,306.9640978254237
"('USOIL',)",1,Standard,ANN,50,Kalman,0.05163454192876358,0.2272323522933378,0.19221648073066025,-0.1388743685516376,40.20920200233997
"('USOIL',)",1,Standard,RANDOM_FOREST,N/A,Kalman,0.08522473361942705,0.29193275530407176,0.2620074774906262,-0.8797545414407566,38.3406492342431
"('USOIL',)",1,Standard,XGBOOST,N/A,Kalman,0.08523674363688,0.29195332441484545,0.26202928995346875,-0.8800194397148979,38.342709344157115
"('USM2', 'USPPIYY')",2,MinMax,LSTM,50,Kalman,0.027340836958441247,0.1653506484971899,0.1642213225514536,-8.750262892464452,67.24684815062844
"('USM2', 'USPPIYY')",2,MinMax,GRU,50,Kalman,0.023390090057945952,0.15293819031865766,0.1524338191978063,-7.341351345244048,62.448411210188624
"('USM2', 'USPPIYY')",2,MinMax,CNN,50,Kalman,0.007828394205373554,0.08847821316783898,0.08521740031291036,-1.7917543871922916,35.7677884845751
"('USM2', 'USPPIYY')",2,MinMax,RNN,50,Kalman,0.011109171602313,0.10540005503942111,0.09741394937164798,-2.961742056568984,38.01988823784638
"('USM2', 'USPPIYY')",2,MinMax,ANN,50,Kalman,0.011659643033761186,0.10797982697597355,0.10159342407262342,-3.1580506472521943,43.36652309541518
"('USM2', 'USPPIYY')",2,MinMax,RANDOM_FOREST,N/A,Kalman,0.0070878615469915284,0.08418943845276276,0.0761343056733498,-1.5276663451672619,32.35071726099713
"('USM2', 'USPPIYY')",2,MinMax,XGBOOST,N/A,Kalman,0.007715702567157396,0.08783907198483712,0.07787384577312358,-1.751566403918034,33.991684968961216
"('USM2', 'USPPIYY')",2,Standard,LSTM,50,Kalman,0.11154953910600755,0.33399032786296007,0.30356808816447656,-1.460386132346243,40.82849389713714
"('USM2', 'USPPIYY')",2,Standard,GRU,50,Kalman,0.3473413534081411,0.589356728482963,0.5865830595324037,-6.661115016384154,98.82544462939559
"('USM2', 'USPPIYY')",2,Standard,CNN,50,Kalman,0.12304517694524328,0.3507779596058499,0.31062824234330527,-1.7139390214823584,45.8681979607514
"('USM2', 'USPPIYY')",2,Standard,RNN,50,Kalman,1.072110995586546,1.0354279287263533,1.0251790090912976,-22.646955845961013,168.58478103466433
"('USM2', 'USPPIYY')",2,Standard,ANN,50,Kalman,0.4100030165906453,0.6403147793004978,0.5110046898850101,-8.043208464367584,101.17709734995846
"('USM2', 'USPPIYY')",2,Standard,RANDOM_FOREST,N/A,Kalman,0.12349181938506172,0.3514140284409001,0.3171771931290301,-1.723790365323432,46.71269622951931
"('USM2', 'USPPIYY')",2,Standard,XGBOOST,N/A,Kalman,0.1266688541841959,0.3559056815845961,0.3148225455069243,-1.7938644545972826,42.537093125397476
"('USM2', 'INDPRO')",2,MinMax,LSTM,50,Kalman,0.04215454936763336,0.20531573093076275,0.1665964356549252,-14.033114716735039,61.966090393955675
"('USM2', 'INDPRO')",2,MinMax,GRU,50,Kalman,0.4705650836739837,0.6859774658645746,0.5504966151700398,-166.81246604886127,210.12915776844014
"('USM2', 'INDPRO')",2,MinMax,CNN,50,Kalman,0.06604555842232415,0.25699330423636363,0.21543262857653472,-22.55310331121603,81.56466342486605
"('USM2', 'INDPRO')",2,MinMax,RNN,50,Kalman,0.009574865299869364,0.09785124066596888,0.056992275531776035,-2.4145792235829293,18.59485500372439
"('USM2', 'INDPRO')",2,MinMax,ANN,50,Kalman,0.0241346589884572,0.1553533359424805,0.1290605874078868,-7.606878798740837,47.5644244754481
"('USM2', 'INDPRO')",2,MinMax,RANDOM_FOREST,N/A,Kalman,0.005119657773535951,0.0715517838599147,0.06414508702638451,-0.8257674147759768,27.8315152850926
"('USM2', 'INDPRO')",2,MinMax,XGBOOST,N/A,Kalman,0.005271408227442474,0.07260446423907055,0.06515341871202376,-0.8798845152103361,28.303567614829134
"('USM2', 'INDPRO')",2,Standard,LSTM,50,Kalman,0.052947544384246745,0.23010333414413348,0.19005279097147623,-0.1678345333277318,38.03181091273625
"('USM2', 'INDPRO')",2,Standard,GRU,50,Kalman,2.4302927564204184,1.5589396256495691,1.4233342718110626,-52.603615428262195,273.81055097192524
"('USM2', 'INDPRO')",2,Standard,CNN,50,Kalman,0.07900716220827025,0.2810821271590747,0.2359619477168783,-0.7426170274762656,47.94989820544263
"('USM2', 'INDPRO')",2,Standard,RNN,50,Kalman,1.8903790613651443,1.3749105648605455,1.284140172903325,-40.69503939447495,177.140460421065
"('USM2', 'INDPRO')",2,Standard,ANN,50,Kalman,0.8558192728529127,0.9251050063927406,0.8011626800945957,-17.87632963432434,126.0412040520777
"('USM2', 'INDPRO')",2,Standard,RANDOM_FOREST,N/A,Kalman,0.08265235789699737,0.28749323104552804,0.2577231118391426,-0.823017081067787,37.98521083452225
"('USM2', 'INDPRO')",2,Standard,XGBOOST,N/A,Kalman,0.08565977162059772,0.29267690653790523,0.26269175732040906,-0.8893499326337828,38.3943098648931
"('USM2', 'UNRATE')",2,MinMax,LSTM,50,Kalman,0.039264292266793524,0.19815219470597223,0.16448265276992327,-13.002394018504916,59.11360173860534
"('USM2', 'UNRATE')",2,MinMax,GRU,50,Kalman,0.04335347305512163,0.20821496837432613,0.1756473658304269,-14.460673725216832,64.36912632811304
"('USM2', 'UNRATE')",2,MinMax,CNN,50,Kalman,0.0018290784903032768,0.04276772720525696,0.032817505006310595,0.34771579383187656,14.142811151097648
"('USM2', 'UNRATE')",2,MinMax,RNN,50,Kalman,0.07098241591573129,0.26642525390009725,0.2625384936208694,-24.31368066649305,108.55195160631035
"('USM2', 'UNRATE')",2,MinMax,ANN,50,Kalman,0.068166673655119,0.26108748276223237,0.23685036392815995,-23.30953337867874,101.14779602800252
"('USM2', 'UNRATE')",2,MinMax,RANDOM_FOREST,N/A,Kalman,0.02781207015191208,0.1667695120575463,0.14674235841880642,-8.918313619184346,64.31641509901027
"('USM2', 'UNRATE')",2,MinMax,XGBOOST,N/A,Kalman,0.020653047685454142,0.14371168249468844,0.11746593357928682,-6.3652699355866025,52.643220475502325
"('USM2', 'UNRATE')",2,Standard,LSTM,50,Kalman,0.7069138264059446,0.8407816758266944,0.7434552714082587,-14.592005033746803,109.4327102786421
"('USM2', 'UNRATE')",2,Standard,GRU,50,Kalman,0.4589123418732134,0.6774306915642466,0.5821940174675054,-9.121974245311643,112.46234126012024
"('USM2', 'UNRATE')",2,Standard,CNN,50,Kalman,0.9138546830725429,0.9559574692801678,0.9101172862090481,-19.156384394153587,138.98483070083608
"('USM2', 'UNRATE')",2,Standard,RNN,50,Kalman,0.22424844919695697,0.4735487822779792,0.4429041547295738,-3.9461233011462067,72.84223406288069
"('USM2', 'UNRATE')",2,Standard,ANN,50,Kalman,0.3417779941371114,0.5846178188672592,0.5339286286873529,-6.53840709567555,98.58031411185429
"('USM2', 'UNRATE')",2,Standard,RANDOM_FOREST,N/A,Kalman,0.37409133762136626,0.6116300659887203,0.5362449155001581,-7.25112453794887,68.87596010004305
"('USM2', 'UNRATE')",2,Standard,XGBOOST,N/A,Kalman,0.3335029694058849,0.5774971596517899,0.47198722097068346,-6.355889478330814,59.012833364402816
"('USM2', 'USOIL')",2,MinMax,LSTM,50,Kalman,0.020698710537176812,0.14387046443650903,0.0990629029850511,-6.38155417770371,35.633420334531785
"('USM2', 'USOIL')",2,MinMax,GRU,50,Kalman,0.4308511789963484,0.6563925494674269,0.5819780100228128,-152.64973168627375,227.19983563061064
"('USM2', 'USOIL')",2,MinMax,CNN,50,Kalman,0.16874538817803242,0.4107863047595823,0.39066230841472677,-59.17781749431059,160.15183254267396
"('USM2', 'USOIL')",2,MinMax,RNN,50,Kalman,0.17344396036044826,0.41646603746337857,0.3151462601549285,-60.853417771925,119.72896649881423
"('USM2', 'USOIL')",2,MinMax,ANN,50,Kalman,0.479602951850614,0.6925337189268217,0.6239753896470038,-170.03554187655195,259.621771986322
"('USM2', 'USOIL')",2,MinMax,RANDOM_FOREST,N/A,Kalman,0.0052719009475211175,0.07260785734010554,0.06516516844965771,-0.8800602285693115,28.307845603714675
"('USM2', 'USOIL')",2,MinMax,XGBOOST,N/A,Kalman,0.005265486450763444,0.07256367170122695,0.06512312263764623,-0.8777726969255202,28.288170182774337
"('USM2', 'USOIL')",2,Standard,LSTM,50,Kalman,0.07529636504842521,0.2744018313503487,0.19883278565276993,-0.6607700387284574,45.54237178826023
"('USM2', 'USOIL')",2,Standard,GRU,50,Kalman,0.900364251605375,0.9488752560823657,0.8604296486745288,-18.858833451610966,124.02435638973776
"('USM2', 'USOIL')",2,Standard,CNN,50,Kalman,2.486225611016055,1.5767769693320788,1.3728544149353255,-53.83729528828263,188.98175893975088
"('USM2', 'USOIL')",2,Standard,RNN,50,Kalman,3.9536896144870184,1.988388698038444,1.9761402362424854,-86.20433250594525,312.5025376255733
"('USM2', 'USOIL')",2,Standard,ANN,50,Kalman,6.163813473227053,2.482702856410137,2.0486006723544814,-134.95180503152824,403.4076264599294
"('USM2', 'USOIL')",2,Standard,RANDOM_FOREST,N/A,Kalman,0.08524537088943505,0.29196809909549204,0.2620408420121069,-0.8802097262254192,38.3433653127428
"('USM2', 'USOIL')",2,Standard,XGBOOST,N/A,Kalman,0.08522496967189079,0.2919331595963206,0.2620097730569116,-0.8797597479186403,38.34106344687013
"('USPPIYY', 'INDPRO')",2,MinMax,LSTM,50,Kalman,0.029179911101775723,0.17082128410059363,0.16955714948161565,-9.406111738770848,69.56388131215961
"('USPPIYY', 'INDPRO')",2,MinMax,GRU,50,Kalman,0.02309902762189701,0.15198364261293718,0.1516525919925556,-7.237552940172835,61.64752374887449
"('USPPIYY', 'INDPRO')",2,MinMax,CNN,50,Kalman,0.012459867364291282,0.11162377598115593,0.10456348022786685,-3.4434258757967573,44.88001760282465
"('USPPIYY', 'INDPRO')",2,MinMax,RNN,50,Kalman,0.02776801164292435,0.16663736568646406,0.1662585128550628,-8.902601516225195,66.85853394739927
"('USPPIYY', 'INDPRO')",2,MinMax,ANN,50,Kalman,0.02324752644983453,0.15247139551350125,0.14198682430515755,-7.290510448891917,61.35907836337658
"('USPPIYY', 'INDPRO')",2,MinMax,RANDOM_FOREST,N/A,Kalman,0.007261406957469481,0.08521388946333504,0.07686964652317996,-1.5895559419821925,32.63687687328124
"('USPPIYY', 'INDPRO')",2,MinMax,XGBOOST,N/A,Kalman,0.00790855703648203,0.08893006823612601,0.07886123980637516,-1.8203419786658053,34.360619905827434
"('USPPIYY', 'INDPRO')",2,Standard,LSTM,50,Kalman,0.17646887308395973,0.4200819837650262,0.3888716004230959,-2.892275769189267,67.55127134276175
"('USPPIYY', 'INDPRO')",2,Standard,GRU,50,Kalman,0.5846841011184968,0.7646463895935799,0.7610824823476042,-11.89605197586876,129.8064204170795
"('USPPIYY', 'INDPRO')",2,Standard,CNN,50,Kalman,0.2912718203990471,0.5396960444537713,0.5031939219503055,-5.424420516628257,68.76725515880018
"('USPPIYY', 'INDPRO')",2,Standard,RNN,50,Kalman,0.23274925229444465,0.4824409314045033,0.4792947838506657,-4.1336207863217265,76.17329270030521
"('USPPIYY', 'INDPRO')",2,Standard,ANN,50,Kalman,0.11848339112335897,0.34421416461755167,0.31088845059001,-1.613322249195817,43.04373679425713
"('USPPIYY', 'INDPRO')",2,Standard,RANDOM_FOREST,N/A,Kalman,0.11925513795056994,0.3453333721935515,0.31136446967614917,-1.630344239663636,45.9015971994867
"('USPPIYY', 'INDPRO')",2,Standard,XGBOOST,N/A,Kalman,0.12725833365793113,0.3567328603562211,0.3160417620647399,-1.8068662754394338,42.975695502080534
"('USPPIYY', 'UNRATE')",2,MinMax,LSTM,50,Kalman,0.020800973100719985,0.14422542459885493,0.14162214858999464,-6.418022954432049,58.335559772363844
"('USPPIYY', 'UNRATE')",2,MinMax,GRU,50,Kalman,0.02172305917247002,0.14738744577632798,0.14497260682373775,-6.746856399535012,58.995899458607205
"('USPPIYY', 'UNRATE')",2,MinMax,CNN,50,Kalman,0.01967149040375265,0.14025509047358192,0.1287417560160194,-6.015227924979916,55.51515915282297
"('USPPIYY', 'UNRATE')",2,MinMax,RNN,50,Kalman,0.023573665473292992,0.15353717944945125,0.15032938760567696,-7.406817832716532,60.7009836079605
"('USPPIYY', 'UNRATE')",2,MinMax,ANN,50,Kalman,0.008163420499103137,0.09035164912221103,0.08225446113604143,-1.9112311407648597,35.790960155929916
"('USPPIYY', 'UNRATE')",2,MinMax,RANDOM_FOREST,N/A,Kalman,0.032918667366943107,0.18143502243762946,0.1666084146467422,-10.739423390189613,72.11012465931516
"('USPPIYY', 'UNRATE')",2,MinMax,XGBOOST,N/A,Kalman,0.02201201529587732,0.14836446776731052,0.1299369431175124,-6.849903653424536,57.548657522992706
"('USPPIYY', 'UNRATE')",2,Standard,LSTM,50,Kalman,0.4647242246715126,0.6817068465781406,0.6666652343005215,-9.250163711214931,108.3730854127742
"('USPPIYY', 'UNRATE')",2,Standard,GRU,50,Kalman,0.4264504068597136,0.6530317043296701,0.6369212170794375,-8.405979402334847,102.3574186958772
"('USPPIYY', 'UNRATE')",2,Standard,CNN,50,Kalman,0.43687204612377273,0.6609629687991398,0.5975070331576591,-8.63584370233199,82.20574205413793
"('USPPIYY', 'UNRATE')",2,Standard,RNN,50,Kalman,0.49369036785483217,0.7026310325162362,0.6859543439676301,-9.88905381839922,104.20363444702136
"('USPPIYY', 'UNRATE')",2,Standard,ANN,50,Kalman,0.42604354520356774,0.6527201124552298,0.6193918550408039,-8.397005481110364,92.23774111962736
"('USPPIYY', 'UNRATE')",2,Standard,RANDOM_FOREST,N/A,Kalman,0.5372741356252744,0.7329898605200992,0.6815994964619833,-10.850356739748719,95.99637050304838
"('USPPIYY', 'UNRATE')",2,Standard,XGBOOST,N/A,Kalman,0.3565084984203479,0.5970833261952203,0.5229742875919496,-6.8633096345063,67.92180731717447
"('USPPIYY', 'USOIL')",2,MinMax,LSTM,50,Kalman,0.06922310799900493,0.26310284680900914,0.2618534278375105,-23.686277974945966,107.12272226866769
"('USPPIYY', 'USOIL')",2,MinMax,GRU,50,Kalman,0.15946020040918182,0.39932468044084357,0.3988490257058628,-55.86654279230343,161.98765448671563
"('USPPIYY', 'USOIL')",2,MinMax,CNN,50,Kalman,0.002245035177482707,0.047381802176391596,0.029439869337358298,0.1993777214443052,9.94799187061508
"('USPPIYY', 'USOIL')",2,MinMax,RNN,50,Kalman,0.0019479578042296685,0.044135674960621915,0.035594251223646456,0.30532116761688555,12.834469830876749
"('USPPIYY', 'USOIL')",2,MinMax,ANN,50,Kalman,0.11407207214785964,0.33774557309883374,0.3356102450623739,-39.68027229087481,137.74728925127548
"('USPPIYY', 'USOIL')",2,MinMax,RANDOM_FOREST,N/A,Kalman,0.007657041353340158,0.08750452190224318,0.07819588598208492,-1.73064669845406,32.96849269942587
"('USPPIYY', 'USOIL')",2,MinMax,XGBOOST,N/A,Kalman,0.007367551105514372,0.08583444008971208,0.07610483045931782,-1.6274089656298405,32.97425693328959
"('USPPIYY', 'USOIL')",2,Standard,LSTM,50,Kalman,0.7194483442275172,0.8482030088531385,0.8395956546265401,-14.868471920755063,131.23043725483873
"('USPPIYY', 'USOIL')",2,Standard,GRU,50,Kalman,0.8900454840883067,0.9434222194162626,0.9406071550812746,-18.63123813651269,158.08401134290312
"('USPPIYY', 'USOIL')",2,Standard,CNN,50,Kalman,0.43716552211082926,0.661184937903783,0.5872819760843637,-8.642316738926468,101.3127424758914
"('USPPIYY', 'USOIL')",2,Standard,RNN,50,Kalman,0.014341205066878802,0.11975477053912634,0.10163342270585758,0.683684017428791,15.467479601847556
"('USPPIYY', 'USOIL')",2,Standard,ANN,50,Kalman,0.0734705183592983,0.271054456446114,0.23897666545875348,-0.6204983539709878,45.595507904645
"('USPPIYY', 'USOIL')",2,Standard,RANDOM_FOREST,N/A,Kalman,0.1273662918420898,0.35688414344446545,0.3191682744110522,-1.8092474490534718,47.4546867812006
"('USPPIYY', 'USOIL')",2,Standard,XGBOOST,N/A,Kalman,0.12150266722999276,0.3485723271144638,0.30900383228650896,-1.679916742745688,42.943961050928095
"('INDPRO', 'UNRATE')",2,MinMax,LSTM,50,Kalman,0.006507942436895948,0.08067181934787357,0.07712539121291112,-1.3208561517415554,32.34408855415726
"('INDPRO', 'UNRATE')",2,MinMax,GRU,50,Kalman,0.07136400248663866,0.2671404171716415,0.25724020997023733,-24.44976170118252,102.81957826042513
"('INDPRO', 'UNRATE')",2,MinMax,CNN,50,Kalman,0.022294080585096604,0.14931202424820517,0.13721788305576121,-6.950493504675522,59.80085913532537
"('INDPRO', 'UNRATE')",2,MinMax,RNN,50,Kalman,0.011272145288194809,0.10617035974411507,0.10139827607863698,-3.0198615751600544,42.46729826212391
"('INDPRO', 'UNRATE')",2,MinMax,ANN,50,Kalman,0.04539020818048456,0.21304977864453312,0.18672779168765938,-15.187012240193198,76.50422913716575
"('INDPRO', 'UNRATE')",2,MinMax,RANDOM_FOREST,N/A,Kalman,0.02749447678705572,0.16581458556790388,0.1460783010651789,-8.80505377988393,63.992575150049824
"('INDPRO', 'UNRATE')",2,MinMax,XGBOOST,N/A,Kalman,0.020744360577168407,0.1440290268562848,0.11788881222323773,-6.397833850913647,52.83589287725672
"('INDPRO', 'UNRATE')",2,Standard,LSTM,50,Kalman,0.05181957281468939,0.22763912847902354,0.20204488347134736,-0.14295549187528445,35.153237992775004
"('INDPRO', 'UNRATE')",2,Standard,GRU,50,Kalman,0.5099502887397852,0.7141080371622947,0.6880684932823851,-10.247689848444734,128.0255057777581
"('INDPRO', 'UNRATE')",2,Standard,CNN,50,Kalman,0.1757533878274782,0.41922951688481835,0.39528398056307695,-2.8764947088903763,61.59029947680914
"('INDPRO', 'UNRATE')",2,Standard,RNN,50,Kalman,1.2560296769277879,1.1207272981987133,1.0152318918447423,-26.703547891772786,146.15893060243613
"('INDPRO', 'UNRATE')",2,Standard,ANN,50,Kalman,1.2190596066006711,1.104110323564032,1.0759231342797768,-25.888119615926108,166.3346135598814
"('INDPRO', 'UNRATE')",2,Standard,RANDOM_FOREST,N/A,Kalman,0.3705233452044835,0.6087062881262879,0.5337957145876909,-7.172427313978519,68.57529114390665
"('INDPRO', 'UNRATE')",2,Standard,XGBOOST,N/A,Kalman,0.3346779071618311,0.5785135323930038,0.4726576788273124,-6.381804426830537,59.107502399123234
"('INDPRO', 'USOIL')",2,MinMax,LSTM,50,Kalman,0.025493269849280985,0.15966611991678442,0.14712132909701017,-8.091385292880897,63.37743585962243
"('INDPRO', 'USOIL')",2,MinMax,GRU,50,Kalman,0.6269438346081488,0.7917978495854537,0.7899884572855558,-222.58010530295448,323.0708738480584
"('INDPRO', 'USOIL')",2,MinMax,CNN,50,Kalman,1.2703052704486204,1.1270782006802458,1.1239981425119447,-452.01503971454656,459.40402528463807
"('INDPRO', 'USOIL')",2,MinMax,RNN,50,Kalman,0.04078966303003828,0.20196450933279905,0.19159352833242368,-13.546370268124578,81.11235138075801
"('INDPRO', 'USOIL')",2,MinMax,ANN,50,Kalman,0.28869093240226135,0.5372996672270153,0.5350805037074832,-101.95268172921396,219.8211368201023
"('INDPRO', 'USOIL')",2,MinMax,RANDOM_FOREST,N/A,Kalman,0.005122757381636743,0.07157344047645567,0.06416559475295944,-0.8268727940257883,27.841175321843366
"('INDPRO', 'USOIL')",2,MinMax,XGBOOST,N/A,Kalman,0.005258777849999865,0.0725174313527435,0.06506700043451526,-0.8753802821949501,28.263634453520385
"('INDPRO', 'USOIL')",2,Standard,LSTM,50,Kalman,0.04666148170298512,0.2160126887545848,0.1749919000007722,-0.029186345518209755,37.64294808213956
"('INDPRO', 'USOIL')",2,Standard,GRU,50,Kalman,0.0973504907815378,0.3120104017200994,0.2955843506711885,-1.1472056219647522,48.37815015505406
"('INDPRO', 'USOIL')",2,Standard,CNN,50,Kalman,0.05090064601229534,0.22561171514860512,0.18011307047358424,-0.1226872345667267,37.45944510666811
"('INDPRO', 'USOIL')",2,Standard,RNN,50,Kalman,1.111357206853303,1.0542092803866332,1.0323326711639431,-23.51258769636334,155.41867415073716
"('INDPRO', 'USOIL')",2,Standard,ANN,50,Kalman,0.910633580982368,0.9542712303021442,0.8967464663008652,-19.08533833715458,126.44894882195561
"('INDPRO', 'USOIL')",2,Standard,RANDOM_FOREST,N/A,Kalman,0.08267577860087534,0.28753396077833193,0.25775957376512465,-0.8235336585049771,37.98786726083742
"('INDPRO', 'USOIL')",2,Standard,XGBOOST,N/A,Kalman,0.08585509711158379,0.293010404442545,0.26300505222083925,-0.8936581183346592,38.419759501262625
"('UNRATE', 'USOIL')",2,MinMax,LSTM,50,Kalman,0.15096920394714272,0.38854755686677883,0.37207633109399124,-52.838491827744114,155.4255810104608
"('UNRATE', 'USOIL')",2,MinMax,GRU,50,Kalman,0.14929554127743935,0.38638781201978845,0.3685140445978288,-52.2416318615435,153.7018160989383
"('UNRATE', 'USOIL')",2,MinMax,CNN,50,Kalman,0.09082116112303197,0.30136549424748676,0.284262332496292,-31.388554838114928,120.52412435377326
"('UNRATE', 'USOIL')",2,MinMax,RNN,50,Kalman,0.26456853299148925,0.5143622585216466,0.5027251299318463,-93.35017492923681,207.6293208802471
"('UNRATE', 'USOIL')",2,MinMax,ANN,50,Kalman,0.08410789769310255,0.29001361639258,0.2587364979922379,-28.994477311970634,109.11486518864837
"('UNRATE', 'USOIL')",2,MinMax,RANDOM_FOREST,N/A,Kalman,0.05447003833219109,0.23338817093458505,0.20022606731200213,-18.425052506942638,85.49306885104826
"('UNRATE', 'USOIL')",2,MinMax,XGBOOST,N/A,Kalman,0.058788723901442165,0.2424638610214771,0.21228209796974767,-19.96517798715731,92.57877105214837
"('UNRATE', 'USOIL')",2,Standard,LSTM,50,Kalman,0.7549999055949255,0.8689073055251207,0.7760909201087483,-15.652612933552103,111.30735672425673
"('UNRATE', 'USOIL')",2,Standard,GRU,50,Kalman,0.9822465693209692,0.9910835329683211,0.9001913055095633,-20.66486618474816,125.57506565186955
"('UNRATE', 'USOIL')",2,Standard,CNN,50,Kalman,0.5596019071707008,0.7480654431068854,0.6460103271580161,-11.34282797644613,99.50201240348159
"('UNRATE', 'USOIL')",2,Standard,RNN,50,Kalman,0.526956091948902,0.7259174140003132,0.6730350696704352,-10.622777390002017,105.49392844313559
"('UNRATE', 'USOIL')",2,Standard,ANN,50,Kalman,0.9687015835224951,0.9842263883489891,0.9411326494516825,-20.366111967666882,137.39913032475386
"('UNRATE', 'USOIL')",2,Standard,RANDOM_FOREST,N/A,Kalman,0.8937671853931614,0.9453926091276371,0.8164995398767028,-18.713325631921315,109.77812065567531
"('UNRATE', 'USOIL')",2,Standard,XGBOOST,N/A,Kalman,0.9253763706799968,0.9619648489835774,0.8434409289329049,-19.41051184853657,109.69488717955377
"('USM2', 'USPPIYY', 'INDPRO')",3,MinMax,LSTM,50,Kalman,0.035689888169609746,0.18891767564103087,0.18830954599106972,-11.72769347863414,76.85131763441312
"('USM2', 'USPPIYY', 'INDPRO')",3,MinMax,GRU,50,Kalman,0.043352299554423414,0.20821215035252724,0.20788513318799975,-14.460255232530251,84.46584742568295
"('USM2', 'USPPIYY', 'INDPRO')",3,MinMax,CNN,50,Kalman,0.004480075730328248,0.06693336783942855,0.0636660230646048,-0.5976802837180037,25.309884727644892
"('USM2', 'USPPIYY', 'INDPRO')",3,MinMax,RNN,50,Kalman,0.0060098869214086975,0.07752346045816516,0.06317955197179832,-1.143240074427459,22.536409536791275
"('USM2', 'USPPIYY', 'INDPRO')",3,MinMax,ANN,50,Kalman,0.03680568100896619,0.1918480675142864,0.18453599224107023,-12.125606444275661,78.25938769299147
"('USM2', 'USPPIYY', 'INDPRO')",3,MinMax,RANDOM_FOREST,N/A,Kalman,0.007153188137596422,0.08457652237823698,0.07636878087470828,-1.550963050869223,32.42609478713694
"('USM2', 'USPPIYY', 'INDPRO')",3,MinMax,XGBOOST,N/A,Kalman,0.007795274624184443,0.08829085243774942,0.07828847581888551,-1.7799433141087206,34.16612910169723
"('USM2', 'USPPIYY', 'INDPRO')",3,Standard,LSTM,50,Kalman,0.22469839647280243,0.47402362438258544,0.46776199481735664,-3.9560475379171454,72.80051345352338
"('USM2', 'USPPIYY', 'INDPRO')",3,Standard,GRU,50,Kalman,0.7470000816757291,0.8642916647033738,0.8633748128678823,-15.47616526743223,143.96501011773898
"('USM2', 'USPPIYY', 'INDPRO')",3,Standard,CNN,50,Kalman,0.5579415403963883,0.7469548449514123,0.5170577713710518,-11.306206190118136,116.10621599216455
"('USM2', 'USPPIYY', 'INDPRO')",3,Standard,RNN,50,Kalman,0.6096977920303951,0.7808314747949106,0.7641336492736872,-12.447765041934804,127.01944307252708
"('USM2', 'USPPIYY', 'INDPRO')",3,Standard,ANN,50,Kalman,0.9144276691107722,0.9562571145412578,0.7528535252300863,-19.16902242846359,149.4705601350134
"('USM2', 'USPPIYY', 'INDPRO')",3,Standard,RANDOM_FOREST,N/A,Kalman,0.11955240825802652,0.34576351493184837,0.312046357257687,-1.6369009654725106,46.05200645193271
"('USM2', 'USPPIYY', 'INDPRO')",3,Standard,XGBOOST,N/A,Kalman,0.12526245633216632,0.35392436527055654,0.31357784280311846,-1.7628443195126655,42.551297902942295
"('USM2', 'USPPIYY', 'UNRATE')",3,MinMax,LSTM,50,Kalman,0.025599029181372034,0.15999696616302458,0.15673795637939766,-8.12910108383443,64.55486304297808
"('USM2', 'USPPIYY', 'UNRATE')",3,MinMax,GRU,50,Kalman,0.006089282559089433,0.07803385521098796,0.06627533422545782,-1.1715540701211067,24.520717506239944
"('USM2', 'USPPIYY', 'UNRATE')",3,MinMax,CNN,50,Kalman,0.022132513019681624,0.1487700004022371,0.13596375770549113,-6.892875435408438,57.90168726190604
"('USM2', 'USPPIYY', 'UNRATE')",3,MinMax,RNN,50,Kalman,0.027716386768746732,0.16648239176785853,0.15751133167953446,-8.884191103413498,65.70453243638123
"('USM2', 'USPPIYY', 'UNRATE')",3,MinMax,ANN,50,Kalman,0.019761504246535104,0.1405756175392273,0.1342429258280543,-6.04732857473047,56.70353094202202
"('USM2', 'USPPIYY', 'UNRATE')",3,MinMax,RANDOM_FOREST,N/A,Kalman,0.023963786278341514,0.15480241044099252,0.13784632242247674,-7.545942337749967,60.20473763972557
"('USM2', 'USPPIYY', 'UNRATE')",3,MinMax,XGBOOST,N/A,Kalman,0.016728359637874,0.12933816002199042,0.1125922252503859,-4.9656514713462485,49.96693676249541
"('USM2', 'USPPIYY', 'UNRATE')",3,Standard,LSTM,50,Kalman,0.28416355166608187,0.5330699313092813,0.4902879512499686,-5.2676373873052595,69.18019006882055
"('USM2', 'USPPIYY', 'UNRATE')",3,Standard,GRU,50,Kalman,0.054207664655481526,0.23282539521169404,0.20246528046204312,-0.19562830518265706,33.75083932034034
"('USM2', 'USPPIYY', 'UNRATE')",3,Standard,CNN,50,Kalman,0.5287390496366066,0.7271444489484923,0.6982167051987642,-10.662103095912997,100.53087043794702
"('USM2', 'USPPIYY', 'UNRATE')",3,Standard,RNN,50,Kalman,0.22511456770388377,0.47446239861962064,0.4416916899660957,-3.9652267952573395,64.95875514622087
"('USM2', 'USPPIYY', 'UNRATE')",3,Standard,ANN,50,Kalman,1.6002042771208855,1.264991809112172,1.220989582694752,-34.29481559406403,185.84676944325207
"('USM2', 'USPPIYY', 'UNRATE')",3,Standard,RANDOM_FOREST,N/A,Kalman,0.3862474721996087,0.6214881110685937,0.5608849894512817,-7.519245636242422,76.78422351768548
"('USM2', 'USPPIYY', 'UNRATE')",3,Standard,XGBOOST,N/A,Kalman,0.2711822025414917,0.5207515746894019,0.45325848472037855,-4.981314990805402,58.558487742213096
"('USM2', 'USPPIYY', 'USOIL')",3,MinMax,LSTM,50,Kalman,0.03173357936968554,0.17813921345308995,0.17724002246808698,-10.316798452206578,72.06431581887166
"('USM2', 'USPPIYY', 'USOIL')",3,MinMax,GRU,50,Kalman,0.05438112263099273,0.23319760425654618,0.23287964565415972,-18.393343475384107,94.75877534393162
"('USM2', 'USPPIYY', 'USOIL')",3,MinMax,CNN,50,Kalman,0.0455737074698362,0.2134799931371467,0.20170493659023028,-15.25245157968666,81.28150334557813
"('USM2', 'USPPIYY', 'USOIL')",3,MinMax,RNN,50,Kalman,0.15529248956881536,0.39407168074960086,0.3921430891579906,-54.380257774214364,160.929697121856
"('USM2', 'USPPIYY', 'USOIL')",3,MinMax,ANN,50,Kalman,0.0778968140205849,0.27910000720276756,0.25486921391664663,-26.779486646315707,110.68605592410967
"('USM2', 'USPPIYY', 'USOIL')",3,MinMax,RANDOM_FOREST,N/A,Kalman,0.007165973505134291,0.08465207324770192,0.07618842689332539,-1.5555225563028166,32.165219571527196
"('USM2', 'USPPIYY', 'USOIL')",3,MinMax,XGBOOST,N/A,Kalman,0.007264132873183846,0.08522988251302384,0.07587253088444026,-1.5905280554137664,32.84427473635366
"('USM2', 'USPPIYY', 'USOIL')",3,Standard,LSTM,50,Kalman,0.2692825647195291,0.5189244306443175,0.5125745192600183,-4.939415736078804,80.17176030418693
"('USM2', 'USPPIYY', 'USOIL')",3,Standard,GRU,50,Kalman,0.4564646515443959,0.6756216778230224,0.6730338051483106,-9.067986901306774,112.76634055563883
"('USM2', 'USPPIYY', 'USOIL')",3,Standard,CNN,50,Kalman,0.2653270775964474,0.5150990949287791,0.5004202361289987,-4.852171756925687,74.30749445619243
"('USM2', 'USPPIYY', 'USOIL')",3,Standard,RNN,50,Kalman,0.012428634696399703,0.11148378669743732,0.10212023315808973,0.7258685181840224,14.788541115996583
"('USM2', 'USPPIYY', 'USOIL')",3,Standard,ANN,50,Kalman,0.8431652827755713,0.9182403186397182,0.7624209739548863,-17.597227614229475,150.30420198880253
"('USM2', 'USPPIYY', 'USOIL')",3,Standard,RANDOM_FOREST,N/A,Kalman,0.11896996917330788,0.34492023595797894,0.31058248587423926,-1.6240544305745375,46.12795239241074
"('USM2', 'USPPIYY', 'USOIL')",3,Standard,XGBOOST,N/A,Kalman,0.11937240782446841,0.34550312274199263,0.3062397880954248,-1.6329307960384463,42.66490215520991
"('USM2', 'INDPRO', 'UNRATE')",3,MinMax,LSTM,50,Kalman,0.01249762628757944,0.11179278280631286,0.08011487589377603,-3.456891426582768,27.86275937922736
"('USM2', 'INDPRO', 'UNRATE')",3,MinMax,GRU,50,Kalman,0.7223102983071283,0.8498884034431393,0.6746812390737942,-256.5896015595289,259.037940506174
"('USM2', 'INDPRO', 'UNRATE')",3,MinMax,CNN,50,Kalman,0.013966611252840764,0.11818041822925135,0.08930149474570541,-3.980759427337352,32.560149097684125
"('USM2', 'INDPRO', 'UNRATE')",3,MinMax,RNN,50,Kalman,0.020852547985217556,0.1444041134636322,0.12120815292183836,-6.436415539972286,43.964039152496696
"('USM2', 'INDPRO', 'UNRATE')",3,MinMax,ANN,50,Kalman,0.014945188169547617,0.12225051398479933,0.1158627605265896,-4.329738583055674,49.55131506446034
"('USM2', 'INDPRO', 'UNRATE')",3,MinMax,RANDOM_FOREST,N/A,Kalman,0.026694773021616675,0.16338535130670886,0.14302496236962342,-8.519864194759798,62.93458069319108
"('USM2', 'INDPRO', 'UNRATE')",3,MinMax,XGBOOST,N/A,Kalman,0.020744360577168407,0.1440290268562848,0.11788881222323773,-6.397833850913647,52.83589287725672
"('USM2', 'INDPRO', 'UNRATE')",3,Standard,LSTM,50,Kalman,0.07577675920920515,0.27527578754624454,0.2416230442435438,-0.6713658255036932,48.48430446819582
"('USM2', 'INDPRO', 'UNRATE')",3,Standard,GRU,50,Kalman,2.1694876798109166,1.4729180831977442,1.2026693634567156,-46.85118293164994,246.41430304909147
"('USM2', 'INDPRO', 'UNRATE')",3,Standard,CNN,50,Kalman,0.9422704851579129,0.9707061785926331,0.6614405113150361,-19.783135933878903,156.9452339142698
"('USM2', 'INDPRO', 'UNRATE')",3,Standard,RNN,50,Kalman,0.7956298122076525,0.8919808362334095,0.8051096020220072,-16.548764182491624,124.722478906823
"('USM2', 'INDPRO', 'UNRATE')",3,Standard,ANN,50,Kalman,0.041505381437933996,0.20372869566640336,0.17580326580932684,0.08453888984168567,29.56970006094175
"('USM2', 'INDPRO', 'UNRATE')",3,Standard,RANDOM_FOREST,N/A,Kalman,0.3539655645239629,0.5949500521253552,0.5198751905518562,-6.80722155611278,66.42451679636838
"('USM2', 'INDPRO', 'UNRATE')",3,Standard,XGBOOST,N/A,Kalman,0.3346779071618311,0.5785135323930038,0.4726576788273124,-6.381804426830537,59.107502399123234
"('USM2', 'INDPRO', 'USOIL')",3,MinMax,LSTM,50,Kalman,0.10288853224306073,0.3207624233651141,0.27546652197941324,-35.692009082038034,101.78433209967498
"('USM2', 'INDPRO', 'USOIL')",3,MinMax,GRU,50,Kalman,1.1938685422450288,1.092642916164759,0.8757177619289873,-424.75624746331766,340.9279768196985
"('USM2', 'INDPRO', 'USOIL')",3,MinMax,CNN,50,Kalman,0.12990761704284787,0.36042699266681993,0.31638530064833975,-45.32752903017111,134.11928323544794
"('USM2', 'INDPRO', 'USOIL')",3,MinMax,RNN,50,Kalman,0.18896499942728992,0.43470104603887244,0.3239669687854325,-66.38851574628289,120.76528068911183
"('USM2', 'INDPRO', 'USOIL')",3,MinMax,ANN,50,Kalman,0.20756964181437354,0.4555981143665693,0.44406276532009176,-73.02328536105676,182.1036644807993
"('USM2', 'INDPRO', 'USOIL')",3,MinMax,RANDOM_FOREST,N/A,Kalman,0.005120493894287331,0.07155762638801913,0.06415251275728817,-0.8260655913514852,27.834737868663574
"('USM2', 'INDPRO', 'USOIL')",3,MinMax,XGBOOST,N/A,Kalman,0.005258777849999865,0.0725174313527435,0.06506700043451526,-0.8753802821949501,28.263634453520385
"('USM2', 'INDPRO', 'USOIL')",3,Standard,LSTM,50,Kalman,0.05886043234252225,0.24261169044900177,0.2137048493019242,-0.2982518138584289,38.87186110002771
"('USM2', 'INDPRO', 'USOIL')",3,Standard,GRU,50,Kalman,2.203350769590789,1.4843688118492617,1.0815292975282538,-47.59808226588759,234.36761599416064
"('USM2', 'INDPRO', 'USOIL')",3,Standard,CNN,50,Kalman,0.27696844678158866,0.5262779178168021,0.314903997496073,-5.108938961292395,82.51339390383254
"('USM2', 'INDPRO', 'USOIL')",3,Standard,RNN,50,Kalman,2.6770676125334503,1.6361746888805762,1.6221257127137676,-58.046591155981226,252.99721595695098
"('USM2', 'INDPRO', 'USOIL')",3,Standard,ANN,50,Kalman,0.12220888827751426,0.34958387874373476,0.3131750101467,-1.695493467540953,49.22435210597231
"('USM2', 'INDPRO', 'USOIL')",3,Standard,RANDOM_FOREST,N/A,Kalman,0.082699386788974,0.2875750107171588,0.25780226451932325,-0.8240543711773314,37.99172180223925
"('USM2', 'INDPRO', 'USOIL')",3,Standard,XGBOOST,N/A,Kalman,0.08585509711158379,0.293010404442545,0.26300505222083925,-0.8936581183346592,38.419759501262625
"('USM2', 'UNRATE', 'USOIL')",3,MinMax,LSTM,50,Kalman,0.0685044254438527,0.26173350080540453,0.2375876543026236,-23.4299820956496,99.09058891116052
"('USM2', 'UNRATE', 'USOIL')",3,MinMax,GRU,50,Kalman,0.07021946597989888,0.264989558246922,0.2377602285200278,-24.041598196616132,94.71345967054343
"('USM2', 'UNRATE', 'USOIL')",3,MinMax,CNN,50,Kalman,0.03302616466193125,0.18173102283851056,0.1627900274341108,-10.77775897179439,69.08992573709735
"('USM2', 'UNRATE', 'USOIL')",3,MinMax,RNN,50,Kalman,0.06374649875995365,0.2524806898753916,0.2213605473372167,-21.733214872992782,82.72633401797773
"('USM2', 'UNRATE', 'USOIL')",3,MinMax,ANN,50,Kalman,0.13928458276925562,0.37320849771844106,0.360176448015429,-48.67153349883742,150.16354492769497
"('USM2', 'UNRATE', 'USOIL')",3,MinMax,RANDOM_FOREST,N/A,Kalman,0.025383543705620782,0.15932213815292834,0.14014867705707124,-8.052254861413509,61.57565671598103
"('USM2', 'UNRATE', 'USOIL')",3,MinMax,XGBOOST,N/A,Kalman,0.02240495052548512,0.14968283310214675,0.12079967514234691,-6.9900318358284075,54.38281152350781
"('USM2', 'UNRATE', 'USOIL')",3,Standard,LSTM,50,Kalman,0.2513018365600408,0.5013001461799516,0.46446982118345936,-4.542824817213142,75.56491338064954
"('USM2', 'UNRATE', 'USOIL')",3,Standard,GRU,50,Kalman,0.7634758460215085,0.8737710489719309,0.7896123253651721,-15.83956203662585,126.4638806912989
"('USM2', 'UNRATE', 'USOIL')",3,Standard,CNN,50,Kalman,0.4677522451859062,0.6839241516322597,0.6088341318796822,-9.316951075302503,118.83595942046816
"('USM2', 'UNRATE', 'USOIL')",3,Standard,RNN,50,Kalman,0.6218706922680701,0.788587783488985,0.6938833295225268,-12.716255931052222,105.40584154882673
"('USM2', 'UNRATE', 'USOIL')",3,Standard,ANN,50,Kalman,3.213445083571434,1.792608457966054,1.7785084168170828,-69.8771706637161,303.9176803543938
"('USM2', 'UNRATE', 'USOIL')",3,Standard,RANDOM_FOREST,N/A,Kalman,0.2955711635402795,0.5436645689579922,0.4744516203521024,-5.519248736696775,60.6007647845345
"('USM2', 'UNRATE', 'USOIL')",3,Standard,XGBOOST,N/A,Kalman,0.35888335609417527,0.5990687407085895,0.4829602496617751,-6.915690549154708,59.67646849486577
"('USPPIYY', 'INDPRO', 'UNRATE')",3,MinMax,LSTM,50,Kalman,0.02762512892563173,0.16620808923043345,0.1615528091132675,-8.851646819464802,66.6797239708917
"('USPPIYY', 'INDPRO', 'UNRATE')",3,MinMax,GRU,50,Kalman,0.02850771202264908,0.16884226965617669,0.16078308278531983,-9.166392751838602,66.48949294856918
"('USPPIYY', 'INDPRO', 'UNRATE')",3,MinMax,CNN,50,Kalman,0.009074089194607516,0.09525801380780263,0.08376159909099186,-2.2359929321687604,36.49999759891625
"('USPPIYY', 'INDPRO', 'UNRATE')",3,MinMax,RNN,50,Kalman,0.05152052898917474,0.22698134061894765,0.2210798852899624,-17.37320133128539,92.913705902374
"('USPPIYY', 'INDPRO', 'UNRATE')",3,MinMax,ANN,50,Kalman,0.032419523938484684,0.18005422499481838,0.179190782009431,-10.561419342401566,73.02198391813845
"('USPPIYY', 'INDPRO', 'UNRATE')",3,MinMax,RANDOM_FOREST,N/A,Kalman,0.02456095166138554,0.15671934041906105,0.1400539585868631,-7.7589028803920534,61.028311119210265
"('USPPIYY', 'INDPRO', 'UNRATE')",3,MinMax,XGBOOST,N/A,Kalman,0.01651966510154167,0.12852884929673053,0.11230398292895283,-4.891227027187712,49.75348159300529
"('USPPIYY', 'INDPRO', 'UNRATE')",3,Standard,LSTM,50,Kalman,0.34593230596333235,0.5881601023219208,0.5735034628238499,-6.630036440705497,91.16646078088222
"('USPPIYY', 'INDPRO', 'UNRATE')",3,Standard,GRU,50,Kalman,0.87135659854694,0.9334648351957024,0.8965433216020334,-18.219027784201973,140.42268519581975
"('USPPIYY', 'INDPRO', 'UNRATE')",3,Standard,CNN,50,Kalman,0.35406747883660944,0.5950356954306266,0.5318549139294856,-6.809469423414901,69.52567136620054
"('USPPIYY', 'INDPRO', 'UNRATE')",3,Standard,RNN,50,Kalman,0.5181853418938299,0.7198509164360561,0.7093998690484011,-10.429325834946578,108.79366740291712
"('USPPIYY', 'INDPRO', 'UNRATE')",3,Standard,ANN,50,Kalman,1.2123849971651246,1.1010835559416572,1.0498218236713464,-25.740901468494407,158.8987258212324
"('USPPIYY', 'INDPRO', 'UNRATE')",3,Standard,RANDOM_FOREST,N/A,Kalman,0.3840170199413065,0.6196910681471103,0.5598877354286347,-7.470049791515786,76.79008400782217
"('USPPIYY', 'INDPRO', 'UNRATE')",3,Standard,XGBOOST,N/A,Kalman,0.2687652277016559,0.518425720524798,0.45397877129563324,-4.928005121254882,59.42004049537876
"('USPPIYY', 'INDPRO', 'USOIL')",3,MinMax,LSTM,50,Kalman,0.024871213860569785,0.15770609963019752,0.15578945397412794,-7.869548286464985,64.06813388902933
"('USPPIYY', 'INDPRO', 'USOIL')",3,MinMax,GRU,50,Kalman,0.09999778398901907,0.3162242621764166,0.3158101418683691,-34.66111322922703,128.12788883346485
"('USPPIYY', 'INDPRO', 'USOIL')",3,MinMax,CNN,50,Kalman,0.014432915195543189,0.12013706836585945,0.11362364035893471,-4.147052289404898,48.64095689805904
"('USPPIYY', 'INDPRO', 'USOIL')",3,MinMax,RNN,50,Kalman,0.003862100352118274,0.06214579915101482,0.05846577224811653,-0.3772985006812888,22.323575589722527
"('USPPIYY', 'INDPRO', 'USOIL')",3,MinMax,ANN,50,Kalman,0.07974996322855984,0.28240035982370815,0.2748144211951173,-27.44035492859188,115.41600345354361
"('USPPIYY', 'INDPRO', 'USOIL')",3,MinMax,RANDOM_FOREST,N/A,Kalman,0.00713485450102427,0.08446806793708656,0.07603492737916055,-1.5444249270866517,32.105025692484915
"('USPPIYY', 'INDPRO', 'USOIL')",3,MinMax,XGBOOST,N/A,Kalman,0.007190759913510617,0.0847983485305617,0.07537024153608284,-1.5643618613393269,32.57763655061403
"('USPPIYY', 'INDPRO', 'USOIL')",3,Standard,LSTM,50,Kalman,0.021668891653214874,0.1472035721482834,0.13806742752094484,0.5220613105696652,24.30199199881239
"('USPPIYY', 'INDPRO', 'USOIL')",3,Standard,GRU,50,Kalman,0.604702965545594,0.7776264948840118,0.7733580259715354,-12.337596932634044,131.39275177119177
"('USPPIYY', 'INDPRO', 'USOIL')",3,Standard,CNN,50,Kalman,0.08699089799092467,0.29494219432106467,0.1962115802292587,-0.9187098465177879,47.50685222706192
"('USPPIYY', 'INDPRO', 'USOIL')",3,Standard,RNN,50,Kalman,0.02504020691786434,0.158240977366371,0.12866318051382064,0.4477020851404313,26.834976563750722
"('USPPIYY', 'INDPRO', 'USOIL')",3,Standard,ANN,50,Kalman,0.10557577654476871,0.32492426278252706,0.24199515338810493,-1.328626174560728,51.779756232874576
"('USPPIYY', 'INDPRO', 'USOIL')",3,Standard,RANDOM_FOREST,N/A,Kalman,0.11886008182727073,0.3447609053057941,0.31016728511799013,-1.6216307065100821,46.225262697215975
"('USPPIYY', 'INDPRO', 'USOIL')",3,Standard,XGBOOST,N/A,Kalman,0.11546037370409175,0.33979460517214183,0.3030648691206619,-1.5466452355943718,42.77397605067565
"('USPPIYY', 'UNRATE', 'USOIL')",3,MinMax,LSTM,50,Kalman,0.022714624929215117,0.15071371845062784,0.1406468200672351,-7.100467622853662,59.26623772752503
"('USPPIYY', 'UNRATE', 'USOIL')",3,MinMax,GRU,50,Kalman,0.061906711046302805,0.2488105927132179,0.24439055083458827,-21.07711155392875,100.16753837019652
"('USPPIYY', 'UNRATE', 'USOIL')",3,MinMax,CNN,50,Kalman,0.061075325215030916,0.2471342250984896,0.23954507258985827,-20.780623541060205,101.00879571810577
"('USPPIYY', 'UNRATE', 'USOIL')",3,MinMax,RNN,50,Kalman,0.07072414996052978,0.26594012476595136,0.2655057102994372,-24.221578110773347,107.8336470039771
"('USPPIYY', 'UNRATE', 'USOIL')",3,MinMax,ANN,50,Kalman,0.0521671485068809,0.2284012883214123,0.22332041724195695,-17.603798159707907,93.59626148551904
"('USPPIYY', 'UNRATE', 'USOIL')",3,MinMax,RANDOM_FOREST,N/A,Kalman,0.027038022952467145,0.164432426706131,0.14647790325765672,-8.642273653866683,63.85186296186846
"('USPPIYY', 'UNRATE', 'USOIL')",3,MinMax,XGBOOST,N/A,Kalman,0.01744768280402586,0.13208967712893335,0.11499184703346198,-5.222175804719121,51.017863289335565
"('USPPIYY', 'UNRATE', 'USOIL')",3,Standard,LSTM,50,Kalman,0.4088940930805669,0.6394482724040834,0.6146386033297462,-8.018749555367192,92.91605053507263
"('USPPIYY', 'UNRATE', 'USOIL')",3,Standard,GRU,50,Kalman,0.7784134633586574,0.8822774299270368,0.8778429130729963,-16.169032752875868,142.42932022047324
"('USPPIYY', 'UNRATE', 'USOIL')",3,Standard,CNN,50,Kalman,0.6105147276055355,0.7813544186894545,0.7561627875417845,-12.465783735478539,111.56730688545677
"('USPPIYY', 'UNRATE', 'USOIL')",3,Standard,RNN,50,Kalman,0.2973618629593863,0.5453089610114493,0.5033445704371815,-5.5587451976708,76.61996613770408
"('USPPIYY', 'UNRATE', 'USOIL')",3,Standard,ANN,50,Kalman,1.1723455368439573,1.0827490645777336,0.9879617092063319,-24.857773364959982,131.58976022256277
"('USPPIYY', 'UNRATE', 'USOIL')",3,Standard,RANDOM_FOREST,N/A,Kalman,0.40720028311099465,0.6381224671730299,0.5771244878873074,-7.981390131084812,79.43353839120714
"('USPPIYY', 'UNRATE', 'USOIL')",3,Standard,XGBOOST,N/A,Kalman,0.28338039527869,0.5323348525868751,0.4635743020976506,-5.250363742515332,60.01350890422611
"('INDPRO', 'UNRATE', 'USOIL')",3,MinMax,LSTM,50,Kalman,0.008128877221009837,0.09016028627400113,0.08596260621120791,-1.8989123502651708,35.97257974092673
"('INDPRO', 'UNRATE', 'USOIL')",3,MinMax,GRU,50,Kalman,0.09806702438611747,0.31315654932655884,0.2913322589031782,-33.97256760280543,122.2953082360648
"('INDPRO', 'UNRATE', 'USOIL')",3,MinMax,CNN,50,Kalman,0.003657743554853205,0.06047928202990843,0.035717310302835495,-0.3044209768430397,11.63862445139523
"('INDPRO', 'UNRATE', 'USOIL')",3,MinMax,RNN,50,Kalman,0.021753365136728615,0.14749022047826973,0.13351606532237398,-6.757664083263937,55.46495557322423
"('INDPRO', 'UNRATE', 'USOIL')",3,MinMax,ANN,50,Kalman,0.007399384248732541,0.08601967361442696,0.08097368961545928,-1.6387612704456145,33.028462681388426
"('INDPRO', 'UNRATE', 'USOIL')",3,MinMax,RANDOM_FOREST,N/A,Kalman,0.024673783753230937,0.1570789093202233,0.13825490363337226,-7.799140952104034,60.738621260257105
"('INDPRO', 'UNRATE', 'USOIL')",3,MinMax,XGBOOST,N/A,Kalman,0.02237166735664039,0.14957161280350087,0.12090616206211083,-6.9781624242729485,54.406207106629864
"('INDPRO', 'UNRATE', 'USOIL')",3,Standard,LSTM,50,Kalman,0.47286310652605856,0.6876504246534416,0.6285462713650355,-9.429678500860986,89.47292687847602
"('INDPRO', 'UNRATE', 'USOIL')",3,Standard,GRU,50,Kalman,0.12964438575474918,0.3600616416042525,0.23529291022607407,-1.8594940992486193,58.61554009269698
"('INDPRO', 'UNRATE', 'USOIL')",3,Standard,CNN,50,Kalman,0.056235573491743726,0.23714040881246648,0.20708970605284338,-0.2403567623182834,39.54479541914967
"('INDPRO', 'UNRATE', 'USOIL')",3,Standard,RNN,50,Kalman,1.2789946324102723,1.1309264487181614,1.0435660423178197,-27.21007314012328,145.24360515560852
"('INDPRO', 'UNRATE', 'USOIL')",3,Standard,ANN,50,Kalman,0.46730499942878456,0.6835971031454015,0.5776670794200829,-9.30708642442728,118.51167869395131
"('INDPRO', 'UNRATE', 'USOIL')",3,Standard,RANDOM_FOREST,N/A,Kalman,0.2919144773133292,0.5402911042330136,0.47140928299470997,-5.438595242695511,60.22014620959817
"('INDPRO', 'UNRATE', 'USOIL')",3,Standard,XGBOOST,N/A,Kalman,0.3569648854288306,0.5974653842933753,0.48263333554220406,-6.873375908877786,59.908450647497034
"('USM2', 'USPPIYY', 'INDPRO', 'UNRATE')",4,MinMax,LSTM,50,Kalman,0.0062926248803674536,0.07932606684039903,0.07173285445539065,-1.2440698125118144,29.13921011070373
"('USM2', 'USPPIYY', 'INDPRO', 'UNRATE')",4,MinMax,GRU,50,Kalman,0.02326263321462798,0.15252092713666535,0.14556588024594028,-7.295897808774669,60.04536150860918
"('USM2', 'USPPIYY', 'INDPRO', 'UNRATE')",4,MinMax,CNN,50,Kalman,0.015846576045681637,0.1258831841259254,0.12085419967255415,-4.651190657611623,50.816862716672276
"('USM2', 'USPPIYY', 'INDPRO', 'UNRATE')",4,MinMax,RNN,50,Kalman,0.010597360944327219,0.10294348422472993,0.09174638064878363,-2.7792206336106466,37.55626145966764
"('USM2', 'USPPIYY', 'INDPRO', 'UNRATE')",4,MinMax,ANN,50,Kalman,0.007343202382451315,0.08569248731628296,0.07832769059836855,-1.6187257475073853,33.20063412054799
"('USM2', 'USPPIYY', 'INDPRO', 'UNRATE')",4,MinMax,RANDOM_FOREST,N/A,Kalman,0.022801553560036242,0.15100183296912736,0.13483896905009676,-7.131468027291767,58.81003247550104
"('USM2', 'USPPIYY', 'INDPRO', 'UNRATE')",4,MinMax,XGBOOST,N/A,Kalman,0.01651966510154167,0.12852884929673053,0.11230398292895283,-4.891227027187712,49.75348159300529
"('USM2', 'USPPIYY', 'INDPRO', 'UNRATE')",4,Standard,LSTM,50,Kalman,0.579095889592969,0.7609835015248155,0.7363137616079574,-11.772795902807266,108.82008881361503
"('USM2', 'USPPIYY', 'INDPRO', 'UNRATE')",4,Standard,GRU,50,Kalman,0.48113993663166893,0.6936425135699721,0.6203780203097402,-9.612235938344229,88.18500769641638
"('USM2', 'USPPIYY', 'INDPRO', 'UNRATE')",4,Standard,CNN,50,Kalman,0.11222104430582104,0.3349940959268104,0.3010504138395872,-1.4751971490000138,39.04456709279163
"('USM2', 'USPPIYY', 'INDPRO', 'UNRATE')",4,Standard,RNN,50,Kalman,0.10717367486890395,0.327373906823534,0.28699436978800885,-1.363870129032521,55.959766509685785
"('USM2', 'USPPIYY', 'INDPRO', 'UNRATE')",4,Standard,ANN,50,Kalman,0.10319639418989011,0.32124195583685844,0.2740189176944307,-1.2761454615393206,37.049247906044684
"('USM2', 'USPPIYY', 'INDPRO', 'UNRATE')",4,Standard,RANDOM_FOREST,N/A,Kalman,0.3841689316888166,0.6198136265756156,0.5591837437638183,-7.473400424426597,76.74215937161222
"('USM2', 'USPPIYY', 'INDPRO', 'UNRATE')",4,Standard,XGBOOST,N/A,Kalman,0.2687652277016559,0.518425720524798,0.45397877129563324,-4.928005121254882,59.42004049537876
"('USM2', 'USPPIYY', 'INDPRO', 'USOIL')",4,MinMax,LSTM,50,Kalman,0.06054882600235607,0.24606671047168502,0.24482173123762746,-20.592863899902976,100.1270384994438
"('USM2', 'USPPIYY', 'INDPRO', 'USOIL')",4,MinMax,GRU,50,Kalman,0.08059964985123662,0.28390077465769026,0.28336718349730977,-27.743369352031134,114.38225602899703
"('USM2', 'USPPIYY', 'INDPRO', 'USOIL')",4,MinMax,CNN,50,Kalman,0.005533472693977838,0.07438731541047733,0.06755600856075077,-0.9733416923763905,25.804440227981896
"('USM2', 'USPPIYY', 'INDPRO', 'USOIL')",4,MinMax,RNN,50,Kalman,0.024128214769401284,0.15533259403422478,0.1483515683610731,-7.604580667559727,61.03592422822845
"('USM2', 'USPPIYY', 'INDPRO', 'USOIL')",4,MinMax,ANN,50,Kalman,0.02112550464199653,0.14534615454836267,0.138525150449376,-6.533757079512154,58.55938231927684
"('USM2', 'USPPIYY', 'INDPRO', 'USOIL')",4,MinMax,RANDOM_FOREST,N/A,Kalman,0.007051251432584776,0.08397172996065269,0.07587594139695783,-1.5146104814959478,32.09172915457819
"('USM2', 'USPPIYY', 'INDPRO', 'USOIL')",4,MinMax,XGBOOST,N/A,Kalman,0.007190759913510617,0.0847983485305617,0.07537024153608284,-1.5643618613393269,32.57763655061403
"('USM2', 'USPPIYY', 'INDPRO', 'USOIL')",4,Standard,LSTM,50,Kalman,0.22747803539991893,0.4769465749954799,0.4550203612900737,-4.017356487501491,66.21658130606126
"('USM2', 'USPPIYY', 'INDPRO', 'USOIL')",4,Standard,GRU,50,Kalman,0.9406466505101317,0.9698693986873345,0.9685244215679655,-19.74731991634406,159.91687606211846
"('USM2', 'USPPIYY', 'INDPRO', 'USOIL')",4,Standard,CNN,50,Kalman,0.2742285361633389,0.5236683455808064,0.37902642694670696,-5.048506276917038,85.06789897575592
"('USM2', 'USPPIYY', 'INDPRO', 'USOIL')",4,Standard,RNN,50,Kalman,0.610163717367394,0.7811297698637494,0.7554001855357747,-12.458041697912485,115.96018073356171
"('USM2', 'USPPIYY', 'INDPRO', 'USOIL')",4,Standard,ANN,50,Kalman,0.7388883999885394,0.8595861795006592,0.7101933194758643,-15.297250416746902,137.00910640008695
"('USM2', 'USPPIYY', 'INDPRO', 'USOIL')",4,Standard,RANDOM_FOREST,N/A,Kalman,0.121221715901904,0.3481690909628596,0.3137501619191212,-1.6737199555869626,46.68563661638386
"('USM2', 'USPPIYY', 'INDPRO', 'USOIL')",4,Standard,XGBOOST,N/A,Kalman,0.1153841423033718,0.33968241388592935,0.3027902189722186,-1.5449638419939689,42.67721751731902
"('USM2', 'USPPIYY', 'UNRATE', 'USOIL')",4,MinMax,LSTM,50,Kalman,0.05556205248149835,0.2357160420537778,0.22449408122704173,-18.814485539085034,93.68704352623092
"('USM2', 'USPPIYY', 'UNRATE', 'USOIL')",4,MinMax,GRU,50,Kalman,0.04439376206709429,0.21069827257738563,0.21013422364206263,-14.831660588797247,84.60098388329958
"('USM2', 'USPPIYY', 'UNRATE', 'USOIL')",4,MinMax,CNN,50,Kalman,0.047146480165902026,0.21713240238596823,0.21013795799387802,-15.813332260846547,86.34435341076635
"('USM2', 'USPPIYY', 'UNRATE', 'USOIL')",4,MinMax,RNN,50,Kalman,0.054566356049098694,0.2335944264084627,0.2315015981476083,-18.45940123820052,93.92153710768991
"('USM2', 'USPPIYY', 'UNRATE', 'USOIL')",4,MinMax,ANN,50,Kalman,0.06275592048670814,0.25051131808105626,0.24463634407891144,-21.37995580508684,101.6996021602563
"('USM2', 'USPPIYY', 'UNRATE', 'USOIL')",4,MinMax,RANDOM_FOREST,N/A,Kalman,0.024159449807711352,0.1554331039634458,0.13910345113934416,-7.615719676780341,60.54152376611478
"('USM2', 'USPPIYY', 'UNRATE', 'USOIL')",4,MinMax,XGBOOST,N/A,Kalman,0.016962094282022593,0.13023860519071367,0.11344727381502612,-5.04900569459075,50.324112132703966
"('USM2', 'USPPIYY', 'UNRATE', 'USOIL')",4,Standard,LSTM,50,Kalman,0.27432285812631824,0.5237583967119938,0.49758519497784315,-5.05058668398595,72.28194826435713
"('USM2', 'USPPIYY', 'UNRATE', 'USOIL')",4,Standard,GRU,50,Kalman,0.8857072980125017,0.941120235683253,0.935069302757283,-18.53555317944348,151.3375345154365
"('USM2', 'USPPIYY', 'UNRATE', 'USOIL')",4,Standard,CNN,50,Kalman,0.5271009460676284,0.7260171802840676,0.6927909843581724,-10.625972356720693,99.00696985746961
"('USM2', 'USPPIYY', 'UNRATE', 'USOIL')",4,Standard,RNN,50,Kalman,0.2281216705055298,0.4776208438767406,0.47514370103274756,-4.031552788990745,79.01264197192707
"('USM2', 'USPPIYY', 'UNRATE', 'USOIL')",4,Standard,ANN,50,Kalman,0.13616156710101826,0.36900076842876395,0.3103225094333675,-2.0032399428877214,62.1288247613654
"('USM2', 'USPPIYY', 'UNRATE', 'USOIL')",4,Standard,RANDOM_FOREST,N/A,Kalman,0.4026127067078049,0.6345176961344773,0.5723135800520897,-7.880204510292954,78.59589612719884
"('USM2', 'USPPIYY', 'UNRATE', 'USOIL')",4,Standard,XGBOOST,N/A,Kalman,0.27319972954484784,0.5226851150978453,0.4556301184226132,-5.025814461627726,59.196486492178266
"('USM2', 'INDPRO', 'UNRATE', 'USOIL')",4,MinMax,LSTM,50,Kalman,0.037715882605379634,0.1942057738724048,0.1589523919136327,-12.450201659252498,56.948087944200374
"('USM2', 'INDPRO', 'UNRATE', 'USOIL')",4,MinMax,GRU,50,Kalman,1.8418034846675462,1.3571306070778693,1.1438249992233036,-655.8221813788073,450.83399291178637
"('USM2', 'INDPRO', 'UNRATE', 'USOIL')",4,MinMax,CNN,50,Kalman,0.012067389826118921,0.10985167193137718,0.09561349941151268,-3.303460914870925,36.97056077003526
"('USM2', 'INDPRO', 'UNRATE', 'USOIL')",4,MinMax,RNN,50,Kalman,0.06761447092974802,0.26002782722191103,0.18722876308736233,-23.11260737562747,68.42811307492428
"('USM2', 'INDPRO', 'UNRATE', 'USOIL')",4,MinMax,ANN,50,Kalman,0.006401599887085122,0.08000999866944833,0.06857486683901014,-1.2829323742475958,25.726102514404804
"('USM2', 'INDPRO', 'UNRATE', 'USOIL')",4,MinMax,RANDOM_FOREST,N/A,Kalman,0.022807251290727262,0.15102069821957276,0.1331429802136262,-7.133499946512542,58.37516927930982
"('USM2', 'INDPRO', 'UNRATE', 'USOIL')",4,MinMax,XGBOOST,N/A,Kalman,0.02237166735664039,0.14957161280350087,0.12090616206211083,-6.9781624242729485,54.406207106629864
"('USM2', 'INDPRO', 'UNRATE', 'USOIL')",4,Standard,LSTM,50,Kalman,0.14003007584005536,0.3742059270509426,0.3392200725967669,-2.0885654882074736,63.58784418823675
"('USM2', 'INDPRO', 'UNRATE', 'USOIL')",4,Standard,GRU,50,Kalman,1.3725764990395064,1.1715700999255259,0.8707022192501196,-29.27415631553501,192.4327229460282
"('USM2', 'INDPRO', 'UNRATE', 'USOIL')",4,Standard,CNN,50,Kalman,0.12091989815176593,0.3477353852453988,0.2598524694496378,-1.6670629293644699,58.86284622257515
"('USM2', 'INDPRO', 'UNRATE', 'USOIL')",4,Standard,RNN,50,Kalman,0.3986255905035503,0.6313680309483133,0.4889159718092346,-7.792262906090729,68.89855221630133
"('USM2', 'INDPRO', 'UNRATE', 'USOIL')",4,Standard,ANN,50,Kalman,10.068469124705349,3.173085111481466,3.024638396147047,-221.0746226915359,541.4218742262309
"('USM2', 'INDPRO', 'UNRATE', 'USOIL')",4,Standard,RANDOM_FOREST,N/A,Kalman,0.2676011153168142,0.5173017642699609,0.4519700476012913,-4.902328941943776,57.97971750698003
"('USM2', 'INDPRO', 'UNRATE', 'USOIL')",4,Standard,XGBOOST,N/A,Kalman,0.3569648854288306,0.5974653842933753,0.48263333554220406,-6.873375908877786,59.908450647497034
"('USPPIYY', 'INDPRO', 'UNRATE', 'USOIL')",4,MinMax,LSTM,50,Kalman,0.010577468350375575,0.10284681983598509,0.09201212180514931,-2.7721265559517807,38.47512158648512
"('USPPIYY', 'INDPRO', 'UNRATE', 'USOIL')",4,MinMax,GRU,50,Kalman,0.045281686149290006,0.21279493920037199,0.21254857179973916,-15.148311218151353,86.08353746171626
"('USPPIYY', 'INDPRO', 'UNRATE', 'USOIL')",4,MinMax,CNN,50,Kalman,0.00547713389026039,0.07400766102411553,0.06541135239601878,-0.9532502025610987,28.56215690213617
"('USPPIYY', 'INDPRO', 'UNRATE', 'USOIL')",4,MinMax,RNN,50,Kalman,0.03389731173492146,0.18411222592462856,0.16226661109876525,-11.08842660031529,67.33880336700871
"('USPPIYY', 'INDPRO', 'UNRATE', 'USOIL')",4,MinMax,ANN,50,Kalman,0.025624324816409298,0.16007599700270275,0.15429016236405452,-8.138121988791363,65.24659857953662
"('USPPIYY', 'INDPRO', 'UNRATE', 'USOIL')",4,MinMax,RANDOM_FOREST,N/A,Kalman,0.025884349967961108,0.1608861397633777,0.1438162408576844,-8.230851907415904,62.58070286206423
"('USPPIYY', 'INDPRO', 'UNRATE', 'USOIL')",4,MinMax,XGBOOST,N/A,Kalman,0.01677793035899001,0.1295296505013042,0.11298746838375702,-4.983329334075353,50.085119489128914
"('USPPIYY', 'INDPRO', 'UNRATE', 'USOIL')",4,Standard,LSTM,50,Kalman,0.488812408827957,0.6991512059833388,0.6489178331665363,-9.781463389608014,93.32472272194778
"('USPPIYY', 'INDPRO', 'UNRATE', 'USOIL')",4,Standard,GRU,50,Kalman,0.6311325302319574,0.794438499968347,0.7687416414826777,-12.920539138934691,121.27647098561376
"('USPPIYY', 'INDPRO', 'UNRATE', 'USOIL')",4,Standard,CNN,50,Kalman,0.13306319600496652,0.3647782833516361,0.3335094337288143,-1.9349008951544655,47.235052940287666
"('USPPIYY', 'INDPRO', 'UNRATE', 'USOIL')",4,Standard,RNN,50,Kalman,0.7664720435766946,0.8754838911006271,0.8696976530021683,-15.905647499404353,144.39049137662465
"('USPPIYY', 'INDPRO', 'UNRATE', 'USOIL')",4,Standard,ANN,50,Kalman,0.029474851804897267,0.17168241553781,0.13596867771514373,0.3498895897291583,23.574941670097655
"('USPPIYY', 'INDPRO', 'UNRATE', 'USOIL')",4,Standard,RANDOM_FOREST,N/A,Kalman,0.4075120779345323,0.6383667268385252,0.5760268568922507,-7.988267216065326,79.06280064778298
"('USPPIYY', 'INDPRO', 'UNRATE', 'USOIL')",4,Standard,XGBOOST,N/A,Kalman,0.2702040515625263,0.5198115538947997,0.4533250087898328,-4.95974045877887,58.95268442263071
"('USM2', 'USPPIYY', 'INDPRO', 'UNRATE', 'USOIL')",5,MinMax,LSTM,50,Kalman,0.07607340941270473,0.2758140848700529,0.26969943551485936,-26.129225854622067,111.19249655059716
"('USM2', 'USPPIYY', 'INDPRO', 'UNRATE', 'USOIL')",5,MinMax,GRU,50,Kalman,0.06156523244527572,0.24812342179906297,0.2465477176361826,-20.95533378475416,100.52786020983602
"('USM2', 'USPPIYY', 'INDPRO', 'UNRATE', 'USOIL')",5,MinMax,CNN,50,Kalman,0.015662947236619987,0.12515169689868366,0.11982365308468744,-4.585705128924159,49.98584406175038
"('USM2', 'USPPIYY', 'INDPRO', 'UNRATE', 'USOIL')",5,MinMax,RNN,50,Kalman,0.036016920490946555,0.18978124378069228,0.1640002190705011,-11.844319429486106,60.19501462432208
"('USM2', 'USPPIYY', 'INDPRO', 'UNRATE', 'USOIL')",5,MinMax,ANN,50,Kalman,0.04320113216214806,0.20784882044925843,0.20566531888424078,-14.406346062972151,85.00313441439322
"('USM2', 'USPPIYY', 'INDPRO', 'UNRATE', 'USOIL')",5,MinMax,RANDOM_FOREST,N/A,Kalman,0.023696313333033302,0.1539360689800584,0.13771258848443632,-7.450556394103071,59.999485656710824
"('USM2', 'USPPIYY', 'INDPRO', 'UNRATE', 'USOIL')",5,MinMax,XGBOOST,N/A,Kalman,0.01677793035899001,0.1295296505013042,0.11298746838375702,-4.983329334075353,50.085119489128914
"('USM2', 'USPPIYY', 'INDPRO', 'UNRATE', 'USOIL')",5,Standard,LSTM,50,Kalman,0.5467273380290908,0.7394101284328548,0.7043110090933006,-11.058860766632316,102.20816048949158
"('USM2', 'USPPIYY', 'INDPRO', 'UNRATE', 'USOIL')",5,Standard,GRU,50,Kalman,0.583762522040144,0.764043534126259,0.717552431934173,-11.875725218784762,107.21812798513606
"('USM2', 'USPPIYY', 'INDPRO', 'UNRATE', 'USOIL')",5,Standard,CNN,50,Kalman,0.025530122248664,0.15978148280906646,0.12474510062931816,0.4368962952144163,25.701429219006993
"('USM2', 'USPPIYY', 'INDPRO', 'UNRATE', 'USOIL')",5,Standard,RNN,50,Kalman,0.18671637771418412,0.4321069054229336,0.41771471370725116,-3.118299278433871,61.6690070328087
"('USM2', 'USPPIYY', 'INDPRO', 'UNRATE', 'USOIL')",5,Standard,ANN,50,Kalman,0.2324688508846542,0.4821502368397782,0.43882850979982885,-4.127436128405003,66.78811206212792
"('USM2', 'USPPIYY', 'INDPRO', 'UNRATE', 'USOIL')",5,Standard,RANDOM_FOREST,N/A,Kalman,0.39464686607814625,0.6282092534165238,0.56683671705565,-7.704506394686513,77.79638819987159
"('USM2', 'USPPIYY', 'INDPRO', 'UNRATE', 'USOIL')",5,Standard,XGBOOST,N/A,Kalman,0.2696473550434101,0.5192757986305641,0.45291120142912566,-4.9474617133305605,58.90552459139209
